"帳票種別 Product type","サイクル区分 Cycle","年月週 Year, Month, Week","報告年月日（自）Period covered - from","報告年月日（至）Period covered - to","投資部門コード Type of Investor","数量金額区分 Volume/Value","売 Sales","売-差引 Balance","買 Purchases","買-差引 Balance","合計 Total"
"301","1","2026082","20260810","20260814","11","1",19686,-1250,18436,0,38122
"301","1","2026082","20260810","20260814","11","2",1337443407063,-83199830693,1254243576370,0,2591686983433
"301","1","2026082","20260810","20260814","21","1",66,-50,16,0,82
"301","1","2026082","20260810","20260814","21","2",4465800000,-3366770000,1099030000,0,5564830000
"301","1","2026082","20260810","20260814","22","1",1001,0,1950,949,2951
"301","1","2026082","20260810","20260814","22","2",68316590000,0,133586410000,65269820000,201903000000
"301","1","2026082","20260810","20260814","23","1",3300,-340,2960,0,6260
"301","1","2026082","20260810","20260814","23","2",224548843300,-24328619630,200220223670,0,424769066970
"301","1","2026082","20260810","20260814","24","1",11,-4,7,0,18
"301","1","2026082","20260810","20260814","24","2",745850000,-274650000,471200000,0,1217050000
"301","1","2026082","20260810","20260814","31","1",894,0,2396,1502,3290
"301","1","2026082","20260810","20260814","31","2",60835440000,0,162598516220,101763076220,223433956220
"301","1","2026082","20260810","20260814","32","1",694,-206,488,0,1182
"301","1","2026082","20260810","20260814","32","2",47101690500,-13987079700,33114610800,0,80216301300
"301","1","2026082","20260810","20260814","33","1",118,-3,115,0,233
"301","1","2026082","20260810","20260814","33","2",8009782400,-191833300,7817949100,0,15827731500
"301","1","2026082","20260810","20260814","41","1",31,0,31,0,62
"301","1","2026082","20260810","20260814","41","2",2103430000,-2660000,2100770000,0,4204200000
"301","1","2026082","20260810","20260814","51","1",12500,0,12747,247,25247
"301","1","2026082","20260810","20260814","51","2",846263845200,0,862073818200,15809973000,1708337663400
"301","1","2026082","20260810","20260814","60","1",110775,-77,110698,0,221473
"301","1","2026082","20260810","20260814","60","2",7515434519090,-6451421697,7508983097393,0,15024417616483
"313","1","2026082","20260810","20260814","11","1",75499,-12690,62809,0,138308
"313","1","2026082","20260810","20260814","11","2",511924214300,-86117476450,425806737850,0,937730952150
"313","1","2026082","20260810","20260814","21","1",0,0,0,0,0
"313","1","2026082","20260810","20260814","21","2",0,0,0,0,0
"313","1","2026082","20260810","20260814","22","1",0,0,0,0,0
"313","1","2026082","20260810","20260814","22","2",0,0,0,0,0
"313","1","2026082","20260810","20260814","23","1",76,0,94,18,170
"313","1","2026082","20260810","20260814","23","2",517745500,0,630880850,113135350,1148626350
"313","1","2026082","20260810","20260814","24","1",0,0,0,0,0
"313","1","2026082","20260810","20260814","24","2",0,0,0,0,0
"313","1","2026082","20260810","20260814","31","1",215,-42,173,0,388
"313","1","2026082","20260810","20260814","31","2",1456377500,-295556500,1160821000,0,2617198500
"313","1","2026082","20260810","20260814","32","1",13458,-738,12720,0,26178
"313","1","2026082","20260810","20260814","32","2",91355021780,-5077461200,86277560580,0,177632582360
"313","1","2026082","20260810","20260814","33","1",1466,-37,1429,0,2895
"313","1","2026082","20260810","20260814","33","2",9864847820,-238757650,9626090170,0,19490937990
"313","1","2026082","20260810","20260814","41","1",16,0,30,14,46
"313","1","2026082","20260810","20260814","41","2",109802000,0,202440000,92638000,312242000
"313","1","2026082","20260810","20260814","51","1",467024,-7408,459616,0,926640
"313","1","2026082","20260810","20260814","51","2",3161656079090,-50253986970,3111402092120,0,6273058171210
"313","1","2026082","20260810","20260814","60","1",1648235,0,1656183,7948,3304418
"313","1","2026082","20260810","20260814","60","2",11166170444302,0,11221157762902,54987318600,22387328207204
"331","1","2026082","20260810","20260814","11","1",0,0,0,0,0
"331","1","2026082","20260810","20260814","11","2",0,0,0,0,0
"331","1","2026082","20260810","20260814","21","1",0,0,0,0,0
"331","1","2026082","20260810","20260814","21","2",0,0,0,0,0
"331","1","2026082","20260810","20260814","22","1",0,0,0,0,0
"331","1","2026082","20260810","20260814","22","2",0,0,0,0,0
"331","1","2026082","20260810","20260814","23","1",0,0,0,0,0
"331","1","2026082","20260810","20260814","23","2",0,0,0,0,0
"331","1","2026082","20260810","20260814","24","1",0,0,0,0,0
"331","1","2026082","20260810","20260814","24","2",0,0,0,0,0
"331","1","2026082","20260810","20260814","31","1",0,0,0,0,0
"331","1","2026082","20260810","20260814","31","2",0,0,0,0,0
"331","1","2026082","20260810","20260814","32","1",4791,-463,4328,0,9119
"331","1","2026082","20260810","20260814","32","2",3246627350,-314984950,2931642400,0,6178269750
"331","1","2026082","20260810","20260814","33","1",1369,-42,1327,0,2696
"331","1","2026082","20260810","20260814","33","2",930076700,-27341200,902735500,0,1832812200
"331","1","2026082","20260810","20260814","41","1",0,0,0,0,0
"331","1","2026082","20260810","20260814","41","2",0,0,0,0,0
"331","1","2026082","20260810","20260814","51","1",1035496,-13633,1021863,0,2057359
"331","1","2026082","20260810","20260814","51","2",700768100500,-9200202100,691567898400,0,1392335998900
"331","1","2026082","20260810","20260814","60","1",2113764,0,2128212,14448,4241976
"331","1","2026082","20260810","20260814","60","2",1430699713700,0,1440431070200,9731356500,2871130783900
"314","1","2026082","20260810","20260814","11","1",27341,-10083,17258,0,44599
"314","1","2026082","20260810","20260814","11","2",1135419734103,-418747564980,716672169123,0,1852091903226
"314","1","2026082","20260810","20260814","21","1",93,0,112,19,205
"314","1","2026082","20260810","20260814","21","2",3888472000,0,4680105000,791633000,8568577000
"314","1","2026082","20260810","20260814","22","1",23,0,86,63,109
"314","1","2026082","20260810","20260814","22","2",962995000,0,3575235000,2612240000,4538230000
"314","1","2026082","20260810","20260814","23","1",1443,0,3458,2015,4901
"314","1","2026082","20260810","20260814","23","2",59516172500,0,142869596500,83353424000,202385769000
"314","1","2026082","20260810","20260814","24","1",58,-58,0,0,58
"314","1","2026082","20260810","20260814","24","2",2431215000,-2431215000,0,0,2431215000
"314","1","2026082","20260810","20260814","31","1",3050,-2486,564,0,3614
"314","1","2026082","20260810","20260814","31","2",125784961500,-102297751500,23487210000,0,149272171500
"314","1","2026082","20260810","20260814","32","1",253,0,294,41,547
"314","1","2026082","20260810","20260814","32","2",10447456000,0,12208372000,1760916000,22655828000
"314","1","2026082","20260810","20260814","33","1",31,0,31,0,62
"314","1","2026082","20260810","20260814","33","2",1283975000,0,1285000000,1025000,2568975000
"314","1","2026082","20260810","20260814","41","1",0,0,1,1,1
"314","1","2026082","20260810","20260814","41","2",0,0,41155000,41155000,41155000
"314","1","2026082","20260810","20260814","51","1",1648,0,2321,673,3969
"314","1","2026082","20260810","20260814","51","2",68428794000,0,96080203000,27651409000,164508997000
"314","1","2026082","20260810","20260814","60","1",178958,0,188947,9989,367905
"314","1","2026082","20260810","20260814","60","2",7426588269200,0,7840982430680,414394161480,15267570699880
"316","1","2026082","20260810","20260814","11","1",1098,0,1317,219,2415
"316","1","2026082","20260810","20260814","11","2",4560793750,0,5477970250,917176500,10038764000
"316","1","2026082","20260810","20260814","21","1",0,0,0,0,0
"316","1","2026082","20260810","20260814","21","2",0,0,0,0,0
"316","1","2026082","20260810","20260814","22","1",0,0,0,0,0
"316","1","2026082","20260810","20260814","22","2",0,0,0,0,0
"316","1","2026082","20260810","20260814","23","1",150,0,207,57,357
"316","1","2026082","20260810","20260814","23","2",622361250,0,861688250,239327000,1484049500
"316","1","2026082","20260810","20260814","24","1",0,0,0,0,0
"316","1","2026082","20260810","20260814","24","2",0,0,0,0,0
"316","1","2026082","20260810","20260814","31","1",100,0,190,90,290
"316","1","2026082","20260810","20260814","31","2",413962750,0,788423500,374460750,1202386250
"316","1","2026082","20260810","20260814","32","1",122,-3,119,0,241
"316","1","2026082","20260810","20260814","32","2",505697500,-14284750,491412750,0,997110250
"316","1","2026082","20260810","20260814","33","1",57,-23,34,0,91
"316","1","2026082","20260810","20260814","33","2",236744450,-96008750,140735700,0,377480150
"316","1","2026082","20260810","20260814","41","1",0,0,0,0,0
"316","1","2026082","20260810","20260814","41","2",0,0,0,0,0
"316","1","2026082","20260810","20260814","51","1",10058,-758,9300,0,19358
"316","1","2026082","20260810","20260814","51","2",41666882300,-3159549000,38507333300,0,80174215600
"316","1","2026082","20260810","20260814","60","1",66930,0,67545,615,134475
"316","1","2026082","20260810","20260814","60","2",277705667200,0,280264119450,2558452250,557969786650
"335","1","2026082","20260810","20260814","11","1",0,0,0,0,0
"335","1","2026082","20260810","20260814","11","2",0,0,0,0,0
"335","1","2026082","20260810","20260814","21","1",0,0,0,0,0
"335","1","2026082","20260810","20260814","21","2",0,0,0,0,0
"335","1","2026082","20260810","20260814","22","1",0,0,0,0,0
"335","1","2026082","20260810","20260814","22","2",0,0,0,0,0
"335","1","2026082","20260810","20260814","23","1",0,0,0,0,0
"335","1","2026082","20260810","20260814","23","2",0,0,0,0,0
"335","1","2026082","20260810","20260814","24","1",0,0,0,0,0
"335","1","2026082","20260810","20260814","24","2",0,0,0,0,0
"335","1","2026082","20260810","20260814","31","1",0,0,0,0,0
"335","1","2026082","20260810","20260814","31","2",0,0,0,0,0
"335","1","2026082","20260810","20260814","32","1",0,0,0,0,0
"335","1","2026082","20260810","20260814","32","2",0,0,0,0,0
"335","1","2026082","20260810","20260814","33","1",0,0,0,0,0
"335","1","2026082","20260810","20260814","33","2",0,0,0,0,0
"335","1","2026082","20260810","20260814","41","1",0,0,0,0,0
"335","1","2026082","20260810","20260814","41","2",0,0,0,0,0
"335","1","2026082","20260810","20260814","51","1",0,0,0,0,0
"335","1","2026082","20260810","20260814","51","2",0,0,0,0,0
"335","1","2026082","20260810","20260814","60","1",0,0,0,0,0
"335","1","2026082","20260810","20260814","60","2",0,0,0,0,0
"323","1","2026082","20260810","20260814","11","1",1240,-176,1064,0,2304
"323","1","2026082","20260810","20260814","11","2",4669474552,-673131158,3996343394,0,8665817946
"323","1","2026082","20260810","20260814","21","1",0,0,0,0,0
"323","1","2026082","20260810","20260814","21","2",0,0,0,0,0
"323","1","2026082","20260810","20260814","22","1",0,0,0,0,0
"323","1","2026082","20260810","20260814","22","2",0,0,0,0,0
"323","1","2026082","20260810","20260814","23","1",166,-110,56,0,222
"323","1","2026082","20260810","20260814","23","2",620462842,-410352842,210110000,0,830572842
"323","1","2026082","20260810","20260814","24","1",0,0,0,0,0
"323","1","2026082","20260810","20260814","24","2",0,0,0,0,0
"323","1","2026082","20260810","20260814","31","1",217,-196,21,0,238
"323","1","2026082","20260810","20260814","31","2",822132000,-743483500,78648500,0,900780500
"323","1","2026082","20260810","20260814","32","1",0,0,0,0,0
"323","1","2026082","20260810","20260814","32","2",0,0,0,0,0
"323","1","2026082","20260810","20260814","33","1",0,0,0,0,0
"323","1","2026082","20260810","20260814","33","2",0,0,0,0,0
"323","1","2026082","20260810","20260814","41","1",0,0,0,0,0
"323","1","2026082","20260810","20260814","41","2",0,0,0,0,0
"323","1","2026082","20260810","20260814","51","1",678,0,695,17,1373
"323","1","2026082","20260810","20260814","51","2",2547973030,0,2606608920,58635890,5154581950
"323","1","2026082","20260810","20260814","60","1",8243,0,8374,131,16617
"323","1","2026082","20260810","20260814","60","2",30946271000,0,31436688500,490417500,62382959500
"449","1","2026082","20260810","20260814","11","1",470,-468,2,0,472
"449","1","2026082","20260810","20260814","11","2",3452120000,-3437580000,14540000,0,3466660000
"449","1","2026082","20260810","20260814","21","1",0,0,0,0,0
"449","1","2026082","20260810","20260814","21","2",0,0,0,0,0
"449","1","2026082","20260810","20260814","22","1",0,0,0,0,0
"449","1","2026082","20260810","20260814","22","2",0,0,0,0,0
"449","1","2026082","20260810","20260814","23","1",0,0,0,0,0
"449","1","2026082","20260810","20260814","23","2",0,0,0,0,0
"449","1","2026082","20260810","20260814","24","1",0,0,0,0,0
"449","1","2026082","20260810","20260814","24","2",0,0,0,0,0
"449","1","2026082","20260810","20260814","31","1",0,0,0,0,0
"449","1","2026082","20260810","20260814","31","2",0,0,0,0,0
"449","1","2026082","20260810","20260814","32","1",0,0,0,0,0
"449","1","2026082","20260810","20260814","32","2",0,0,0,0,0
"449","1","2026082","20260810","20260814","33","1",0,0,0,0,0
"449","1","2026082","20260810","20260814","33","2",0,0,0,0,0
"449","1","2026082","20260810","20260814","41","1",0,0,0,0,0
"449","1","2026082","20260810","20260814","41","2",0,0,0,0,0
"449","1","2026082","20260810","20260814","51","1",0,0,0,0,0
"449","1","2026082","20260810","20260814","51","2",0,0,0,0,0
"449","1","2026082","20260810","20260814","60","1",128,0,596,468,724
"449","1","2026082","20260810","20260814","60","2",955385000,0,4392965000,3437580000,5348350000
"329","1","2026082","20260810","20260814","11","1",1123,-664,459,0,1582
"329","1","2026082","20260810","20260814","11","2",2019266710,-1197229940,822036770,0,2841303480
"329","1","2026082","20260810","20260814","21","1",0,0,0,0,0
"329","1","2026082","20260810","20260814","21","2",0,0,0,0,0
"329","1","2026082","20260810","20260814","22","1",0,0,0,0,0
"329","1","2026082","20260810","20260814","22","2",0,0,0,0,0
"329","1","2026082","20260810","20260814","23","1",208,0,378,170,586
"329","1","2026082","20260810","20260814","23","2",373951420,0,679802210,305850790,1053753630
"329","1","2026082","20260810","20260814","24","1",0,0,0,0,0
"329","1","2026082","20260810","20260814","24","2",0,0,0,0,0
"329","1","2026082","20260810","20260814","31","1",283,0,697,414,980
"329","1","2026082","20260810","20260814","31","2",505621350,0,1253432000,747810650,1759053350
"329","1","2026082","20260810","20260814","32","1",0,0,0,0,0
"329","1","2026082","20260810","20260814","32","2",0,0,0,0,0
"329","1","2026082","20260810","20260814","33","1",0,0,0,0,0
"329","1","2026082","20260810","20260814","33","2",0,0,0,0,0
"329","1","2026082","20260810","20260814","41","1",0,0,0,0,0
"329","1","2026082","20260810","20260814","41","2",0,0,0,0,0
"329","1","2026082","20260810","20260814","51","1",52,0,129,77,181
"329","1","2026082","20260810","20260814","51","2",93757000,0,232127000,138370000,325884000
"329","1","2026082","20260810","20260814","60","1",163,0,175,12,338
"329","1","2026082","20260810","20260814","60","2",293222500,0,315039000,21816500,608261500
"312","1","2026082","20260810","20260814","11","1",0,0,0,0,0
"312","1","2026082","20260810","20260814","11","2",0,0,0,0,0
"312","1","2026082","20260810","20260814","21","1",0,0,0,0,0
"312","1","2026082","20260810","20260814","21","2",0,0,0,0,0
"312","1","2026082","20260810","20260814","22","1",0,0,0,0,0
"312","1","2026082","20260810","20260814","22","2",0,0,0,0,0
"312","1","2026082","20260810","20260814","23","1",0,0,0,0,0
"312","1","2026082","20260810","20260814","23","2",0,0,0,0,0
"312","1","2026082","20260810","20260814","24","1",0,0,0,0,0
"312","1","2026082","20260810","20260814","24","2",0,0,0,0,0
"312","1","2026082","20260810","20260814","31","1",0,0,0,0,0
"312","1","2026082","20260810","20260814","31","2",0,0,0,0,0
"312","1","2026082","20260810","20260814","32","1",0,0,0,0,0
"312","1","2026082","20260810","20260814","32","2",0,0,0,0,0
"312","1","2026082","20260810","20260814","33","1",0,0,0,0,0
"312","1","2026082","20260810","20260814","33","2",0,0,0,0,0
"312","1","2026082","20260810","20260814","41","1",0,0,0,0,0
"312","1","2026082","20260810","20260814","41","2",0,0,0,0,0
"312","1","2026082","20260810","20260814","51","1",0,0,0,0,0
"312","1","2026082","20260810","20260814","51","2",0,0,0,0,0
"312","1","2026082","20260810","20260814","60","1",0,0,0,0,0
"312","1","2026082","20260810","20260814","60","2",0,0,0,0,0
"324","1","2026082","20260810","20260814","11","1",129,-2,127,0,256
"324","1","2026082","20260810","20260814","11","2",95698010,-1241050,94456960,0,190154970
"324","1","2026082","20260810","20260814","21","1",0,0,0,0,0
"324","1","2026082","20260810","20260814","21","2",0,0,0,0,0
"324","1","2026082","20260810","20260814","22","1",0,0,0,0,0
"324","1","2026082","20260810","20260814","22","2",0,0,0,0,0
"324","1","2026082","20260810","20260814","23","1",72,-55,17,0,89
"324","1","2026082","20260810","20260814","23","2",53123960,-40454950,12669010,0,65792970
"324","1","2026082","20260810","20260814","24","1",0,0,0,0,0
"324","1","2026082","20260810","20260814","24","2",0,0,0,0,0
"324","1","2026082","20260810","20260814","31","1",80,-80,0,0,80
"324","1","2026082","20260810","20260814","31","2",58320000,-58320000,0,0,58320000
"324","1","2026082","20260810","20260814","32","1",283,-69,214,0,497
"324","1","2026082","20260810","20260814","32","2",207960000,-50545000,157415000,0,365375000
"324","1","2026082","20260810","20260814","33","1",34,0,90,56,124
"324","1","2026082","20260810","20260814","33","2",25192000,0,66729000,41537000,91921000
"324","1","2026082","20260810","20260814","41","1",0,0,0,0,0
"324","1","2026082","20260810","20260814","41","2",0,0,0,0,0
"324","1","2026082","20260810","20260814","51","1",3354,-222,3132,0,6486
"324","1","2026082","20260810","20260814","51","2",2463755700,-163079300,2300676400,0,4764432100
"324","1","2026082","20260810","20260814","60","1",4177,0,4424,247,8601
"324","1","2026082","20260810","20260814","60","2",3073363500,0,3252214500,178851000,6325578000
"309","1","2026082","20260810","20260814","11","1",0,0,0,0,0
"309","1","2026082","20260810","20260814","11","2",0,0,0,0,0
"309","1","2026082","20260810","20260814","21","1",0,0,0,0,0
"309","1","2026082","20260810","20260814","21","2",0,0,0,0,0
"309","1","2026082","20260810","20260814","22","1",0,0,0,0,0
"309","1","2026082","20260810","20260814","22","2",0,0,0,0,0
"309","1","2026082","20260810","20260814","23","1",0,0,0,0,0
"309","1","2026082","20260810","20260814","23","2",0,0,0,0,0
"309","1","2026082","20260810","20260814","24","1",0,0,0,0,0
"309","1","2026082","20260810","20260814","24","2",0,0,0,0,0
"309","1","2026082","20260810","20260814","31","1",0,0,0,0,0
"309","1","2026082","20260810","20260814","31","2",0,0,0,0,0
"309","1","2026082","20260810","20260814","32","1",0,0,9,9,9
"309","1","2026082","20260810","20260814","32","2",0,0,48970600,48970600,48970600
"309","1","2026082","20260810","20260814","33","1",0,0,0,0,0
"309","1","2026082","20260810","20260814","33","2",0,0,0,0,0
"309","1","2026082","20260810","20260814","41","1",0,0,0,0,0
"309","1","2026082","20260810","20260814","41","2",0,0,0,0,0
"309","1","2026082","20260810","20260814","51","1",320,0,385,65,705
"309","1","2026082","20260810","20260814","51","2",1730027410,0,2079720050,349692640,3809747460
"309","1","2026082","20260810","20260814","60","1",893,-90,803,0,1696
"309","1","2026082","20260810","20260814","60","2",4823847200,-484869900,4338977300,0,9162824500
"325","1","2026082","20260810","20260814","11","1",0,0,0,0,0
"325","1","2026082","20260810","20260814","11","2",0,0,0,0,0
"325","1","2026082","20260810","20260814","21","1",0,0,0,0,0
"325","1","2026082","20260810","20260814","21","2",0,0,0,0,0
"325","1","2026082","20260810","20260814","22","1",0,0,0,0,0
"325","1","2026082","20260810","20260814","22","2",0,0,0,0,0
"325","1","2026082","20260810","20260814","23","1",0,0,0,0,0
"325","1","2026082","20260810","20260814","23","2",0,0,0,0,0
"325","1","2026082","20260810","20260814","24","1",0,0,0,0,0
"325","1","2026082","20260810","20260814","24","2",0,0,0,0,0
"325","1","2026082","20260810","20260814","31","1",0,0,0,0,0
"325","1","2026082","20260810","20260814","31","2",0,0,0,0,0
"325","1","2026082","20260810","20260814","32","1",0,0,0,0,0
"325","1","2026082","20260810","20260814","32","2",0,0,0,0,0
"325","1","2026082","20260810","20260814","33","1",0,0,0,0,0
"325","1","2026082","20260810","20260814","33","2",0,0,0,0,0
"325","1","2026082","20260810","20260814","41","1",0,0,0,0,0
"325","1","2026082","20260810","20260814","41","2",0,0,0,0,0
"325","1","2026082","20260810","20260814","51","1",0,0,0,0,0
"325","1","2026082","20260810","20260814","51","2",0,0,0,0,0
"325","1","2026082","20260810","20260814","60","1",0,0,0,0,0
"325","1","2026082","20260810","20260814","60","2",0,0,0,0,0
"326","1","2026082","20260810","20260814","11","1",0,0,0,0,0
"326","1","2026082","20260810","20260814","11","2",0,0,0,0,0
"326","1","2026082","20260810","20260814","21","1",0,0,0,0,0
"326","1","2026082","20260810","20260814","21","2",0,0,0,0,0
"326","1","2026082","20260810","20260814","22","1",0,0,0,0,0
"326","1","2026082","20260810","20260814","22","2",0,0,0,0,0
"326","1","2026082","20260810","20260814","23","1",0,0,0,0,0
"326","1","2026082","20260810","20260814","23","2",0,0,0,0,0
"326","1","2026082","20260810","20260814","24","1",0,0,0,0,0
"326","1","2026082","20260810","20260814","24","2",0,0,0,0,0
"326","1","2026082","20260810","20260814","31","1",0,0,0,0,0
"326","1","2026082","20260810","20260814","31","2",0,0,0,0,0
"326","1","2026082","20260810","20260814","32","1",0,0,0,0,0
"326","1","2026082","20260810","20260814","32","2",0,0,0,0,0
"326","1","2026082","20260810","20260814","33","1",0,0,0,0,0
"326","1","2026082","20260810","20260814","33","2",0,0,0,0,0
"326","1","2026082","20260810","20260814","41","1",0,0,0,0,0
"326","1","2026082","20260810","20260814","41","2",0,0,0,0,0
"326","1","2026082","20260810","20260814","51","1",0,0,0,0,0
"326","1","2026082","20260810","20260814","51","2",0,0,0,0,0
"326","1","2026082","20260810","20260814","60","1",0,0,0,0,0
"326","1","2026082","20260810","20260814","60","2",0,0,0,0,0
"315","1","2026082","20260810","20260814","11","1",0,0,0,0,0
"315","1","2026082","20260810","20260814","11","2",0,0,0,0,0
"315","1","2026082","20260810","20260814","21","1",0,0,0,0,0
"315","1","2026082","20260810","20260814","21","2",0,0,0,0,0
"315","1","2026082","20260810","20260814","22","1",0,0,0,0,0
"315","1","2026082","20260810","20260814","22","2",0,0,0,0,0
"315","1","2026082","20260810","20260814","23","1",0,0,0,0,0
"315","1","2026082","20260810","20260814","23","2",0,0,0,0,0
"315","1","2026082","20260810","20260814","24","1",0,0,0,0,0
"315","1","2026082","20260810","20260814","24","2",0,0,0,0,0
"315","1","2026082","20260810","20260814","31","1",0,0,0,0,0
"315","1","2026082","20260810","20260814","31","2",0,0,0,0,0
"315","1","2026082","20260810","20260814","32","1",0,0,0,0,0
"315","1","2026082","20260810","20260814","32","2",0,0,0,0,0
"315","1","2026082","20260810","20260814","33","1",0,0,0,0,0
"315","1","2026082","20260810","20260814","33","2",0,0,0,0,0
"315","1","2026082","20260810","20260814","41","1",0,0,0,0,0
"315","1","2026082","20260810","20260814","41","2",0,0,0,0,0
"315","1","2026082","20260810","20260814","51","1",25,0,47,22,72
"315","1","2026082","20260810","20260814","51","2",8918500,0,15966500,7048000,24885000
"315","1","2026082","20260810","20260814","60","1",64,-53,11,0,75
"315","1","2026082","20260810","20260814","60","2",21724500,-18156500,3568000,0,25292500
"436","1","2026082","20260810","20260814","11","1",0,0,0,0,0
"436","1","2026082","20260810","20260814","11","2",0,0,0,0,0
"436","1","2026082","20260810","20260814","21","1",0,0,0,0,0
"436","1","2026082","20260810","20260814","21","2",0,0,0,0,0
"436","1","2026082","20260810","20260814","22","1",0,0,0,0,0
"436","1","2026082","20260810","20260814","22","2",0,0,0,0,0
"436","1","2026082","20260810","20260814","23","1",0,0,0,0,0
"436","1","2026082","20260810","20260814","23","2",0,0,0,0,0
"436","1","2026082","20260810","20260814","24","1",0,0,0,0,0
"436","1","2026082","20260810","20260814","24","2",0,0,0,0,0
"436","1","2026082","20260810","20260814","31","1",0,0,0,0,0
"436","1","2026082","20260810","20260814","31","2",0,0,0,0,0
"436","1","2026082","20260810","20260814","32","1",0,0,0,0,0
"436","1","2026082","20260810","20260814","32","2",0,0,0,0,0
"436","1","2026082","20260810","20260814","33","1",0,0,0,0,0
"436","1","2026082","20260810","20260814","33","2",0,0,0,0,0
"436","1","2026082","20260810","20260814","41","1",0,0,0,0,0
"436","1","2026082","20260810","20260814","41","2",0,0,0,0,0
"436","1","2026082","20260810","20260814","51","1",0,0,0,0,0
"436","1","2026082","20260810","20260814","51","2",0,0,0,0,0
"436","1","2026082","20260810","20260814","60","1",135,0,146,11,281
"436","1","2026082","20260810","20260814","60","2",213851800,0,231590700,17738900,445442500
"437","1","2026082","20260810","20260814","11","1",0,0,0,0,0
"437","1","2026082","20260810","20260814","11","2",0,0,0,0,0
"437","1","2026082","20260810","20260814","21","1",0,0,0,0,0
"437","1","2026082","20260810","20260814","21","2",0,0,0,0,0
"437","1","2026082","20260810","20260814","22","1",0,0,0,0,0
"437","1","2026082","20260810","20260814","22","2",0,0,0,0,0
"437","1","2026082","20260810","20260814","23","1",0,0,0,0,0
"437","1","2026082","20260810","20260814","23","2",0,0,0,0,0
"437","1","2026082","20260810","20260814","24","1",0,0,0,0,0
"437","1","2026082","20260810","20260814","24","2",0,0,0,0,0
"437","1","2026082","20260810","20260814","31","1",0,0,0,0,0
"437","1","2026082","20260810","20260814","31","2",0,0,0,0,0
"437","1","2026082","20260810","20260814","32","1",0,0,0,0,0
"437","1","2026082","20260810","20260814","32","2",0,0,0,0,0
"437","1","2026082","20260810","20260814","33","1",0,0,0,0,0
"437","1","2026082","20260810","20260814","33","2",0,0,0,0,0
"437","1","2026082","20260810","20260814","41","1",0,0,0,0,0
"437","1","2026082","20260810","20260814","41","2",0,0,0,0,0
"437","1","2026082","20260810","20260814","51","1",0,0,0,0,0
"437","1","2026082","20260810","20260814","51","2",0,0,0,0,0
"437","1","2026082","20260810","20260814","60","1",33,0,36,3,69
"437","1","2026082","20260810","20260814","60","2",77646400,0,84678200,7031800,162324600
"438","1","2026082","20260810","20260814","11","1",0,0,0,0,0
"438","1","2026082","20260810","20260814","11","2",0,0,0,0,0
"438","1","2026082","20260810","20260814","21","1",0,0,0,0,0
"438","1","2026082","20260810","20260814","21","2",0,0,0,0,0
"438","1","2026082","20260810","20260814","22","1",0,0,0,0,0
"438","1","2026082","20260810","20260814","22","2",0,0,0,0,0
"438","1","2026082","20260810","20260814","23","1",0,0,0,0,0
"438","1","2026082","20260810","20260814","23","2",0,0,0,0,0
"438","1","2026082","20260810","20260814","24","1",0,0,0,0,0
"438","1","2026082","20260810","20260814","24","2",0,0,0,0,0
"438","1","2026082","20260810","20260814","31","1",0,0,0,0,0
"438","1","2026082","20260810","20260814","31","2",0,0,0,0,0
"438","1","2026082","20260810","20260814","32","1",0,0,0,0,0
"438","1","2026082","20260810","20260814","32","2",0,0,0,0,0
"438","1","2026082","20260810","20260814","33","1",0,0,0,0,0
"438","1","2026082","20260810","20260814","33","2",0,0,0,0,0
"438","1","2026082","20260810","20260814","41","1",0,0,0,0,0
"438","1","2026082","20260810","20260814","41","2",0,0,0,0,0
"438","1","2026082","20260810","20260814","51","1",0,0,0,0,0
"438","1","2026082","20260810","20260814","51","2",0,0,0,0,0
"438","1","2026082","20260810","20260814","60","1",0,0,0,0,0
"438","1","2026082","20260810","20260814","60","2",0,0,0,0,0
"317","1","2026082","20260810","20260814","11","1",26287,0,32279,5992,58566
"317","1","2026082","20260810","20260814","11","2",3329808675000,0,4088763995000,758955320000,7418572670000
"317","1","2026082","20260810","20260814","21","1",318,-163,155,0,473
"317","1","2026082","20260810","20260814","21","2",40267340000,-20622310000,19645030000,0,59912370000
"317","1","2026082","20260810","20260814","22","1",277,0,321,44,598
"317","1","2026082","20260810","20260814","22","2",35080620000,0,40663040000,5582420000,75743660000
"317","1","2026082","20260810","20260814","23","1",629,0,1250,621,1879
"317","1","2026082","20260810","20260814","23","2",79628090000,0,158351120000,78723030000,237979210000
"317","1","2026082","20260810","20260814","24","1",220,-149,71,0,291
"317","1","2026082","20260810","20260814","24","2",27861380000,-18876190000,8985190000,0,36846570000
"317","1","2026082","20260810","20260814","31","1",576,0,677,101,1253
"317","1","2026082","20260810","20260814","31","2",72945840000,0,85691530000,12745690000,158637370000
"317","1","2026082","20260810","20260814","32","1",0,0,0,0,0
"317","1","2026082","20260810","20260814","32","2",0,0,0,0,0
"317","1","2026082","20260810","20260814","33","1",0,0,0,0,0
"317","1","2026082","20260810","20260814","33","2",0,0,0,0,0
"317","1","2026082","20260810","20260814","41","1",3,0,28,25,31
"317","1","2026082","20260810","20260814","41","2",380160000,0,3547370000,3167210000,3927530000
"317","1","2026082","20260810","20260814","51","1",3,0,5,2,8
"317","1","2026082","20260810","20260814","51","2",379730000,0,633280000,253550000,1013010000
"317","1","2026082","20260810","20260814","60","1",95764,-6735,89029,0,184793
"317","1","2026082","20260810","20260814","60","2",12133296865000,-853187480000,11280109385000,0,23413406250000
"330","1","2026082","20260810","20260814","11","1",0,0,0,0,0
"330","1","2026082","20260810","20260814","11","2",0,0,0,0,0
"330","1","2026082","20260810","20260814","21","1",0,0,0,0,0
"330","1","2026082","20260810","20260814","21","2",0,0,0,0,0
"330","1","2026082","20260810","20260814","22","1",0,0,0,0,0
"330","1","2026082","20260810","20260814","22","2",0,0,0,0,0
"330","1","2026082","20260810","20260814","23","1",0,0,0,0,0
"330","1","2026082","20260810","20260814","23","2",0,0,0,0,0
"330","1","2026082","20260810","20260814","24","1",0,0,0,0,0
"330","1","2026082","20260810","20260814","24","2",0,0,0,0,0
"330","1","2026082","20260810","20260814","31","1",0,0,0,0,0
"330","1","2026082","20260810","20260814","31","2",0,0,0,0,0
"330","1","2026082","20260810","20260814","32","1",0,0,0,0,0
"330","1","2026082","20260810","20260814","32","2",0,0,0,0,0
"330","1","2026082","20260810","20260814","33","1",0,0,0,0,0
"330","1","2026082","20260810","20260814","33","2",0,0,0,0,0
"330","1","2026082","20260810","20260814","41","1",0,0,0,0,0
"330","1","2026082","20260810","20260814","41","2",0,0,0,0,0
"330","1","2026082","20260810","20260814","51","1",1,0,5,4,6
"330","1","2026082","20260810","20260814","51","2",12670000,0,63207000,50537000,75877000
"330","1","2026082","20260810","20260814","60","1",4778,0,4795,17,9573
"330","1","2026082","20260810","20260814","60","2",60519060000,0,60734890000,215830000,121253950000
"318","1","2026082","20260810","20260814","11","1",162,-57,105,0,267
"318","1","2026082","20260810","20260814","11","2",1457880000,-514220000,943660000,0,2401540000
"318","1","2026082","20260810","20260814","21","1",0,0,0,0,0
"318","1","2026082","20260810","20260814","21","2",0,0,0,0,0
"318","1","2026082","20260810","20260814","22","1",0,0,0,0,0
"318","1","2026082","20260810","20260814","22","2",0,0,0,0,0
"318","1","2026082","20260810","20260814","23","1",0,0,0,0,0
"318","1","2026082","20260810","20260814","23","2",0,0,0,0,0
"318","1","2026082","20260810","20260814","24","1",0,0,0,0,0
"318","1","2026082","20260810","20260814","24","2",0,0,0,0,0
"318","1","2026082","20260810","20260814","31","1",0,0,0,0,0
"318","1","2026082","20260810","20260814","31","2",0,0,0,0,0
"318","1","2026082","20260810","20260814","32","1",0,0,0,0,0
"318","1","2026082","20260810","20260814","32","2",0,0,0,0,0
"318","1","2026082","20260810","20260814","33","1",0,0,0,0,0
"318","1","2026082","20260810","20260814","33","2",0,0,0,0,0
"318","1","2026082","20260810","20260814","41","1",0,0,0,0,0
"318","1","2026082","20260810","20260814","41","2",0,0,0,0,0
"318","1","2026082","20260810","20260814","51","1",0,0,0,0,0
"318","1","2026082","20260810","20260814","51","2",0,0,0,0,0
"318","1","2026082","20260810","20260814","60","1",0,0,57,57,57
"318","1","2026082","20260810","20260814","60","2",0,0,514220000,514220000,514220000
"334","1","2026082","20260810","20260814","11","1",2147,-1725,422,0,2569
"334","1","2026082","20260810","20260814","11","2",52904921875,-42484371250,10420550625,0,63325472500
"334","1","2026082","20260810","20260814","21","1",0,0,0,0,0
"334","1","2026082","20260810","20260814","21","2",0,0,0,0,0
"334","1","2026082","20260810","20260814","22","1",0,0,0,0,0
"334","1","2026082","20260810","20260814","22","2",0,0,0,0,0
"334","1","2026082","20260810","20260814","23","1",30,0,30,0,60
"334","1","2026082","20260810","20260814","23","2",741225000,0,742668750,1443750,1483893750
"334","1","2026082","20260810","20260814","24","1",0,0,0,0,0
"334","1","2026082","20260810","20260814","24","2",0,0,0,0,0
"334","1","2026082","20260810","20260814","31","1",0,0,0,0,0
"334","1","2026082","20260810","20260814","31","2",0,0,0,0,0
"334","1","2026082","20260810","20260814","32","1",0,0,0,0,0
"334","1","2026082","20260810","20260814","32","2",0,0,0,0,0
"334","1","2026082","20260810","20260814","33","1",0,0,0,0,0
"334","1","2026082","20260810","20260814","33","2",0,0,0,0,0
"334","1","2026082","20260810","20260814","41","1",0,0,0,0,0
"334","1","2026082","20260810","20260814","41","2",0,0,0,0,0
"334","1","2026082","20260810","20260814","51","1",0,0,0,0,0
"334","1","2026082","20260810","20260814","51","2",0,0,0,0,0
"334","1","2026082","20260810","20260814","60","1",5382,0,6595,1213,11977
"334","1","2026082","20260810","20260814","60","2",132763219375,0,162592417500,29829198125,295355636875
"400","1","2026082","20260810","20260814","11","1",324,0,660,336,984
"400","1","2026082","20260810","20260814","11","2",7400063000,0,15097501000,7697438000,22497564000
"400","1","2026082","20260810","20260814","21","1",0,0,0,0,0
"400","1","2026082","20260810","20260814","21","2",0,0,0,0,0
"400","1","2026082","20260810","20260814","22","1",0,0,0,0,0
"400","1","2026082","20260810","20260814","22","2",0,0,0,0,0
"400","1","2026082","20260810","20260814","23","1",0,0,0,0,0
"400","1","2026082","20260810","20260814","23","2",0,0,0,0,0
"400","1","2026082","20260810","20260814","24","1",447,0,505,58,952
"400","1","2026082","20260810","20260814","24","2",10218249000,0,11571987000,1353738000,21790236000
"400","1","2026082","20260810","20260814","31","1",0,0,13,13,13
"400","1","2026082","20260810","20260814","31","2",0,0,295308000,295308000,295308000
"400","1","2026082","20260810","20260814","32","1",4222,-705,3517,0,7739
"400","1","2026082","20260810","20260814","32","2",96243639000,-16616045000,79627594000,0,175871233000
"400","1","2026082","20260810","20260814","33","1",1647,0,1655,8,3302
"400","1","2026082","20260810","20260814","33","2",37551886000,0,37741104000,189218000,75292990000
"400","1","2026082","20260810","20260814","41","1",148,0,182,34,330
"400","1","2026082","20260810","20260814","41","2",3371541000,0,4170335000,798794000,7541876000
"400","1","2026082","20260810","20260814","51","1",12457,-186,12271,0,24728
"400","1","2026082","20260810","20260814","51","2",284632617000,-3705002000,280927615000,0,565560232000
"400","1","2026082","20260810","20260814","60","1",46232,0,46674,442,92906
"400","1","2026082","20260810","20260814","60","2",1057076754000,0,1067063305000,9986551000,2124140059000
"443","1","2026082","20260810","20260814","11","1",0,0,0,0,0
"443","1","2026082","20260810","20260814","11","2",0,0,0,0,0
"443","1","2026082","20260810","20260814","21","1",0,0,0,0,0
"443","1","2026082","20260810","20260814","21","2",0,0,0,0,0
"443","1","2026082","20260810","20260814","22","1",0,0,0,0,0
"443","1","2026082","20260810","20260814","22","2",0,0,0,0,0
"443","1","2026082","20260810","20260814","23","1",0,0,0,0,0
"443","1","2026082","20260810","20260814","23","2",0,0,0,0,0
"443","1","2026082","20260810","20260814","24","1",274,-156,118,0,392
"443","1","2026082","20260810","20260814","24","2",624154200,-354509300,269644900,0,893799100
"443","1","2026082","20260810","20260814","31","1",0,0,0,0,0
"443","1","2026082","20260810","20260814","31","2",0,0,0,0,0
"443","1","2026082","20260810","20260814","32","1",85,-80,5,0,90
"443","1","2026082","20260810","20260814","32","2",194160800,-182797600,11363200,0,205524000
"443","1","2026082","20260810","20260814","33","1",5,0,51,46,56
"443","1","2026082","20260810","20260814","33","2",11490400,0,116724700,105234300,128215100
"443","1","2026082","20260810","20260814","41","1",0,0,0,0,0
"443","1","2026082","20260810","20260814","41","2",0,0,0,0,0
"443","1","2026082","20260810","20260814","51","1",155,0,226,71,381
"443","1","2026082","20260810","20260814","51","2",351973500,0,514054300,162080800,866027800
"443","1","2026082","20260810","20260814","60","1",689,0,808,119,1497
"443","1","2026082","20260810","20260814","60","2",1568574900,0,1838566700,269991800,3407141600
"401","1","2026082","20260810","20260814","11","1",998,-581,417,0,1415
"401","1","2026082","20260810","20260814","11","2",2297464900,-1350681750,946783150,0,3244248050
"401","1","2026082","20260810","20260814","21","1",0,0,0,0,0
"401","1","2026082","20260810","20260814","21","2",0,0,0,0,0
"401","1","2026082","20260810","20260814","22","1",0,0,0,0,0
"401","1","2026082","20260810","20260814","22","2",0,0,0,0,0
"401","1","2026082","20260810","20260814","23","1",0,0,0,0,0
"401","1","2026082","20260810","20260814","23","2",0,0,0,0,0
"401","1","2026082","20260810","20260814","24","1",403,0,517,114,920
"401","1","2026082","20260810","20260814","24","2",922211750,0,1184607050,262395300,2106818800
"401","1","2026082","20260810","20260814","31","1",21,0,161,140,182
"401","1","2026082","20260810","20260814","31","2",47733000,0,372731450,324998450,420464450
"401","1","2026082","20260810","20260814","32","1",443,0,489,46,932
"401","1","2026082","20260810","20260814","32","2",1015585900,0,1122197650,106611750,2137783550
"401","1","2026082","20260810","20260814","33","1",1115,-149,966,0,2081
"401","1","2026082","20260810","20260814","33","2",2557809100,-340798900,2217010200,0,4774819300
"401","1","2026082","20260810","20260814","41","1",212,-10,202,0,414
"401","1","2026082","20260810","20260814","41","2",487261000,-23609750,463651250,0,950912250
"401","1","2026082","20260810","20260814","51","1",12359,0,12990,631,25349
"401","1","2026082","20260810","20260814","51","2",28328674650,0,29778003100,1449328450,58106677750
"401","1","2026082","20260810","20260814","60","1",41095,-191,40904,0,81999
"401","1","2026082","20260810","20260814","60","2",94038809100,-428243550,93610565550,0,187649374650
"402","1","2026082","20260810","20260814","11","1",0,0,0,0,0
"402","1","2026082","20260810","20260814","11","2",0,0,0,0,0
"402","1","2026082","20260810","20260814","21","1",0,0,0,0,0
"402","1","2026082","20260810","20260814","21","2",0,0,0,0,0
"402","1","2026082","20260810","20260814","22","1",0,0,0,0,0
"402","1","2026082","20260810","20260814","22","2",0,0,0,0,0
"402","1","2026082","20260810","20260814","23","1",0,0,0,0,0
"402","1","2026082","20260810","20260814","23","2",0,0,0,0,0
"402","1","2026082","20260810","20260814","24","1",34,-16,18,0,52
"402","1","2026082","20260810","20260814","24","2",76153800,-35685000,40468800,0,116622600
"402","1","2026082","20260810","20260814","31","1",0,0,0,0,0
"402","1","2026082","20260810","20260814","31","2",0,0,0,0,0
"402","1","2026082","20260810","20260814","32","1",27,0,31,4,58
"402","1","2026082","20260810","20260814","32","2",61244100,0,70019000,8774900,131263100
"402","1","2026082","20260810","20260814","33","1",36,0,54,18,90
"402","1","2026082","20260810","20260814","33","2",81322800,0,122447500,41124700,203770300
"402","1","2026082","20260810","20260814","41","1",21,-11,10,0,31
"402","1","2026082","20260810","20260814","41","2",47910000,-25340000,22570000,0,70480000
"402","1","2026082","20260810","20260814","51","1",239,-69,170,0,409
"402","1","2026082","20260810","20260814","51","2",537924200,-154242400,383681800,0,921606000
"402","1","2026082","20260810","20260814","60","1",278,0,352,74,630
"402","1","2026082","20260810","20260814","60","2",627742900,0,793110700,165367800,1420853600
"403","1","2026082","20260810","20260814","11","1",0,0,0,0,0
"403","1","2026082","20260810","20260814","11","2",0,0,0,0,0
"403","1","2026082","20260810","20260814","21","1",0,0,0,0,0
"403","1","2026082","20260810","20260814","21","2",0,0,0,0,0
"403","1","2026082","20260810","20260814","22","1",0,0,0,0,0
"403","1","2026082","20260810","20260814","22","2",0,0,0,0,0
"403","1","2026082","20260810","20260814","23","1",0,0,0,0,0
"403","1","2026082","20260810","20260814","23","2",0,0,0,0,0
"403","1","2026082","20260810","20260814","24","1",0,0,0,0,0
"403","1","2026082","20260810","20260814","24","2",0,0,0,0,0
"403","1","2026082","20260810","20260814","31","1",0,0,0,0,0
"403","1","2026082","20260810","20260814","31","2",0,0,0,0,0
"403","1","2026082","20260810","20260814","32","1",0,0,1,1,1
"403","1","2026082","20260810","20260814","32","2",0,0,10200000,10200000,10200000
"403","1","2026082","20260810","20260814","33","1",0,0,0,0,0
"403","1","2026082","20260810","20260814","33","2",0,0,0,0,0
"403","1","2026082","20260810","20260814","41","1",0,0,0,0,0
"403","1","2026082","20260810","20260814","41","2",0,0,0,0,0
"403","1","2026082","20260810","20260814","51","1",2,-1,1,0,3
"403","1","2026082","20260810","20260814","51","2",20520000,-10200000,10320000,0,30840000
"403","1","2026082","20260810","20260814","60","1",0,0,0,0,0
"403","1","2026082","20260810","20260814","60","2",0,0,0,0,0
"404","1","2026082","20260810","20260814","11","1",34,-11,23,0,57
"404","1","2026082","20260810","20260814","11","2",150441000,-48920000,101521000,0,251962000
"404","1","2026082","20260810","20260814","21","1",0,0,0,0,0
"404","1","2026082","20260810","20260814","21","2",0,0,0,0,0
"404","1","2026082","20260810","20260814","22","1",0,0,0,0,0
"404","1","2026082","20260810","20260814","22","2",0,0,0,0,0
"404","1","2026082","20260810","20260814","23","1",0,0,0,0,0
"404","1","2026082","20260810","20260814","23","2",0,0,0,0,0
"404","1","2026082","20260810","20260814","24","1",366,0,652,286,1018
"404","1","2026082","20260810","20260814","24","2",1617715000,0,2881648500,1263933500,4499363500
"404","1","2026082","20260810","20260814","31","1",0,0,0,0,0
"404","1","2026082","20260810","20260814","31","2",0,0,0,0,0
"404","1","2026082","20260810","20260814","32","1",1194,-695,499,0,1693
"404","1","2026082","20260810","20260814","32","2",5311522500,-3080704500,2230818000,0,7542340500
"404","1","2026082","20260810","20260814","33","1",683,-59,624,0,1307
"404","1","2026082","20260810","20260814","33","2",3026384000,-264233000,2762151000,0,5788535000
"404","1","2026082","20260810","20260814","41","1",69,0,82,13,151
"404","1","2026082","20260810","20260814","41","2",308036000,0,363296500,55260500,671332500
"404","1","2026082","20260810","20260814","51","1",2438,0,2824,386,5262
"404","1","2026082","20260810","20260814","51","2",10801481000,0,12505104000,1703623000,23306585000
"404","1","2026082","20260810","20260814","60","1",9271,0,9351,80,18622
"404","1","2026082","20260810","20260814","60","2",41038538000,0,41409578500,371040500,82448116500
"444","1","2026082","20260810","20260814","11","1",0,0,0,0,0
"444","1","2026082","20260810","20260814","11","2",0,0,0,0,0
"444","1","2026082","20260810","20260814","21","1",0,0,0,0,0
"444","1","2026082","20260810","20260814","21","2",0,0,0,0,0
"444","1","2026082","20260810","20260814","22","1",0,0,0,0,0
"444","1","2026082","20260810","20260814","22","2",0,0,0,0,0
"444","1","2026082","20260810","20260814","23","1",0,0,0,0,0
"444","1","2026082","20260810","20260814","23","2",0,0,0,0,0
"444","1","2026082","20260810","20260814","24","1",579,-85,494,0,1073
"444","1","2026082","20260810","20260814","24","2",521587600,-74409000,447178600,0,968766200
"444","1","2026082","20260810","20260814","31","1",0,0,0,0,0
"444","1","2026082","20260810","20260814","31","2",0,0,0,0,0
"444","1","2026082","20260810","20260814","32","1",0,0,0,0,0
"444","1","2026082","20260810","20260814","32","2",0,0,0,0,0
"444","1","2026082","20260810","20260814","33","1",113,-45,68,0,181
"444","1","2026082","20260810","20260814","33","2",102221100,-41131200,61089900,0,163311000
"444","1","2026082","20260810","20260814","41","1",0,0,0,0,0
"444","1","2026082","20260810","20260814","41","2",0,0,0,0,0
"444","1","2026082","20260810","20260814","51","1",17,0,85,68,102
"444","1","2026082","20260810","20260814","51","2",15297300,0,76876600,61579300,92173900
"444","1","2026082","20260810","20260814","60","1",536,0,598,62,1134
"444","1","2026082","20260810","20260814","60","2",484238800,0,538199700,53960900,1022438500
"405","1","2026082","20260810","20260814","11","1",88,0,144,56,232
"405","1","2026082","20260810","20260814","11","2",77835250,0,127390400,49555150,205225650
"405","1","2026082","20260810","20260814","21","1",0,0,0,0,0
"405","1","2026082","20260810","20260814","21","2",0,0,0,0,0
"405","1","2026082","20260810","20260814","22","1",0,0,0,0,0
"405","1","2026082","20260810","20260814","22","2",0,0,0,0,0
"405","1","2026082","20260810","20260814","23","1",0,0,0,0,0
"405","1","2026082","20260810","20260814","23","2",0,0,0,0,0
"405","1","2026082","20260810","20260814","24","1",849,-408,441,0,1290
"405","1","2026082","20260810","20260814","24","2",750852450,-359255800,391596650,0,1142449100
"405","1","2026082","20260810","20260814","31","1",0,0,0,0,0
"405","1","2026082","20260810","20260814","31","2",0,0,0,0,0
"405","1","2026082","20260810","20260814","32","1",45,0,48,3,93
"405","1","2026082","20260810","20260814","32","2",40059350,0,42764600,2705250,82823950
"405","1","2026082","20260810","20260814","33","1",81,0,110,29,191
"405","1","2026082","20260810","20260814","33","2",71620150,0,96991150,25371000,168611300
"405","1","2026082","20260810","20260814","41","1",19,0,19,0,38
"405","1","2026082","20260810","20260814","41","2",16883250,-114550,16768700,0,33651950
"405","1","2026082","20260810","20260814","51","1",1435,0,1648,213,3083
"405","1","2026082","20260810","20260814","51","2",1270663150,0,1459250900,188587750,2729914050
"405","1","2026082","20260810","20260814","60","1",1792,0,1899,107,3691
"405","1","2026082","20260810","20260814","60","2",1584974600,0,1678125800,93151200,3263100400
"406","1","2026082","20260810","20260814","11","1",0,0,0,0,0
"406","1","2026082","20260810","20260814","11","2",0,0,0,0,0
"406","1","2026082","20260810","20260814","21","1",0,0,0,0,0
"406","1","2026082","20260810","20260814","21","2",0,0,0,0,0
"406","1","2026082","20260810","20260814","22","1",0,0,0,0,0
"406","1","2026082","20260810","20260814","22","2",0,0,0,0,0
"406","1","2026082","20260810","20260814","23","1",0,0,0,0,0
"406","1","2026082","20260810","20260814","23","2",0,0,0,0,0
"406","1","2026082","20260810","20260814","24","1",1165,0,1316,151,2481
"406","1","2026082","20260810","20260814","24","2",1031708900,0,1175750300,144041400,2207459200
"406","1","2026082","20260810","20260814","31","1",0,0,0,0,0
"406","1","2026082","20260810","20260814","31","2",0,0,0,0,0
"406","1","2026082","20260810","20260814","32","1",2,0,4,2,6
"406","1","2026082","20260810","20260814","32","2",1801100,0,3556500,1755400,5357600
"406","1","2026082","20260810","20260814","33","1",201,-29,172,0,373
"406","1","2026082","20260810","20260814","33","2",178869300,-27314600,151554700,0,330424000
"406","1","2026082","20260810","20260814","41","1",1,0,1,0,2
"406","1","2026082","20260810","20260814","41","2",894400,-16700,877700,0,1772100
"406","1","2026082","20260810","20260814","51","1",547,-209,338,0,885
"406","1","2026082","20260810","20260814","51","2",488045700,-188330500,299715200,0,787760900
"406","1","2026082","20260810","20260814","60","1",1032,0,1117,85,2149
"406","1","2026082","20260810","20260814","60","2",921804800,0,991669800,69865000,1913474600
"407","1","2026082","20260810","20260814","11","1",0,0,0,0,0
"407","1","2026082","20260810","20260814","11","2",0,0,0,0,0
"407","1","2026082","20260810","20260814","21","1",0,0,0,0,0
"407","1","2026082","20260810","20260814","21","2",0,0,0,0,0
"407","1","2026082","20260810","20260814","22","1",0,0,0,0,0
"407","1","2026082","20260810","20260814","22","2",0,0,0,0,0
"407","1","2026082","20260810","20260814","23","1",0,0,0,0,0
"407","1","2026082","20260810","20260814","23","2",0,0,0,0,0
"407","1","2026082","20260810","20260814","24","1",0,0,0,0,0
"407","1","2026082","20260810","20260814","24","2",0,0,0,0,0
"407","1","2026082","20260810","20260814","31","1",0,0,0,0,0
"407","1","2026082","20260810","20260814","31","2",0,0,0,0,0
"407","1","2026082","20260810","20260814","32","1",0,0,0,0,0
"407","1","2026082","20260810","20260814","32","2",0,0,0,0,0
"407","1","2026082","20260810","20260814","33","1",0,0,0,0,0
"407","1","2026082","20260810","20260814","33","2",0,0,0,0,0
"407","1","2026082","20260810","20260814","41","1",0,0,0,0,0
"407","1","2026082","20260810","20260814","41","2",0,0,0,0,0
"407","1","2026082","20260810","20260814","51","1",0,0,0,0,0
"407","1","2026082","20260810","20260814","51","2",0,0,0,0,0
"407","1","2026082","20260810","20260814","60","1",0,0,0,0,0
"407","1","2026082","20260810","20260814","60","2",0,0,0,0,0
"415","1","2026082","20260810","20260814","11","1",0,0,0,0,0
"415","1","2026082","20260810","20260814","11","2",0,0,0,0,0
"415","1","2026082","20260810","20260814","21","1",0,0,0,0,0
"415","1","2026082","20260810","20260814","21","2",0,0,0,0,0
"415","1","2026082","20260810","20260814","22","1",0,0,0,0,0
"415","1","2026082","20260810","20260814","22","2",0,0,0,0,0
"415","1","2026082","20260810","20260814","23","1",0,0,0,0,0
"415","1","2026082","20260810","20260814","23","2",0,0,0,0,0
"415","1","2026082","20260810","20260814","24","1",0,0,0,0,0
"415","1","2026082","20260810","20260814","24","2",0,0,0,0,0
"415","1","2026082","20260810","20260814","31","1",0,0,0,0,0
"415","1","2026082","20260810","20260814","31","2",0,0,0,0,0
"415","1","2026082","20260810","20260814","32","1",0,0,0,0,0
"415","1","2026082","20260810","20260814","32","2",0,0,0,0,0
"415","1","2026082","20260810","20260814","33","1",0,0,0,0,0
"415","1","2026082","20260810","20260814","33","2",0,0,0,0,0
"415","1","2026082","20260810","20260814","41","1",0,0,0,0,0
"415","1","2026082","20260810","20260814","41","2",0,0,0,0,0
"415","1","2026082","20260810","20260814","51","1",0,0,0,0,0
"415","1","2026082","20260810","20260814","51","2",0,0,0,0,0
"415","1","2026082","20260810","20260814","60","1",0,0,0,0,0
"415","1","2026082","20260810","20260814","60","2",0,0,0,0,0
"408","1","2026082","20260810","20260814","11","1",436,0,443,7,879
"408","1","2026082","20260810","20260814","11","2",940728500,0,948360500,7632000,1889089000
"408","1","2026082","20260810","20260814","21","1",0,0,0,0,0
"408","1","2026082","20260810","20260814","21","2",0,0,0,0,0
"408","1","2026082","20260810","20260814","22","1",0,0,0,0,0
"408","1","2026082","20260810","20260814","22","2",0,0,0,0,0
"408","1","2026082","20260810","20260814","23","1",0,0,0,0,0
"408","1","2026082","20260810","20260814","23","2",0,0,0,0,0
"408","1","2026082","20260810","20260814","24","1",0,0,0,0,0
"408","1","2026082","20260810","20260814","24","2",0,0,0,0,0
"408","1","2026082","20260810","20260814","31","1",0,0,0,0,0
"408","1","2026082","20260810","20260814","31","2",0,0,0,0,0
"408","1","2026082","20260810","20260814","32","1",63,-20,43,0,106
"408","1","2026082","20260810","20260814","32","2",133990000,-42051000,91939000,0,225929000
"408","1","2026082","20260810","20260814","33","1",24,-2,22,0,46
"408","1","2026082","20260810","20260814","33","2",50582500,-3903000,46679500,0,97262000
"408","1","2026082","20260810","20260814","41","1",12,0,14,2,26
"408","1","2026082","20260810","20260814","41","2",25465000,0,30235000,4770000,55700000
"408","1","2026082","20260810","20260814","51","1",307,-77,230,0,537
"408","1","2026082","20260810","20260814","51","2",655145000,-163489000,491656000,0,1146801000
"408","1","2026082","20260810","20260814","60","1",2467,0,2557,90,5024
"408","1","2026082","20260810","20260814","60","2",5280184000,0,5477225000,197041000,10757409000
"409","1","2026082","20260810","20260814","11","1",0,0,0,0,0
"409","1","2026082","20260810","20260814","11","2",0,0,0,0,0
"409","1","2026082","20260810","20260814","21","1",0,0,0,0,0
"409","1","2026082","20260810","20260814","21","2",0,0,0,0,0
"409","1","2026082","20260810","20260814","22","1",0,0,0,0,0
"409","1","2026082","20260810","20260814","22","2",0,0,0,0,0
"409","1","2026082","20260810","20260814","23","1",0,0,0,0,0
"409","1","2026082","20260810","20260814","23","2",0,0,0,0,0
"409","1","2026082","20260810","20260814","24","1",0,0,0,0,0
"409","1","2026082","20260810","20260814","24","2",0,0,0,0,0
"409","1","2026082","20260810","20260814","31","1",0,0,0,0,0
"409","1","2026082","20260810","20260814","31","2",0,0,0,0,0
"409","1","2026082","20260810","20260814","32","1",0,0,0,0,0
"409","1","2026082","20260810","20260814","32","2",0,0,0,0,0
"409","1","2026082","20260810","20260814","33","1",0,0,0,0,0
"409","1","2026082","20260810","20260814","33","2",0,0,0,0,0
"409","1","2026082","20260810","20260814","41","1",0,0,0,0,0
"409","1","2026082","20260810","20260814","41","2",0,0,0,0,0
"409","1","2026082","20260810","20260814","51","1",0,0,0,0,0
"409","1","2026082","20260810","20260814","51","2",0,0,0,0,0
"409","1","2026082","20260810","20260814","60","1",0,0,0,0,0
"409","1","2026082","20260810","20260814","60","2",0,0,0,0,0
"431","1","2026082","20260810","20260814","11","1",0,0,0,0,0
"431","1","2026082","20260810","20260814","11","2",0,0,0,0,0
"431","1","2026082","20260810","20260814","21","1",0,0,0,0,0
"431","1","2026082","20260810","20260814","21","2",0,0,0,0,0
"431","1","2026082","20260810","20260814","22","1",0,0,0,0,0
"431","1","2026082","20260810","20260814","22","2",0,0,0,0,0
"431","1","2026082","20260810","20260814","23","1",0,0,0,0,0
"431","1","2026082","20260810","20260814","23","2",0,0,0,0,0
"431","1","2026082","20260810","20260814","24","1",0,0,0,0,0
"431","1","2026082","20260810","20260814","24","2",0,0,0,0,0
"431","1","2026082","20260810","20260814","31","1",0,0,0,0,0
"431","1","2026082","20260810","20260814","31","2",0,0,0,0,0
"431","1","2026082","20260810","20260814","32","1",0,0,0,0,0
"431","1","2026082","20260810","20260814","32","2",0,0,0,0,0
"431","1","2026082","20260810","20260814","33","1",0,0,0,0,0
"431","1","2026082","20260810","20260814","33","2",0,0,0,0,0
"431","1","2026082","20260810","20260814","41","1",0,0,0,0,0
"431","1","2026082","20260810","20260814","41","2",0,0,0,0,0
"431","1","2026082","20260810","20260814","51","1",0,0,0,0,0
"431","1","2026082","20260810","20260814","51","2",0,0,0,0,0
"431","1","2026082","20260810","20260814","60","1",89,0,89,0,178
"431","1","2026082","20260810","20260814","60","2",157907000,0,157907000,0,315814000
"410","1","2026082","20260810","20260814","11","1",0,0,0,0,0
"410","1","2026082","20260810","20260814","11","2",0,0,0,0,0
"410","1","2026082","20260810","20260814","21","1",0,0,0,0,0
"410","1","2026082","20260810","20260814","21","2",0,0,0,0,0
"410","1","2026082","20260810","20260814","22","1",0,0,0,0,0
"410","1","2026082","20260810","20260814","22","2",0,0,0,0,0
"410","1","2026082","20260810","20260814","23","1",0,0,0,0,0
"410","1","2026082","20260810","20260814","23","2",0,0,0,0,0
"410","1","2026082","20260810","20260814","24","1",0,0,0,0,0
"410","1","2026082","20260810","20260814","24","2",0,0,0,0,0
"410","1","2026082","20260810","20260814","31","1",0,0,0,0,0
"410","1","2026082","20260810","20260814","31","2",0,0,0,0,0
"410","1","2026082","20260810","20260814","32","1",0,0,0,0,0
"410","1","2026082","20260810","20260814","32","2",0,0,0,0,0
"410","1","2026082","20260810","20260814","33","1",0,0,0,0,0
"410","1","2026082","20260810","20260814","33","2",0,0,0,0,0
"410","1","2026082","20260810","20260814","41","1",0,0,0,0,0
"410","1","2026082","20260810","20260814","41","2",0,0,0,0,0
"410","1","2026082","20260810","20260814","51","1",0,0,0,0,0
"410","1","2026082","20260810","20260814","51","2",0,0,0,0,0
"410","1","2026082","20260810","20260814","60","1",0,0,0,0,0
"410","1","2026082","20260810","20260814","60","2",0,0,0,0,0
"411","1","2026082","20260810","20260814","11","1",0,0,0,0,0
"411","1","2026082","20260810","20260814","11","2",0,0,0,0,0
"411","1","2026082","20260810","20260814","21","1",0,0,0,0,0
"411","1","2026082","20260810","20260814","21","2",0,0,0,0,0
"411","1","2026082","20260810","20260814","22","1",0,0,0,0,0
"411","1","2026082","20260810","20260814","22","2",0,0,0,0,0
"411","1","2026082","20260810","20260814","23","1",0,0,0,0,0
"411","1","2026082","20260810","20260814","23","2",0,0,0,0,0
"411","1","2026082","20260810","20260814","24","1",0,0,0,0,0
"411","1","2026082","20260810","20260814","24","2",0,0,0,0,0
"411","1","2026082","20260810","20260814","31","1",0,0,0,0,0
"411","1","2026082","20260810","20260814","31","2",0,0,0,0,0
"411","1","2026082","20260810","20260814","32","1",0,0,0,0,0
"411","1","2026082","20260810","20260814","32","2",0,0,0,0,0
"411","1","2026082","20260810","20260814","33","1",0,0,0,0,0
"411","1","2026082","20260810","20260814","33","2",0,0,0,0,0
"411","1","2026082","20260810","20260814","41","1",0,0,0,0,0
"411","1","2026082","20260810","20260814","41","2",0,0,0,0,0
"411","1","2026082","20260810","20260814","51","1",0,0,0,0,0
"411","1","2026082","20260810","20260814","51","2",0,0,0,0,0
"411","1","2026082","20260810","20260814","60","1",0,0,0,0,0
"411","1","2026082","20260810","20260814","60","2",0,0,0,0,0
"412","1","2026082","20260810","20260814","11","1",0,0,0,0,0
"412","1","2026082","20260810","20260814","11","2",0,0,0,0,0
"412","1","2026082","20260810","20260814","21","1",0,0,0,0,0
"412","1","2026082","20260810","20260814","21","2",0,0,0,0,0
"412","1","2026082","20260810","20260814","22","1",0,0,0,0,0
"412","1","2026082","20260810","20260814","22","2",0,0,0,0,0
"412","1","2026082","20260810","20260814","23","1",0,0,0,0,0
"412","1","2026082","20260810","20260814","23","2",0,0,0,0,0
"412","1","2026082","20260810","20260814","24","1",0,0,0,0,0
"412","1","2026082","20260810","20260814","24","2",0,0,0,0,0
"412","1","2026082","20260810","20260814","31","1",0,0,0,0,0
"412","1","2026082","20260810","20260814","31","2",0,0,0,0,0
"412","1","2026082","20260810","20260814","32","1",0,0,0,0,0
"412","1","2026082","20260810","20260814","32","2",0,0,0,0,0
"412","1","2026082","20260810","20260814","33","1",0,0,0,0,0
"412","1","2026082","20260810","20260814","33","2",0,0,0,0,0
"412","1","2026082","20260810","20260814","41","1",0,0,0,0,0
"412","1","2026082","20260810","20260814","41","2",0,0,0,0,0
"412","1","2026082","20260810","20260814","51","1",0,0,0,0,0
"412","1","2026082","20260810","20260814","51","2",0,0,0,0,0
"412","1","2026082","20260810","20260814","60","1",0,0,0,0,0
"412","1","2026082","20260810","20260814","60","2",0,0,0,0,0
"416","1","2026082","20260810","20260814","11","1",0,0,0,0,0
"416","1","2026082","20260810","20260814","11","2",0,0,0,0,0
"416","1","2026082","20260810","20260814","21","1",0,0,0,0,0
"416","1","2026082","20260810","20260814","21","2",0,0,0,0,0
"416","1","2026082","20260810","20260814","22","1",0,0,0,0,0
"416","1","2026082","20260810","20260814","22","2",0,0,0,0,0
"416","1","2026082","20260810","20260814","23","1",0,0,0,0,0
"416","1","2026082","20260810","20260814","23","2",0,0,0,0,0
"416","1","2026082","20260810","20260814","24","1",0,0,0,0,0
"416","1","2026082","20260810","20260814","24","2",0,0,0,0,0
"416","1","2026082","20260810","20260814","31","1",0,0,0,0,0
"416","1","2026082","20260810","20260814","31","2",0,0,0,0,0
"416","1","2026082","20260810","20260814","32","1",0,0,0,0,0
"416","1","2026082","20260810","20260814","32","2",0,0,0,0,0
"416","1","2026082","20260810","20260814","33","1",0,0,0,0,0
"416","1","2026082","20260810","20260814","33","2",0,0,0,0,0
"416","1","2026082","20260810","20260814","41","1",0,0,0,0,0
"416","1","2026082","20260810","20260814","41","2",0,0,0,0,0
"416","1","2026082","20260810","20260814","51","1",0,0,0,0,0
"416","1","2026082","20260810","20260814","51","2",0,0,0,0,0
"416","1","2026082","20260810","20260814","60","1",0,0,0,0,0
"416","1","2026082","20260810","20260814","60","2",0,0,0,0,0
"417","1","2026082","20260810","20260814","11","1",0,0,0,0,0
"417","1","2026082","20260810","20260814","11","2",0,0,0,0,0
"417","1","2026082","20260810","20260814","21","1",0,0,0,0,0
"417","1","2026082","20260810","20260814","21","2",0,0,0,0,0
"417","1","2026082","20260810","20260814","22","1",0,0,0,0,0
"417","1","2026082","20260810","20260814","22","2",0,0,0,0,0
"417","1","2026082","20260810","20260814","23","1",0,0,0,0,0
"417","1","2026082","20260810","20260814","23","2",0,0,0,0,0
"417","1","2026082","20260810","20260814","24","1",0,0,0,0,0
"417","1","2026082","20260810","20260814","24","2",0,0,0,0,0
"417","1","2026082","20260810","20260814","31","1",0,0,0,0,0
"417","1","2026082","20260810","20260814","31","2",0,0,0,0,0
"417","1","2026082","20260810","20260814","32","1",0,0,0,0,0
"417","1","2026082","20260810","20260814","32","2",0,0,0,0,0
"417","1","2026082","20260810","20260814","33","1",0,0,0,0,0
"417","1","2026082","20260810","20260814","33","2",0,0,0,0,0
"417","1","2026082","20260810","20260814","41","1",0,0,0,0,0
"417","1","2026082","20260810","20260814","41","2",0,0,0,0,0
"417","1","2026082","20260810","20260814","51","1",0,0,0,0,0
"417","1","2026082","20260810","20260814","51","2",0,0,0,0,0
"417","1","2026082","20260810","20260814","60","1",0,0,0,0,0
"417","1","2026082","20260810","20260814","60","2",0,0,0,0,0
"418","1","2026082","20260810","20260814","11","1",0,0,0,0,0
"418","1","2026082","20260810","20260814","11","2",0,0,0,0,0
"418","1","2026082","20260810","20260814","21","1",0,0,0,0,0
"418","1","2026082","20260810","20260814","21","2",0,0,0,0,0
"418","1","2026082","20260810","20260814","22","1",0,0,0,0,0
"418","1","2026082","20260810","20260814","22","2",0,0,0,0,0
"418","1","2026082","20260810","20260814","23","1",0,0,0,0,0
"418","1","2026082","20260810","20260814","23","2",0,0,0,0,0
"418","1","2026082","20260810","20260814","24","1",0,0,0,0,0
"418","1","2026082","20260810","20260814","24","2",0,0,0,0,0
"418","1","2026082","20260810","20260814","31","1",0,0,0,0,0
"418","1","2026082","20260810","20260814","31","2",0,0,0,0,0
"418","1","2026082","20260810","20260814","32","1",0,0,0,0,0
"418","1","2026082","20260810","20260814","32","2",0,0,0,0,0
"418","1","2026082","20260810","20260814","33","1",0,0,0,0,0
"418","1","2026082","20260810","20260814","33","2",0,0,0,0,0
"418","1","2026082","20260810","20260814","41","1",0,0,0,0,0
"418","1","2026082","20260810","20260814","41","2",0,0,0,0,0
"418","1","2026082","20260810","20260814","51","1",0,0,0,0,0
"418","1","2026082","20260810","20260814","51","2",0,0,0,0,0
"418","1","2026082","20260810","20260814","60","1",0,0,0,0,0
"418","1","2026082","20260810","20260814","60","2",0,0,0,0,0
"419","1","2026082","20260810","20260814","11","1",6080,0,6719,639,12799
"419","1","2026082","20260810","20260814","11","2",22615320000,0,24879971500,2264651500,47495291500
"419","1","2026082","20260810","20260814","21","1",0,0,0,0,0
"419","1","2026082","20260810","20260814","21","2",0,0,0,0,0
"419","1","2026082","20260810","20260814","22","1",0,0,0,0,0
"419","1","2026082","20260810","20260814","22","2",0,0,0,0,0
"419","1","2026082","20260810","20260814","23","1",0,0,0,0,0
"419","1","2026082","20260810","20260814","23","2",0,0,0,0,0
"419","1","2026082","20260810","20260814","24","1",0,0,0,0,0
"419","1","2026082","20260810","20260814","24","2",0,0,0,0,0
"419","1","2026082","20260810","20260814","31","1",0,0,0,0,0
"419","1","2026082","20260810","20260814","31","2",0,0,0,0,0
"419","1","2026082","20260810","20260814","32","1",1382,0,1523,141,2905
"419","1","2026082","20260810","20260814","32","2",5130017500,0,5712986000,582968500,10843003500
"419","1","2026082","20260810","20260814","33","1",2059,-71,1988,0,4047
"419","1","2026082","20260810","20260814","33","2",7610743000,-222722500,7388020500,0,14998763500
"419","1","2026082","20260810","20260814","41","1",0,0,0,0,0
"419","1","2026082","20260810","20260814","41","2",0,0,0,0,0
"419","1","2026082","20260810","20260814","51","1",1099,-84,1015,0,2114
"419","1","2026082","20260810","20260814","51","2",4086830000,-315035500,3771794500,0,7858624500
"419","1","2026082","20260810","20260814","60","1",4884,-625,4259,0,9143
"419","1","2026082","20260810","20260814","60","2",18120641000,-2309862000,15810779000,0,33931420000
"423","1","2026082","20260810","20260814","11","1",0,0,0,0,0
"423","1","2026082","20260810","20260814","11","2",0,0,0,0,0
"423","1","2026082","20260810","20260814","21","1",0,0,0,0,0
"423","1","2026082","20260810","20260814","21","2",0,0,0,0,0
"423","1","2026082","20260810","20260814","22","1",0,0,0,0,0
"423","1","2026082","20260810","20260814","22","2",0,0,0,0,0
"423","1","2026082","20260810","20260814","23","1",0,0,0,0,0
"423","1","2026082","20260810","20260814","23","2",0,0,0,0,0
"423","1","2026082","20260810","20260814","24","1",0,0,0,0,0
"423","1","2026082","20260810","20260814","24","2",0,0,0,0,0
"423","1","2026082","20260810","20260814","31","1",0,0,0,0,0
"423","1","2026082","20260810","20260814","31","2",0,0,0,0,0
"423","1","2026082","20260810","20260814","32","1",9,-9,0,0,9
"423","1","2026082","20260810","20260814","32","2",13579920,-13579920,0,0,13579920
"423","1","2026082","20260810","20260814","33","1",0,0,0,0,0
"423","1","2026082","20260810","20260814","33","2",0,0,0,0,0
"423","1","2026082","20260810","20260814","41","1",0,0,0,0,0
"423","1","2026082","20260810","20260814","41","2",0,0,0,0,0
"423","1","2026082","20260810","20260814","51","1",0,0,0,0,0
"423","1","2026082","20260810","20260814","51","2",0,0,0,0,0
"423","1","2026082","20260810","20260814","60","1",5,0,14,9,19
"423","1","2026082","20260810","20260814","60","2",7812000,0,21391920,13579920,29203920
"422","1","2026082","20260810","20260814","11","1",0,0,0,0,0
"422","1","2026082","20260810","20260814","11","2",0,0,0,0,0
"422","1","2026082","20260810","20260814","21","1",0,0,0,0,0
"422","1","2026082","20260810","20260814","21","2",0,0,0,0,0
"422","1","2026082","20260810","20260814","22","1",0,0,0,0,0
"422","1","2026082","20260810","20260814","22","2",0,0,0,0,0
"422","1","2026082","20260810","20260814","23","1",0,0,0,0,0
"422","1","2026082","20260810","20260814","23","2",0,0,0,0,0
"422","1","2026082","20260810","20260814","24","1",0,0,0,0,0
"422","1","2026082","20260810","20260814","24","2",0,0,0,0,0
"422","1","2026082","20260810","20260814","31","1",0,0,0,0,0
"422","1","2026082","20260810","20260814","31","2",0,0,0,0,0
"422","1","2026082","20260810","20260814","32","1",0,0,0,0,0
"422","1","2026082","20260810","20260814","32","2",0,0,0,0,0
"422","1","2026082","20260810","20260814","33","1",0,0,0,0,0
"422","1","2026082","20260810","20260814","33","2",0,0,0,0,0
"422","1","2026082","20260810","20260814","41","1",0,0,0,0,0
"422","1","2026082","20260810","20260814","41","2",0,0,0,0,0
"422","1","2026082","20260810","20260814","51","1",0,0,0,0,0
"422","1","2026082","20260810","20260814","51","2",0,0,0,0,0
"422","1","2026082","20260810","20260814","60","1",0,0,0,0,0
"422","1","2026082","20260810","20260814","60","2",0,0,0,0,0
"445","1","2026082","20260810","20260814","11","1",0,0,0,0,0
"445","1","2026082","20260810","20260814","11","2",0,0,0,0,0
"445","1","2026082","20260810","20260814","21","1",0,0,0,0,0
"445","1","2026082","20260810","20260814","21","2",0,0,0,0,0
"445","1","2026082","20260810","20260814","22","1",0,0,0,0,0
"445","1","2026082","20260810","20260814","22","2",0,0,0,0,0
"445","1","2026082","20260810","20260814","23","1",0,0,0,0,0
"445","1","2026082","20260810","20260814","23","2",0,0,0,0,0
"445","1","2026082","20260810","20260814","24","1",0,0,0,0,0
"445","1","2026082","20260810","20260814","24","2",0,0,0,0,0
"445","1","2026082","20260810","20260814","31","1",0,0,0,0,0
"445","1","2026082","20260810","20260814","31","2",0,0,0,0,0
"445","1","2026082","20260810","20260814","32","1",0,0,0,0,0
"445","1","2026082","20260810","20260814","32","2",0,0,0,0,0
"445","1","2026082","20260810","20260814","33","1",0,0,0,0,0
"445","1","2026082","20260810","20260814","33","2",0,0,0,0,0
"445","1","2026082","20260810","20260814","41","1",0,0,0,0,0
"445","1","2026082","20260810","20260814","41","2",0,0,0,0,0
"445","1","2026082","20260810","20260814","51","1",0,0,0,0,0
"445","1","2026082","20260810","20260814","51","2",0,0,0,0,0
"445","1","2026082","20260810","20260814","60","1",0,0,0,0,0
"445","1","2026082","20260810","20260814","60","2",0,0,0,0,0
"425","1","2026082","20260810","20260814","11","1",0,0,0,0,0
"425","1","2026082","20260810","20260814","11","2",0,0,0,0,0
"425","1","2026082","20260810","20260814","21","1",0,0,0,0,0
"425","1","2026082","20260810","20260814","21","2",0,0,0,0,0
"425","1","2026082","20260810","20260814","22","1",0,0,0,0,0
"425","1","2026082","20260810","20260814","22","2",0,0,0,0,0
"425","1","2026082","20260810","20260814","23","1",0,0,0,0,0
"425","1","2026082","20260810","20260814","23","2",0,0,0,0,0
"425","1","2026082","20260810","20260814","24","1",0,0,0,0,0
"425","1","2026082","20260810","20260814","24","2",0,0,0,0,0
"425","1","2026082","20260810","20260814","31","1",0,0,0,0,0
"425","1","2026082","20260810","20260814","31","2",0,0,0,0,0
"425","1","2026082","20260810","20260814","32","1",0,0,0,0,0
"425","1","2026082","20260810","20260814","32","2",0,0,0,0,0
"425","1","2026082","20260810","20260814","33","1",0,0,0,0,0
"425","1","2026082","20260810","20260814","33","2",0,0,0,0,0
"425","1","2026082","20260810","20260814","41","1",0,0,0,0,0
"425","1","2026082","20260810","20260814","41","2",0,0,0,0,0
"425","1","2026082","20260810","20260814","51","1",0,0,0,0,0
"425","1","2026082","20260810","20260814","51","2",0,0,0,0,0
"425","1","2026082","20260810","20260814","60","1",0,0,0,0,0
"425","1","2026082","20260810","20260814","60","2",0,0,0,0,0
"424","1","2026082","20260810","20260814","11","1",0,0,0,0,0
"424","1","2026082","20260810","20260814","11","2",0,0,0,0,0
"424","1","2026082","20260810","20260814","21","1",0,0,0,0,0
"424","1","2026082","20260810","20260814","21","2",0,0,0,0,0
"424","1","2026082","20260810","20260814","22","1",0,0,0,0,0
"424","1","2026082","20260810","20260814","22","2",0,0,0,0,0
"424","1","2026082","20260810","20260814","23","1",0,0,0,0,0
"424","1","2026082","20260810","20260814","23","2",0,0,0,0,0
"424","1","2026082","20260810","20260814","24","1",0,0,0,0,0
"424","1","2026082","20260810","20260814","24","2",0,0,0,0,0
"424","1","2026082","20260810","20260814","31","1",0,0,0,0,0
"424","1","2026082","20260810","20260814","31","2",0,0,0,0,0
"424","1","2026082","20260810","20260814","32","1",0,0,0,0,0
"424","1","2026082","20260810","20260814","32","2",0,0,0,0,0
"424","1","2026082","20260810","20260814","33","1",0,0,0,0,0
"424","1","2026082","20260810","20260814","33","2",0,0,0,0,0
"424","1","2026082","20260810","20260814","41","1",0,0,0,0,0
"424","1","2026082","20260810","20260814","41","2",0,0,0,0,0
"424","1","2026082","20260810","20260814","51","1",0,0,0,0,0
"424","1","2026082","20260810","20260814","51","2",0,0,0,0,0
"424","1","2026082","20260810","20260814","60","1",0,0,0,0,0
"424","1","2026082","20260810","20260814","60","2",0,0,0,0,0
"446","1","2026082","20260810","20260814","11","1",0,0,0,0,0
"446","1","2026082","20260810","20260814","11","2",0,0,0,0,0
"446","1","2026082","20260810","20260814","21","1",0,0,0,0,0
"446","1","2026082","20260810","20260814","21","2",0,0,0,0,0
"446","1","2026082","20260810","20260814","22","1",0,0,0,0,0
"446","1","2026082","20260810","20260814","22","2",0,0,0,0,0
"446","1","2026082","20260810","20260814","23","1",0,0,0,0,0
"446","1","2026082","20260810","20260814","23","2",0,0,0,0,0
"446","1","2026082","20260810","20260814","24","1",0,0,0,0,0
"446","1","2026082","20260810","20260814","24","2",0,0,0,0,0
"446","1","2026082","20260810","20260814","31","1",0,0,0,0,0
"446","1","2026082","20260810","20260814","31","2",0,0,0,0,0
"446","1","2026082","20260810","20260814","32","1",0,0,0,0,0
"446","1","2026082","20260810","20260814","32","2",0,0,0,0,0
"446","1","2026082","20260810","20260814","33","1",0,0,0,0,0
"446","1","2026082","20260810","20260814","33","2",0,0,0,0,0
"446","1","2026082","20260810","20260814","41","1",0,0,0,0,0
"446","1","2026082","20260810","20260814","41","2",0,0,0,0,0
"446","1","2026082","20260810","20260814","51","1",0,0,0,0,0
"446","1","2026082","20260810","20260814","51","2",0,0,0,0,0
"446","1","2026082","20260810","20260814","60","1",0,0,0,0,0
"446","1","2026082","20260810","20260814","60","2",0,0,0,0,0
"428","1","2026082","20260810","20260814","11","1",0,0,0,0,0
"428","1","2026082","20260810","20260814","11","2",0,0,0,0,0
"428","1","2026082","20260810","20260814","21","1",0,0,0,0,0
"428","1","2026082","20260810","20260814","21","2",0,0,0,0,0
"428","1","2026082","20260810","20260814","22","1",0,0,0,0,0
"428","1","2026082","20260810","20260814","22","2",0,0,0,0,0
"428","1","2026082","20260810","20260814","23","1",0,0,0,0,0
"428","1","2026082","20260810","20260814","23","2",0,0,0,0,0
"428","1","2026082","20260810","20260814","24","1",0,0,0,0,0
"428","1","2026082","20260810","20260814","24","2",0,0,0,0,0
"428","1","2026082","20260810","20260814","31","1",0,0,0,0,0
"428","1","2026082","20260810","20260814","31","2",0,0,0,0,0
"428","1","2026082","20260810","20260814","32","1",0,0,100,100,100
"428","1","2026082","20260810","20260814","32","2",0,0,35455560,35455560,35455560
"428","1","2026082","20260810","20260814","33","1",0,0,0,0,0
"428","1","2026082","20260810","20260814","33","2",0,0,0,0,0
"428","1","2026082","20260810","20260814","41","1",0,0,0,0,0
"428","1","2026082","20260810","20260814","41","2",0,0,0,0,0
"428","1","2026082","20260810","20260814","51","1",0,0,0,0,0
"428","1","2026082","20260810","20260814","51","2",0,0,0,0,0
"428","1","2026082","20260810","20260814","60","1",105,-100,5,0,110
"428","1","2026082","20260810","20260814","60","2",37177560,-35455560,1722000,0,38899560
"427","1","2026082","20260810","20260814","11","1",0,0,0,0,0
"427","1","2026082","20260810","20260814","11","2",0,0,0,0,0
"427","1","2026082","20260810","20260814","21","1",0,0,0,0,0
"427","1","2026082","20260810","20260814","21","2",0,0,0,0,0
"427","1","2026082","20260810","20260814","22","1",0,0,0,0,0
"427","1","2026082","20260810","20260814","22","2",0,0,0,0,0
"427","1","2026082","20260810","20260814","23","1",0,0,0,0,0
"427","1","2026082","20260810","20260814","23","2",0,0,0,0,0
"427","1","2026082","20260810","20260814","24","1",0,0,0,0,0
"427","1","2026082","20260810","20260814","24","2",0,0,0,0,0
"427","1","2026082","20260810","20260814","31","1",0,0,0,0,0
"427","1","2026082","20260810","20260814","31","2",0,0,0,0,0
"427","1","2026082","20260810","20260814","32","1",0,0,0,0,0
"427","1","2026082","20260810","20260814","32","2",0,0,0,0,0
"427","1","2026082","20260810","20260814","33","1",0,0,0,0,0
"427","1","2026082","20260810","20260814","33","2",0,0,0,0,0
"427","1","2026082","20260810","20260814","41","1",0,0,0,0,0
"427","1","2026082","20260810","20260814","41","2",0,0,0,0,0
"427","1","2026082","20260810","20260814","51","1",0,0,0,0,0
"427","1","2026082","20260810","20260814","51","2",0,0,0,0,0
"427","1","2026082","20260810","20260814","60","1",5,0,5,0,10
"427","1","2026082","20260810","20260814","60","2",1520400,0,1520400,0,3040800
"430","1","2026082","20260810","20260814","11","1",0,0,0,0,0
"430","1","2026082","20260810","20260814","11","2",0,0,0,0,0
"430","1","2026082","20260810","20260814","21","1",0,0,0,0,0
"430","1","2026082","20260810","20260814","21","2",0,0,0,0,0
"430","1","2026082","20260810","20260814","22","1",0,0,0,0,0
"430","1","2026082","20260810","20260814","22","2",0,0,0,0,0
"430","1","2026082","20260810","20260814","23","1",0,0,0,0,0
"430","1","2026082","20260810","20260814","23","2",0,0,0,0,0
"430","1","2026082","20260810","20260814","24","1",0,0,0,0,0
"430","1","2026082","20260810","20260814","24","2",0,0,0,0,0
"430","1","2026082","20260810","20260814","31","1",0,0,0,0,0
"430","1","2026082","20260810","20260814","31","2",0,0,0,0,0
"430","1","2026082","20260810","20260814","32","1",0,0,0,0,0
"430","1","2026082","20260810","20260814","32","2",0,0,0,0,0
"430","1","2026082","20260810","20260814","33","1",0,0,0,0,0
"430","1","2026082","20260810","20260814","33","2",0,0,0,0,0
"430","1","2026082","20260810","20260814","41","1",0,0,0,0,0
"430","1","2026082","20260810","20260814","41","2",0,0,0,0,0
"430","1","2026082","20260810","20260814","51","1",0,0,0,0,0
"430","1","2026082","20260810","20260814","51","2",0,0,0,0,0
"430","1","2026082","20260810","20260814","60","1",0,0,0,0,0
"430","1","2026082","20260810","20260814","60","2",0,0,0,0,0
"429","1","2026082","20260810","20260814","11","1",0,0,0,0,0
"429","1","2026082","20260810","20260814","11","2",0,0,0,0,0
"429","1","2026082","20260810","20260814","21","1",0,0,0,0,0
"429","1","2026082","20260810","20260814","21","2",0,0,0,0,0
"429","1","2026082","20260810","20260814","22","1",0,0,0,0,0
"429","1","2026082","20260810","20260814","22","2",0,0,0,0,0
"429","1","2026082","20260810","20260814","23","1",0,0,0,0,0
"429","1","2026082","20260810","20260814","23","2",0,0,0,0,0
"429","1","2026082","20260810","20260814","24","1",0,0,0,0,0
"429","1","2026082","20260810","20260814","24","2",0,0,0,0,0
"429","1","2026082","20260810","20260814","31","1",0,0,0,0,0
"429","1","2026082","20260810","20260814","31","2",0,0,0,0,0
"429","1","2026082","20260810","20260814","32","1",0,0,0,0,0
"429","1","2026082","20260810","20260814","32","2",0,0,0,0,0
"429","1","2026082","20260810","20260814","33","1",0,0,0,0,0
"429","1","2026082","20260810","20260814","33","2",0,0,0,0,0
"429","1","2026082","20260810","20260814","41","1",0,0,0,0,0
"429","1","2026082","20260810","20260814","41","2",0,0,0,0,0
"429","1","2026082","20260810","20260814","51","1",0,0,0,0,0
"429","1","2026082","20260810","20260814","51","2",0,0,0,0,0
"429","1","2026082","20260810","20260814","60","1",0,0,0,0,0
"429","1","2026082","20260810","20260814","60","2",0,0,0,0,0
"433","1","2026082","20260810","20260814","11","1",0,0,0,0,0
"433","1","2026082","20260810","20260814","11","2",0,0,0,0,0
"433","1","2026082","20260810","20260814","21","1",0,0,0,0,0
"433","1","2026082","20260810","20260814","21","2",0,0,0,0,0
"433","1","2026082","20260810","20260814","22","1",0,0,0,0,0
"433","1","2026082","20260810","20260814","22","2",0,0,0,0,0
"433","1","2026082","20260810","20260814","23","1",0,0,0,0,0
"433","1","2026082","20260810","20260814","23","2",0,0,0,0,0
"433","1","2026082","20260810","20260814","24","1",0,0,0,0,0
"433","1","2026082","20260810","20260814","24","2",0,0,0,0,0
"433","1","2026082","20260810","20260814","31","1",0,0,0,0,0
"433","1","2026082","20260810","20260814","31","2",0,0,0,0,0
"433","1","2026082","20260810","20260814","32","1",30,0,30,0,60
"433","1","2026082","20260810","20260814","32","2",402847200,0,402847200,0,805694400
"433","1","2026082","20260810","20260814","33","1",0,0,0,0,0
"433","1","2026082","20260810","20260814","33","2",0,0,0,0,0
"433","1","2026082","20260810","20260814","41","1",0,0,0,0,0
"433","1","2026082","20260810","20260814","41","2",0,0,0,0,0
"433","1","2026082","20260810","20260814","51","1",0,0,0,0,0
"433","1","2026082","20260810","20260814","51","2",0,0,0,0,0
"433","1","2026082","20260810","20260814","60","1",0,0,0,0,0
"433","1","2026082","20260810","20260814","60","2",0,0,0,0,0
"432","1","2026082","20260810","20260814","11","1",0,0,0,0,0
"432","1","2026082","20260810","20260814","11","2",0,0,0,0,0
"432","1","2026082","20260810","20260814","21","1",0,0,0,0,0
"432","1","2026082","20260810","20260814","21","2",0,0,0,0,0
"432","1","2026082","20260810","20260814","22","1",0,0,0,0,0
"432","1","2026082","20260810","20260814","22","2",0,0,0,0,0
"432","1","2026082","20260810","20260814","23","1",0,0,0,0,0
"432","1","2026082","20260810","20260814","23","2",0,0,0,0,0
"432","1","2026082","20260810","20260814","24","1",0,0,0,0,0
"432","1","2026082","20260810","20260814","24","2",0,0,0,0,0
"432","1","2026082","20260810","20260814","31","1",0,0,0,0,0
"432","1","2026082","20260810","20260814","31","2",0,0,0,0,0
"432","1","2026082","20260810","20260814","32","1",0,0,0,0,0
"432","1","2026082","20260810","20260814","32","2",0,0,0,0,0
"432","1","2026082","20260810","20260814","33","1",0,0,0,0,0
"432","1","2026082","20260810","20260814","33","2",0,0,0,0,0
"432","1","2026082","20260810","20260814","41","1",0,0,0,0,0
"432","1","2026082","20260810","20260814","41","2",0,0,0,0,0
"432","1","2026082","20260810","20260814","51","1",0,0,0,0,0
"432","1","2026082","20260810","20260814","51","2",0,0,0,0,0
"432","1","2026082","20260810","20260814","60","1",0,0,0,0,0
"432","1","2026082","20260810","20260814","60","2",0,0,0,0,0
"447","1","2026082","20260810","20260814","11","1",0,0,0,0,0
"447","1","2026082","20260810","20260814","11","2",0,0,0,0,0
"447","1","2026082","20260810","20260814","21","1",0,0,0,0,0
"447","1","2026082","20260810","20260814","21","2",0,0,0,0,0
"447","1","2026082","20260810","20260814","22","1",0,0,0,0,0
"447","1","2026082","20260810","20260814","22","2",0,0,0,0,0
"447","1","2026082","20260810","20260814","23","1",0,0,0,0,0
"447","1","2026082","20260810","20260814","23","2",0,0,0,0,0
"447","1","2026082","20260810","20260814","24","1",0,0,0,0,0
"447","1","2026082","20260810","20260814","24","2",0,0,0,0,0
"447","1","2026082","20260810","20260814","31","1",0,0,0,0,0
"447","1","2026082","20260810","20260814","31","2",0,0,0,0,0
"447","1","2026082","20260810","20260814","32","1",0,0,0,0,0
"447","1","2026082","20260810","20260814","32","2",0,0,0,0,0
"447","1","2026082","20260810","20260814","33","1",0,0,0,0,0
"447","1","2026082","20260810","20260814","33","2",0,0,0,0,0
"447","1","2026082","20260810","20260814","41","1",0,0,0,0,0
"447","1","2026082","20260810","20260814","41","2",0,0,0,0,0
"447","1","2026082","20260810","20260814","51","1",0,0,0,0,0
"447","1","2026082","20260810","20260814","51","2",0,0,0,0,0
"447","1","2026082","20260810","20260814","60","1",0,0,0,0,0
"447","1","2026082","20260810","20260814","60","2",0,0,0,0,0
"435","1","2026082","20260810","20260814","11","1",0,0,0,0,0
"435","1","2026082","20260810","20260814","11","2",0,0,0,0,0
"435","1","2026082","20260810","20260814","21","1",0,0,0,0,0
"435","1","2026082","20260810","20260814","21","2",0,0,0,0,0
"435","1","2026082","20260810","20260814","22","1",0,0,0,0,0
"435","1","2026082","20260810","20260814","22","2",0,0,0,0,0
"435","1","2026082","20260810","20260814","23","1",0,0,0,0,0
"435","1","2026082","20260810","20260814","23","2",0,0,0,0,0
"435","1","2026082","20260810","20260814","24","1",0,0,0,0,0
"435","1","2026082","20260810","20260814","24","2",0,0,0,0,0
"435","1","2026082","20260810","20260814","31","1",0,0,0,0,0
"435","1","2026082","20260810","20260814","31","2",0,0,0,0,0
"435","1","2026082","20260810","20260814","32","1",0,0,0,0,0
"435","1","2026082","20260810","20260814","32","2",0,0,0,0,0
"435","1","2026082","20260810","20260814","33","1",0,0,0,0,0
"435","1","2026082","20260810","20260814","33","2",0,0,0,0,0
"435","1","2026082","20260810","20260814","41","1",0,0,0,0,0
"435","1","2026082","20260810","20260814","41","2",0,0,0,0,0
"435","1","2026082","20260810","20260814","51","1",0,0,0,0,0
"435","1","2026082","20260810","20260814","51","2",0,0,0,0,0
"435","1","2026082","20260810","20260814","60","1",0,0,0,0,0
"435","1","2026082","20260810","20260814","60","2",0,0,0,0,0
"434","1","2026082","20260810","20260814","11","1",0,0,0,0,0
"434","1","2026082","20260810","20260814","11","2",0,0,0,0,0
"434","1","2026082","20260810","20260814","21","1",0,0,0,0,0
"434","1","2026082","20260810","20260814","21","2",0,0,0,0,0
"434","1","2026082","20260810","20260814","22","1",0,0,0,0,0
"434","1","2026082","20260810","20260814","22","2",0,0,0,0,0
"434","1","2026082","20260810","20260814","23","1",0,0,0,0,0
"434","1","2026082","20260810","20260814","23","2",0,0,0,0,0
"434","1","2026082","20260810","20260814","24","1",0,0,0,0,0
"434","1","2026082","20260810","20260814","24","2",0,0,0,0,0
"434","1","2026082","20260810","20260814","31","1",0,0,0,0,0
"434","1","2026082","20260810","20260814","31","2",0,0,0,0,0
"434","1","2026082","20260810","20260814","32","1",0,0,0,0,0
"434","1","2026082","20260810","20260814","32","2",0,0,0,0,0
"434","1","2026082","20260810","20260814","33","1",0,0,0,0,0
"434","1","2026082","20260810","20260814","33","2",0,0,0,0,0
"434","1","2026082","20260810","20260814","41","1",0,0,0,0,0
"434","1","2026082","20260810","20260814","41","2",0,0,0,0,0
"434","1","2026082","20260810","20260814","51","1",0,0,0,0,0
"434","1","2026082","20260810","20260814","51","2",0,0,0,0,0
"434","1","2026082","20260810","20260814","60","1",0,0,0,0,0
"434","1","2026082","20260810","20260814","60","2",0,0,0,0,0
"448","1","2026082","20260810","20260814","11","1",0,0,0,0,0
"448","1","2026082","20260810","20260814","11","2",0,0,0,0,0
"448","1","2026082","20260810","20260814","21","1",0,0,0,0,0
"448","1","2026082","20260810","20260814","21","2",0,0,0,0,0
"448","1","2026082","20260810","20260814","22","1",0,0,0,0,0
"448","1","2026082","20260810","20260814","22","2",0,0,0,0,0
"448","1","2026082","20260810","20260814","23","1",0,0,0,0,0
"448","1","2026082","20260810","20260814","23","2",0,0,0,0,0
"448","1","2026082","20260810","20260814","24","1",0,0,0,0,0
"448","1","2026082","20260810","20260814","24","2",0,0,0,0,0
"448","1","2026082","20260810","20260814","31","1",0,0,0,0,0
"448","1","2026082","20260810","20260814","31","2",0,0,0,0,0
"448","1","2026082","20260810","20260814","32","1",0,0,0,0,0
"448","1","2026082","20260810","20260814","32","2",0,0,0,0,0
"448","1","2026082","20260810","20260814","33","1",0,0,0,0,0
"448","1","2026082","20260810","20260814","33","2",0,0,0,0,0
"448","1","2026082","20260810","20260814","41","1",0,0,0,0,0
"448","1","2026082","20260810","20260814","41","2",0,0,0,0,0
"448","1","2026082","20260810","20260814","51","1",0,0,0,0,0
"448","1","2026082","20260810","20260814","51","2",0,0,0,0,0
"448","1","2026082","20260810","20260814","60","1",0,0,0,0,0
"448","1","2026082","20260810","20260814","60","2",0,0,0,0,0
"426","1","2026082","20260810","20260814","11","1",0,0,0,0,0
"426","1","2026082","20260810","20260814","11","2",0,0,0,0,0
"426","1","2026082","20260810","20260814","21","1",0,0,0,0,0
"426","1","2026082","20260810","20260814","21","2",0,0,0,0,0
"426","1","2026082","20260810","20260814","22","1",0,0,0,0,0
"426","1","2026082","20260810","20260814","22","2",0,0,0,0,0
"426","1","2026082","20260810","20260814","23","1",0,0,0,0,0
"426","1","2026082","20260810","20260814","23","2",0,0,0,0,0
"426","1","2026082","20260810","20260814","24","1",0,0,0,0,0
"426","1","2026082","20260810","20260814","24","2",0,0,0,0,0
"426","1","2026082","20260810","20260814","31","1",0,0,0,0,0
"426","1","2026082","20260810","20260814","31","2",0,0,0,0,0
"426","1","2026082","20260810","20260814","32","1",0,0,0,0,0
"426","1","2026082","20260810","20260814","32","2",0,0,0,0,0
"426","1","2026082","20260810","20260814","33","1",0,0,0,0,0
"426","1","2026082","20260810","20260814","33","2",0,0,0,0,0
"426","1","2026082","20260810","20260814","41","1",0,0,0,0,0
"426","1","2026082","20260810","20260814","41","2",0,0,0,0,0
"426","1","2026082","20260810","20260814","51","1",0,0,0,0,0
"426","1","2026082","20260810","20260814","51","2",0,0,0,0,0
"426","1","2026082","20260810","20260814","60","1",0,0,0,0,0
"426","1","2026082","20260810","20260814","60","2",0,0,0,0,0
"420","1","2026082","20260810","20260814","11","1",0,0,0,0,0
"420","1","2026082","20260810","20260814","11","2",0,0,0,0,0
"420","1","2026082","20260810","20260814","21","1",0,0,0,0,0
"420","1","2026082","20260810","20260814","21","2",0,0,0,0,0
"420","1","2026082","20260810","20260814","22","1",0,0,0,0,0
"420","1","2026082","20260810","20260814","22","2",0,0,0,0,0
"420","1","2026082","20260810","20260814","23","1",0,0,0,0,0
"420","1","2026082","20260810","20260814","23","2",0,0,0,0,0
"420","1","2026082","20260810","20260814","24","1",0,0,0,0,0
"420","1","2026082","20260810","20260814","24","2",0,0,0,0,0
"420","1","2026082","20260810","20260814","31","1",0,0,0,0,0
"420","1","2026082","20260810","20260814","31","2",0,0,0,0,0
"420","1","2026082","20260810","20260814","32","1",0,0,0,0,0
"420","1","2026082","20260810","20260814","32","2",0,0,0,0,0
"420","1","2026082","20260810","20260814","33","1",0,0,0,0,0
"420","1","2026082","20260810","20260814","33","2",0,0,0,0,0
"420","1","2026082","20260810","20260814","41","1",0,0,0,0,0
"420","1","2026082","20260810","20260814","41","2",0,0,0,0,0
"420","1","2026082","20260810","20260814","51","1",0,0,0,0,0
"420","1","2026082","20260810","20260814","51","2",0,0,0,0,0
"420","1","2026082","20260810","20260814","60","1",0,0,0,0,0
"420","1","2026082","20260810","20260814","60","2",0,0,0,0,0
"421","1","2026082","20260810","20260814","11","1",0,0,0,0,0
"421","1","2026082","20260810","20260814","11","2",0,0,0,0,0
"421","1","2026082","20260810","20260814","21","1",0,0,0,0,0
"421","1","2026082","20260810","20260814","21","2",0,0,0,0,0
"421","1","2026082","20260810","20260814","22","1",0,0,0,0,0
"421","1","2026082","20260810","20260814","22","2",0,0,0,0,0
"421","1","2026082","20260810","20260814","23","1",0,0,0,0,0
"421","1","2026082","20260810","20260814","23","2",0,0,0,0,0
"421","1","2026082","20260810","20260814","24","1",0,0,0,0,0
"421","1","2026082","20260810","20260814","24","2",0,0,0,0,0
"421","1","2026082","20260810","20260814","31","1",0,0,0,0,0
"421","1","2026082","20260810","20260814","31","2",0,0,0,0,0
"421","1","2026082","20260810","20260814","32","1",0,0,0,0,0
"421","1","2026082","20260810","20260814","32","2",0,0,0,0,0
"421","1","2026082","20260810","20260814","33","1",0,0,0,0,0
"421","1","2026082","20260810","20260814","33","2",0,0,0,0,0
"421","1","2026082","20260810","20260814","41","1",0,0,0,0,0
"421","1","2026082","20260810","20260814","41","2",0,0,0,0,0
"421","1","2026082","20260810","20260814","51","1",0,0,0,0,0
"421","1","2026082","20260810","20260814","51","2",0,0,0,0,0
"421","1","2026082","20260810","20260814","60","1",0,0,0,0,0
"421","1","2026082","20260810","20260814","60","2",0,0,0,0,0
"303","1","2026082","20260810","20260814","11","1",13702,-1797,11905,0,25607
"303","1","2026082","20260810","20260814","11","2",6340831000,-1785199000,4555632000,0,10896463000
"303","1","2026082","20260810","20260814","21","1",0,0,0,0,0
"303","1","2026082","20260810","20260814","21","2",0,0,0,0,0
"303","1","2026082","20260810","20260814","22","1",365,-350,15,0,380
"303","1","2026082","20260810","20260814","22","2",69636500,-60181500,9455000,0,79091500
"303","1","2026082","20260810","20260814","23","1",1832,-1600,232,0,2064
"303","1","2026082","20260810","20260814","23","2",704007000,-631337000,72670000,0,776677000
"303","1","2026082","20260810","20260814","24","1",0,0,10,10,10
"303","1","2026082","20260810","20260814","24","2",0,0,1450000,1450000,1450000
"303","1","2026082","20260810","20260814","31","1",15,0,63,48,78
"303","1","2026082","20260810","20260814","31","2",2705000,0,111314000,108609000,114019000
"303","1","2026082","20260810","20260814","32","1",755,0,1403,648,2158
"303","1","2026082","20260810","20260814","32","2",97589920,-352320,97237600,0,194827520
"303","1","2026082","20260810","20260814","33","1",256,-20,236,0,492
"303","1","2026082","20260810","20260814","33","2",45063520,-26139520,18924000,0,63987520
"303","1","2026082","20260810","20260814","41","1",1,-1,0,0,1
"303","1","2026082","20260810","20260814","41","2",110000,-110000,0,0,110000
"303","1","2026082","20260810","20260814","51","1",20590,-2159,18431,0,39021
"303","1","2026082","20260810","20260814","51","2",1549560480,-195140950,1354419530,0,2903980010
"303","1","2026082","20260810","20260814","60","1",80298,0,86003,5705,166301
"303","1","2026082","20260810","20260814","60","2",66401530582,0,68407676872,2006146290,134809207454
"304","1","2026082","20260810","20260814","11","1",4663,0,5432,769,10095
"304","1","2026082","20260810","20260814","11","2",2456665000,0,3251139000,794474000,5707804000
"304","1","2026082","20260810","20260814","21","1",0,0,0,0,0
"304","1","2026082","20260810","20260814","21","2",0,0,0,0,0
"304","1","2026082","20260810","20260814","22","1",144,0,240,96,384
"304","1","2026082","20260810","20260814","22","2",147910000,0,167503500,19593500,315413500
"304","1","2026082","20260810","20260814","23","1",239,0,327,88,566
"304","1","2026082","20260810","20260814","23","2",171916000,-85766000,86150000,0,258066000
"304","1","2026082","20260810","20260814","24","1",0,0,0,0,0
"304","1","2026082","20260810","20260814","24","2",0,0,0,0,0
"304","1","2026082","20260810","20260814","31","1",30,-10,20,0,50
"304","1","2026082","20260810","20260814","31","2",27025000,-1875000,25150000,0,52175000
"304","1","2026082","20260810","20260814","32","1",364,-17,347,0,711
"304","1","2026082","20260810","20260814","32","2",84323250,-15249650,69073600,0,153396850
"304","1","2026082","20260810","20260814","33","1",136,0,187,51,323
"304","1","2026082","20260810","20260814","33","2",30246000,0,46623000,16377000,76869000
"304","1","2026082","20260810","20260814","41","1",0,0,0,0,0
"304","1","2026082","20260810","20260814","41","2",0,0,0,0,0
"304","1","2026082","20260810","20260814","51","1",16322,-5936,10386,0,26708
"304","1","2026082","20260810","20260814","51","2",2621474520,-359381790,2262092730,0,4883567250
"304","1","2026082","20260810","20260814","60","1",48904,0,53431,4527,102335
"304","1","2026082","20260810","20260814","60","2",47577475287,-357377060,47220098227,0,94797573514
"332","1","2026082","20260810","20260814","11","1",3405,-3298,107,0,3512
"332","1","2026082","20260810","20260814","11","2",2351700,-259200,2092500,0,4444200
"332","1","2026082","20260810","20260814","21","1",0,0,0,0,0
"332","1","2026082","20260810","20260814","21","2",0,0,0,0,0
"332","1","2026082","20260810","20260814","22","1",0,0,0,0,0
"332","1","2026082","20260810","20260814","22","2",0,0,0,0,0
"332","1","2026082","20260810","20260814","23","1",0,0,0,0,0
"332","1","2026082","20260810","20260814","23","2",0,0,0,0,0
"332","1","2026082","20260810","20260814","24","1",0,0,0,0,0
"332","1","2026082","20260810","20260814","24","2",0,0,0,0,0
"332","1","2026082","20260810","20260814","31","1",0,0,0,0,0
"332","1","2026082","20260810","20260814","31","2",0,0,0,0,0
"332","1","2026082","20260810","20260814","32","1",867,0,909,42,1776
"332","1","2026082","20260810","20260814","32","2",80280480,-23034590,57245890,0,137526370
"332","1","2026082","20260810","20260814","33","1",659,-208,451,0,1110
"332","1","2026082","20260810","20260814","33","2",76510900,-14955100,61555800,0,138066700
"332","1","2026082","20260810","20260814","41","1",0,0,0,0,0
"332","1","2026082","20260810","20260814","41","2",0,0,0,0,0
"332","1","2026082","20260810","20260814","51","1",36916,-2161,34755,0,71671
"332","1","2026082","20260810","20260814","51","2",2318264730,-717871010,1600393720,0,3918658450
"332","1","2026082","20260810","20260814","60","1",52396,0,59343,6947,111739
"332","1","2026082","20260810","20260814","60","2",2632224090,0,3490384790,858160700,6122608880
"333","1","2026082","20260810","20260814","11","1",63,-60,3,0,66
"333","1","2026082","20260810","20260814","11","2",6300,-6000,300,0,6600
"333","1","2026082","20260810","20260814","21","1",0,0,0,0,0
"333","1","2026082","20260810","20260814","21","2",0,0,0,0,0
"333","1","2026082","20260810","20260814","22","1",0,0,0,0,0
"333","1","2026082","20260810","20260814","22","2",0,0,0,0,0
"333","1","2026082","20260810","20260814","23","1",5,-3,2,0,7
"333","1","2026082","20260810","20260814","23","2",240000,-95000,145000,0,385000
"333","1","2026082","20260810","20260814","24","1",0,0,0,0,0
"333","1","2026082","20260810","20260814","24","2",0,0,0,0,0
"333","1","2026082","20260810","20260814","31","1",0,0,0,0,0
"333","1","2026082","20260810","20260814","31","2",0,0,0,0,0
"333","1","2026082","20260810","20260814","32","1",967,-154,813,0,1780
"333","1","2026082","20260810","20260814","32","2",99949170,-28941690,71007480,0,170956650
"333","1","2026082","20260810","20260814","33","1",397,-90,307,0,704
"333","1","2026082","20260810","20260814","33","2",69805600,-12065200,57740400,0,127546000
"333","1","2026082","20260810","20260814","41","1",0,0,0,0,0
"333","1","2026082","20260810","20260814","41","2",0,0,0,0,0
"333","1","2026082","20260810","20260814","51","1",34525,-6190,28335,0,62860
"333","1","2026082","20260810","20260814","51","2",2970462580,-968023510,2002439070,0,4972901650
"333","1","2026082","20260810","20260814","60","1",43157,0,50377,7220,93534
"333","1","2026082","20260810","20260814","60","2",3069753420,0,4108250820,1038497400,7178004240
"319","1","2026082","20260810","20260814","11","1",15,0,690,675,705
"319","1","2026082","20260810","20260814","11","2",6900000,0,84900000,78000000,91800000
"319","1","2026082","20260810","20260814","21","1",0,0,0,0,0
"319","1","2026082","20260810","20260814","21","2",0,0,0,0,0
"319","1","2026082","20260810","20260814","22","1",0,0,0,0,0
"319","1","2026082","20260810","20260814","22","2",0,0,0,0,0
"319","1","2026082","20260810","20260814","23","1",0,0,0,0,0
"319","1","2026082","20260810","20260814","23","2",0,0,0,0,0
"319","1","2026082","20260810","20260814","24","1",0,0,0,0,0
"319","1","2026082","20260810","20260814","24","2",0,0,0,0,0
"319","1","2026082","20260810","20260814","31","1",0,0,0,0,0
"319","1","2026082","20260810","20260814","31","2",0,0,0,0,0
"319","1","2026082","20260810","20260814","32","1",0,0,0,0,0
"319","1","2026082","20260810","20260814","32","2",0,0,0,0,0
"319","1","2026082","20260810","20260814","33","1",0,0,0,0,0
"319","1","2026082","20260810","20260814","33","2",0,0,0,0,0
"319","1","2026082","20260810","20260814","41","1",0,0,0,0,0
"319","1","2026082","20260810","20260814","41","2",0,0,0,0,0
"319","1","2026082","20260810","20260814","51","1",0,0,0,0,0
"319","1","2026082","20260810","20260814","51","2",0,0,0,0,0
"319","1","2026082","20260810","20260814","60","1",11857,-675,11182,0,23039
"319","1","2026082","20260810","20260814","60","2",5156589656,-138800000,5017789656,0,10174379312
"320","1","2026082","20260810","20260814","11","1",1090,-640,450,0,1540
"320","1","2026082","20260810","20260814","11","2",242200000,-124400000,117800000,0,360000000
"320","1","2026082","20260810","20260814","21","1",0,0,0,0,0
"320","1","2026082","20260810","20260814","21","2",0,0,0,0,0
"320","1","2026082","20260810","20260814","22","1",0,0,0,0,0
"320","1","2026082","20260810","20260814","22","2",0,0,0,0,0
"320","1","2026082","20260810","20260814","23","1",0,0,0,0,0
"320","1","2026082","20260810","20260814","23","2",0,0,0,0,0
"320","1","2026082","20260810","20260814","24","1",0,0,0,0,0
"320","1","2026082","20260810","20260814","24","2",0,0,0,0,0
"320","1","2026082","20260810","20260814","31","1",0,0,0,0,0
"320","1","2026082","20260810","20260814","31","2",0,0,0,0,0
"320","1","2026082","20260810","20260814","32","1",0,0,0,0,0
"320","1","2026082","20260810","20260814","32","2",0,0,0,0,0
"320","1","2026082","20260810","20260814","33","1",0,0,0,0,0
"320","1","2026082","20260810","20260814","33","2",0,0,0,0,0
"320","1","2026082","20260810","20260814","41","1",0,0,0,0,0
"320","1","2026082","20260810","20260814","41","2",0,0,0,0,0
"320","1","2026082","20260810","20260814","51","1",0,0,0,0,0
"320","1","2026082","20260810","20260814","51","2",0,0,0,0,0
"320","1","2026082","20260810","20260814","60","1",4019,0,4659,640,8678
"320","1","2026082","20260810","20260814","60","2",2242619675,0,2367019675,124400000,4609639350
"327","1","2026082","20260810","20260814","11","1",0,0,0,0,0
"327","1","2026082","20260810","20260814","11","2",0,0,0,0,0
"327","1","2026082","20260810","20260814","21","1",0,0,0,0,0
"327","1","2026082","20260810","20260814","21","2",0,0,0,0,0
"327","1","2026082","20260810","20260814","22","1",0,0,0,0,0
"327","1","2026082","20260810","20260814","22","2",0,0,0,0,0
"327","1","2026082","20260810","20260814","23","1",0,0,0,0,0
"327","1","2026082","20260810","20260814","23","2",0,0,0,0,0
"327","1","2026082","20260810","20260814","24","1",0,0,0,0,0
"327","1","2026082","20260810","20260814","24","2",0,0,0,0,0
"327","1","2026082","20260810","20260814","31","1",0,0,0,0,0
"327","1","2026082","20260810","20260814","31","2",0,0,0,0,0
"327","1","2026082","20260810","20260814","32","1",0,0,0,0,0
"327","1","2026082","20260810","20260814","32","2",0,0,0,0,0
"327","1","2026082","20260810","20260814","33","1",0,0,0,0,0
"327","1","2026082","20260810","20260814","33","2",0,0,0,0,0
"327","1","2026082","20260810","20260814","41","1",0,0,0,0,0
"327","1","2026082","20260810","20260814","41","2",0,0,0,0,0
"327","1","2026082","20260810","20260814","51","1",0,0,0,0,0
"327","1","2026082","20260810","20260814","51","2",0,0,0,0,0
"327","1","2026082","20260810","20260814","60","1",0,0,0,0,0
"327","1","2026082","20260810","20260814","60","2",0,0,0,0,0
"328","1","2026082","20260810","20260814","11","1",0,0,0,0,0
"328","1","2026082","20260810","20260814","11","2",0,0,0,0,0
"328","1","2026082","20260810","20260814","21","1",0,0,0,0,0
"328","1","2026082","20260810","20260814","21","2",0,0,0,0,0
"328","1","2026082","20260810","20260814","22","1",0,0,0,0,0
"328","1","2026082","20260810","20260814","22","2",0,0,0,0,0
"328","1","2026082","20260810","20260814","23","1",0,0,0,0,0
"328","1","2026082","20260810","20260814","23","2",0,0,0,0,0
"328","1","2026082","20260810","20260814","24","1",0,0,0,0,0
"328","1","2026082","20260810","20260814","24","2",0,0,0,0,0
"328","1","2026082","20260810","20260814","31","1",0,0,0,0,0
"328","1","2026082","20260810","20260814","31","2",0,0,0,0,0
"328","1","2026082","20260810","20260814","32","1",0,0,0,0,0
"328","1","2026082","20260810","20260814","32","2",0,0,0,0,0
"328","1","2026082","20260810","20260814","33","1",0,0,0,0,0
"328","1","2026082","20260810","20260814","33","2",0,0,0,0,0
"328","1","2026082","20260810","20260814","41","1",0,0,0,0,0
"328","1","2026082","20260810","20260814","41","2",0,0,0,0,0
"328","1","2026082","20260810","20260814","51","1",0,0,0,0,0
"328","1","2026082","20260810","20260814","51","2",0,0,0,0,0
"328","1","2026082","20260810","20260814","60","1",0,0,0,0,0
"328","1","2026082","20260810","20260814","60","2",0,0,0,0,0
"439","1","2026082","20260810","20260814","11","1",0,0,0,0,0
"439","1","2026082","20260810","20260814","11","2",0,0,0,0,0
"439","1","2026082","20260810","20260814","21","1",0,0,0,0,0
"439","1","2026082","20260810","20260814","21","2",0,0,0,0,0
"439","1","2026082","20260810","20260814","22","1",0,0,0,0,0
"439","1","2026082","20260810","20260814","22","2",0,0,0,0,0
"439","1","2026082","20260810","20260814","23","1",0,0,0,0,0
"439","1","2026082","20260810","20260814","23","2",0,0,0,0,0
"439","1","2026082","20260810","20260814","24","1",0,0,0,0,0
"439","1","2026082","20260810","20260814","24","2",0,0,0,0,0
"439","1","2026082","20260810","20260814","31","1",0,0,0,0,0
"439","1","2026082","20260810","20260814","31","2",0,0,0,0,0
"439","1","2026082","20260810","20260814","32","1",0,0,0,0,0
"439","1","2026082","20260810","20260814","32","2",0,0,0,0,0
"439","1","2026082","20260810","20260814","33","1",0,0,0,0,0
"439","1","2026082","20260810","20260814","33","2",0,0,0,0,0
"439","1","2026082","20260810","20260814","41","1",0,0,0,0,0
"439","1","2026082","20260810","20260814","41","2",0,0,0,0,0
"439","1","2026082","20260810","20260814","51","1",0,0,0,0,0
"439","1","2026082","20260810","20260814","51","2",0,0,0,0,0
"439","1","2026082","20260810","20260814","60","1",0,0,0,0,0
"439","1","2026082","20260810","20260814","60","2",0,0,0,0,0
"440","1","2026082","20260810","20260814","11","1",0,0,0,0,0
"440","1","2026082","20260810","20260814","11","2",0,0,0,0,0
"440","1","2026082","20260810","20260814","21","1",0,0,0,0,0
"440","1","2026082","20260810","20260814","21","2",0,0,0,0,0
"440","1","2026082","20260810","20260814","22","1",0,0,0,0,0
"440","1","2026082","20260810","20260814","22","2",0,0,0,0,0
"440","1","2026082","20260810","20260814","23","1",0,0,0,0,0
"440","1","2026082","20260810","20260814","23","2",0,0,0,0,0
"440","1","2026082","20260810","20260814","24","1",0,0,0,0,0
"440","1","2026082","20260810","20260814","24","2",0,0,0,0,0
"440","1","2026082","20260810","20260814","31","1",0,0,0,0,0
"440","1","2026082","20260810","20260814","31","2",0,0,0,0,0
"440","1","2026082","20260810","20260814","32","1",0,0,0,0,0
"440","1","2026082","20260810","20260814","32","2",0,0,0,0,0
"440","1","2026082","20260810","20260814","33","1",0,0,0,0,0
"440","1","2026082","20260810","20260814","33","2",0,0,0,0,0
"440","1","2026082","20260810","20260814","41","1",0,0,0,0,0
"440","1","2026082","20260810","20260814","41","2",0,0,0,0,0
"440","1","2026082","20260810","20260814","51","1",0,0,0,0,0
"440","1","2026082","20260810","20260814","51","2",0,0,0,0,0
"440","1","2026082","20260810","20260814","60","1",0,0,0,0,0
"440","1","2026082","20260810","20260814","60","2",0,0,0,0,0
"441","1","2026082","20260810","20260814","11","1",0,0,0,0,0
"441","1","2026082","20260810","20260814","11","2",0,0,0,0,0
"441","1","2026082","20260810","20260814","21","1",0,0,0,0,0
"441","1","2026082","20260810","20260814","21","2",0,0,0,0,0
"441","1","2026082","20260810","20260814","22","1",0,0,0,0,0
"441","1","2026082","20260810","20260814","22","2",0,0,0,0,0
"441","1","2026082","20260810","20260814","23","1",0,0,0,0,0
"441","1","2026082","20260810","20260814","23","2",0,0,0,0,0
"441","1","2026082","20260810","20260814","24","1",0,0,0,0,0
"441","1","2026082","20260810","20260814","24","2",0,0,0,0,0
"441","1","2026082","20260810","20260814","31","1",0,0,0,0,0
"441","1","2026082","20260810","20260814","31","2",0,0,0,0,0
"441","1","2026082","20260810","20260814","32","1",0,0,0,0,0
"441","1","2026082","20260810","20260814","32","2",0,0,0,0,0
"441","1","2026082","20260810","20260814","33","1",0,0,0,0,0
"441","1","2026082","20260810","20260814","33","2",0,0,0,0,0
"441","1","2026082","20260810","20260814","41","1",0,0,0,0,0
"441","1","2026082","20260810","20260814","41","2",0,0,0,0,0
"441","1","2026082","20260810","20260814","51","1",0,0,0,0,0
"441","1","2026082","20260810","20260814","51","2",0,0,0,0,0
"441","1","2026082","20260810","20260814","60","1",0,0,0,0,0
"441","1","2026082","20260810","20260814","60","2",0,0,0,0,0
"442","1","2026082","20260810","20260814","11","1",0,0,0,0,0
"442","1","2026082","20260810","20260814","11","2",0,0,0,0,0
"442","1","2026082","20260810","20260814","21","1",0,0,0,0,0
"442","1","2026082","20260810","20260814","21","2",0,0,0,0,0
"442","1","2026082","20260810","20260814","22","1",0,0,0,0,0
"442","1","2026082","20260810","20260814","22","2",0,0,0,0,0
"442","1","2026082","20260810","20260814","23","1",0,0,0,0,0
"442","1","2026082","20260810","20260814","23","2",0,0,0,0,0
"442","1","2026082","20260810","20260814","24","1",0,0,0,0,0
"442","1","2026082","20260810","20260814","24","2",0,0,0,0,0
"442","1","2026082","20260810","20260814","31","1",0,0,0,0,0
"442","1","2026082","20260810","20260814","31","2",0,0,0,0,0
"442","1","2026082","20260810","20260814","32","1",0,0,0,0,0
"442","1","2026082","20260810","20260814","32","2",0,0,0,0,0
"442","1","2026082","20260810","20260814","33","1",0,0,0,0,0
"442","1","2026082","20260810","20260814","33","2",0,0,0,0,0
"442","1","2026082","20260810","20260814","41","1",0,0,0,0,0
"442","1","2026082","20260810","20260814","41","2",0,0,0,0,0
"442","1","2026082","20260810","20260814","51","1",0,0,0,0,0
"442","1","2026082","20260810","20260814","51","2",0,0,0,0,0
"442","1","2026082","20260810","20260814","60","1",0,0,0,0,0
"442","1","2026082","20260810","20260814","60","2",0,0,0,0,0
"321","1","2026082","20260810","20260814","11","1",70,0,120,50,190
"321","1","2026082","20260810","20260814","11","2",23500000,0,32150000,8650000,55650000
"321","1","2026082","20260810","20260814","21","1",0,0,0,0,0
"321","1","2026082","20260810","20260814","21","2",0,0,0,0,0
"321","1","2026082","20260810","20260814","22","1",40,-20,20,0,60
"321","1","2026082","20260810","20260814","22","2",8400000,0,8600000,200000,17000000
"321","1","2026082","20260810","20260814","23","1",8,-8,0,0,8
"321","1","2026082","20260810","20260814","23","2",800000,-800000,0,0,800000
"321","1","2026082","20260810","20260814","24","1",0,0,0,0,0
"321","1","2026082","20260810","20260814","24","2",0,0,0,0,0
"321","1","2026082","20260810","20260814","31","1",60,-60,0,0,60
"321","1","2026082","20260810","20260814","31","2",4200000,-4200000,0,0,4200000
"321","1","2026082","20260810","20260814","32","1",0,0,0,0,0
"321","1","2026082","20260810","20260814","32","2",0,0,0,0,0
"321","1","2026082","20260810","20260814","33","1",0,0,0,0,0
"321","1","2026082","20260810","20260814","33","2",0,0,0,0,0
"321","1","2026082","20260810","20260814","41","1",0,0,0,0,0
"321","1","2026082","20260810","20260814","41","2",0,0,0,0,0
"321","1","2026082","20260810","20260814","51","1",0,0,0,0,0
"321","1","2026082","20260810","20260814","51","2",0,0,0,0,0
"321","1","2026082","20260810","20260814","60","1",100,0,150,50,250
"321","1","2026082","20260810","20260814","60","2",13900000,0,18050000,4150000,31950000
"322","1","2026082","20260810","20260814","11","1",65,-3,62,0,127
"322","1","2026082","20260810","20260814","11","2",7150000,0,13550000,6400000,20700000
"322","1","2026082","20260810","20260814","21","1",0,0,0,0,0
"322","1","2026082","20260810","20260814","21","2",0,0,0,0,0
"322","1","2026082","20260810","20260814","22","1",20,-20,0,0,20
"322","1","2026082","20260810","20260814","22","2",2200000,-2200000,0,0,2200000
"322","1","2026082","20260810","20260814","23","1",0,0,18,18,18
"322","1","2026082","20260810","20260814","23","2",0,0,2960000,2960000,2960000
"322","1","2026082","20260810","20260814","24","1",0,0,0,0,0
"322","1","2026082","20260810","20260814","24","2",0,0,0,0,0
"322","1","2026082","20260810","20260814","31","1",0,0,0,0,0
"322","1","2026082","20260810","20260814","31","2",0,0,0,0,0
"322","1","2026082","20260810","20260814","32","1",0,0,0,0,0
"322","1","2026082","20260810","20260814","32","2",0,0,0,0,0
"322","1","2026082","20260810","20260814","33","1",0,0,0,0,0
"322","1","2026082","20260810","20260814","33","2",0,0,0,0,0
"322","1","2026082","20260810","20260814","41","1",0,0,0,0,0
"322","1","2026082","20260810","20260814","41","2",0,0,0,0,0
"322","1","2026082","20260810","20260814","51","1",0,0,0,0,0
"322","1","2026082","20260810","20260814","51","2",0,0,0,0,0
"322","1","2026082","20260810","20260814","60","1",98,-18,80,0,178
"322","1","2026082","20260810","20260814","60","2",12460000,0,15050000,2590000,27510000
"307","1","2026082","20260810","20260814","11","1",22025,0,22330,305,44355
"307","1","2026082","20260810","20260814","11","2",483554800,-177715500,305839300,0,789394100
"307","1","2026082","20260810","20260814","21","1",0,0,0,0,0
"307","1","2026082","20260810","20260814","21","2",0,0,0,0,0
"307","1","2026082","20260810","20260814","22","1",0,0,0,0,0
"307","1","2026082","20260810","20260814","22","2",0,0,0,0,0
"307","1","2026082","20260810","20260814","23","1",0,0,0,0,0
"307","1","2026082","20260810","20260814","23","2",0,0,0,0,0
"307","1","2026082","20260810","20260814","24","1",0,0,0,0,0
"307","1","2026082","20260810","20260814","24","2",0,0,0,0,0
"307","1","2026082","20260810","20260814","31","1",0,0,0,0,0
"307","1","2026082","20260810","20260814","31","2",0,0,0,0,0
"307","1","2026082","20260810","20260814","32","1",2051,0,3000,949,5051
"307","1","2026082","20260810","20260814","32","2",3484045,-1637045,1847000,0,5331045
"307","1","2026082","20260810","20260814","33","1",0,0,0,0,0
"307","1","2026082","20260810","20260814","33","2",0,0,0,0,0
"307","1","2026082","20260810","20260814","41","1",0,0,0,0,0
"307","1","2026082","20260810","20260814","41","2",0,0,0,0,0
"307","1","2026082","20260810","20260814","51","1",2151,-1847,304,0,2455
"307","1","2026082","20260810","20260814","51","2",11967904,-11258942,708962,0,12676866
"307","1","2026082","20260810","20260814","60","1",27264,0,28855,1591,56119
"307","1","2026082","20260810","20260814","60","2",364178902,0,567105710,202926808,931284612
"308","1","2026082","20260810","20260814","11","1",15765,-6810,8955,0,24720
"308","1","2026082","20260810","20260814","11","2",274496750,-109251750,165245000,0,439741750
"308","1","2026082","20260810","20260814","21","1",0,0,0,0,0
"308","1","2026082","20260810","20260814","21","2",0,0,0,0,0
"308","1","2026082","20260810","20260814","22","1",0,0,0,0,0
"308","1","2026082","20260810","20260814","22","2",0,0,0,0,0
"308","1","2026082","20260810","20260814","23","1",0,0,0,0,0
"308","1","2026082","20260810","20260814","23","2",0,0,0,0,0
"308","1","2026082","20260810","20260814","24","1",0,0,0,0,0
"308","1","2026082","20260810","20260814","24","2",0,0,0,0,0
"308","1","2026082","20260810","20260814","31","1",0,0,0,0,0
"308","1","2026082","20260810","20260814","31","2",0,0,0,0,0
"308","1","2026082","20260810","20260814","32","1",3087,0,3140,53,6227
"308","1","2026082","20260810","20260814","32","2",6624130,-1875530,4748600,0,11372730
"308","1","2026082","20260810","20260814","33","1",0,0,0,0,0
"308","1","2026082","20260810","20260814","33","2",0,0,0,0,0
"308","1","2026082","20260810","20260814","41","1",0,0,0,0,0
"308","1","2026082","20260810","20260814","41","2",0,0,0,0,0
"308","1","2026082","20260810","20260814","51","1",867,0,3220,2353,4087
"308","1","2026082","20260810","20260814","51","2",9126840,-5909163,3217677,0,12344517
"308","1","2026082","20260810","20260814","60","1",17276,0,22652,5376,39928
"308","1","2026082","20260810","20260814","60","2",243954339,0,380159972,136205633,624114311
"413","1","2026082","20260810","20260814","11","1",0,0,0,0,0
"413","1","2026082","20260810","20260814","11","2",0,0,0,0,0
"413","1","2026082","20260810","20260814","21","1",0,0,0,0,0
"413","1","2026082","20260810","20260814","21","2",0,0,0,0,0
"413","1","2026082","20260810","20260814","22","1",0,0,0,0,0
"413","1","2026082","20260810","20260814","22","2",0,0,0,0,0
"413","1","2026082","20260810","20260814","23","1",0,0,0,0,0
"413","1","2026082","20260810","20260814","23","2",0,0,0,0,0
"413","1","2026082","20260810","20260814","24","1",0,0,0,0,0
"413","1","2026082","20260810","20260814","24","2",0,0,0,0,0
"413","1","2026082","20260810","20260814","31","1",0,0,0,0,0
"413","1","2026082","20260810","20260814","31","2",0,0,0,0,0
"413","1","2026082","20260810","20260814","32","1",0,0,0,0,0
"413","1","2026082","20260810","20260814","32","2",0,0,0,0,0
"413","1","2026082","20260810","20260814","33","1",0,0,0,0,0
"413","1","2026082","20260810","20260814","33","2",0,0,0,0,0
"413","1","2026082","20260810","20260814","41","1",0,0,0,0,0
"413","1","2026082","20260810","20260814","41","2",0,0,0,0,0
"413","1","2026082","20260810","20260814","51","1",0,0,0,0,0
"413","1","2026082","20260810","20260814","51","2",0,0,0,0,0
"413","1","2026082","20260810","20260814","60","1",0,0,0,0,0
"413","1","2026082","20260810","20260814","60","2",0,0,0,0,0
"414","1","2026082","20260810","20260814","11","1",0,0,0,0,0
"414","1","2026082","20260810","20260814","11","2",0,0,0,0,0
"414","1","2026082","20260810","20260814","21","1",0,0,0,0,0
"414","1","2026082","20260810","20260814","21","2",0,0,0,0,0
"414","1","2026082","20260810","20260814","22","1",0,0,0,0,0
"414","1","2026082","20260810","20260814","22","2",0,0,0,0,0
"414","1","2026082","20260810","20260814","23","1",0,0,0,0,0
"414","1","2026082","20260810","20260814","23","2",0,0,0,0,0
"414","1","2026082","20260810","20260814","24","1",0,0,0,0,0
"414","1","2026082","20260810","20260814","24","2",0,0,0,0,0
"414","1","2026082","20260810","20260814","31","1",0,0,0,0,0
"414","1","2026082","20260810","20260814","31","2",0,0,0,0,0
"414","1","2026082","20260810","20260814","32","1",0,0,0,0,0
"414","1","2026082","20260810","20260814","32","2",0,0,0,0,0
"414","1","2026082","20260810","20260814","33","1",0,0,0,0,0
"414","1","2026082","20260810","20260814","33","2",0,0,0,0,0
"414","1","2026082","20260810","20260814","41","1",0,0,0,0,0
"414","1","2026082","20260810","20260814","41","2",0,0,0,0,0
"414","1","2026082","20260810","20260814","51","1",0,0,0,0,0
"414","1","2026082","20260810","20260814","51","2",0,0,0,0,0
"414","1","2026082","20260810","20260814","60","1",0,0,0,0,0
"414","1","2026082","20260810","20260814","60","2",0,0,0,0,0
