"帳票種別 Product type","サイクル区分 Cycle","年月週 Year, Month, Week","報告年月日（自）Period covered - from","報告年月日（至）Period covered - to","投資部門コード Type of Investor","数量金額区分 Volume/Value","売 Sales","売-差引 Balance","買 Purchases","買-差引 Balance","合計 Total"
"301","1","2026081","20260803","20260807","11","1",22998,-7456,15542,0,38540
"301","1","2026081","20260803","20260807","11","2",1503525515834,-491962235410,1011563280424,0,2515088796258
"301","1","2026081","20260803","20260807","21","1",32,0,295,263,327
"301","1","2026081","20260803","20260807","21","2",2115900000,0,19462390000,17346490000,21578290000
"301","1","2026081","20260803","20260807","22","1",1097,0,1866,769,2963
"301","1","2026081","20260803","20260807","22","2",71763930000,0,122541899200,50777969200,194305829200
"301","1","2026081","20260803","20260807","23","1",3794,0,4968,1174,8762
"301","1","2026081","20260803","20260807","23","2",246433655900,0,326517985450,80084329550,572951641350
"301","1","2026081","20260803","20260807","24","1",20,0,114,94,134
"301","1","2026081","20260803","20260807","24","2",1283220000,0,7255570000,5972350000,8538790000
"301","1","2026081","20260803","20260807","31","1",772,0,982,210,1754
"301","1","2026081","20260803","20260807","31","2",50209772750,0,63908219430,13698446680,114117992180
"301","1","2026081","20260803","20260807","32","1",965,-230,735,0,1700
"301","1","2026081","20260803","20260807","32","2",62475649500,-14973864700,47501784800,0,109977434300
"301","1","2026081","20260803","20260807","33","1",185,-60,125,0,310
"301","1","2026081","20260803","20260807","33","2",12069770600,-3922560600,8147210000,0,20216980600
"301","1","2026081","20260803","20260807","41","1",68,-6,62,0,130
"301","1","2026081","20260803","20260807","41","2",4448730000,-409690000,4039040000,0,8487770000
"301","1","2026081","20260803","20260807","51","1",18455,-35,18420,0,36875
"301","1","2026081","20260803","20260807","51","2",1193765594600,-3429506900,1190336087700,0,2384101682300
"301","1","2026081","20260803","20260807","60","1",165450,0,170749,5299,336199
"301","1","2026081","20260803","20260807","60","2",10680685635470,0,11030520640350,349835004880,21711206275820
"313","1","2026081","20260803","20260807","11","1",35646,0,49125,13479,84771
"313","1","2026081","20260803","20260807","11","2",231417778376,0,317481064250,86063285874,548898842626
"313","1","2026081","20260803","20260807","21","1",0,0,0,0,0
"313","1","2026081","20260803","20260807","21","2",0,0,0,0,0
"313","1","2026081","20260803","20260807","22","1",0,0,0,0,0
"313","1","2026081","20260803","20260807","22","2",0,0,0,0,0
"313","1","2026081","20260803","20260807","23","1",97,0,136,39,233
"313","1","2026081","20260803","20260807","23","2",629852850,0,873376850,243524000,1503229700
"313","1","2026081","20260803","20260807","24","1",0,0,0,0,0
"313","1","2026081","20260803","20260807","24","2",0,0,0,0,0
"313","1","2026081","20260803","20260807","31","1",855,-53,802,0,1657
"313","1","2026081","20260803","20260807","31","2",5504827056,-338468380,5166358676,0,10671185732
"313","1","2026081","20260803","20260807","32","1",16838,-32,16806,0,33644
"313","1","2026081","20260803","20260807","32","2",108522482420,-371536710,108150945710,0,216673428130
"313","1","2026081","20260803","20260807","33","1",2700,0,2738,38,5438
"313","1","2026081","20260803","20260807","33","2",17531589130,0,17771346210,239757080,35302935340
"313","1","2026081","20260803","20260807","41","1",56,0,91,35,147
"313","1","2026081","20260803","20260807","41","2",362387500,0,588279500,225892000,950667000
"313","1","2026081","20260803","20260807","51","1",622928,0,623528,600,1246456
"313","1","2026081","20260803","20260807","51","2",4022452774860,0,4025634468560,3181693700,8048087243420
"313","1","2026081","20260803","20260807","60","1",2394805,-14945,2379860,0,4774665
"313","1","2026081","20260803","20260807","60","2",15450884830121,-94892999184,15355991830937,0,30806876661058
"331","1","2026081","20260803","20260807","11","1",0,0,0,0,0
"331","1","2026081","20260803","20260807","11","2",0,0,0,0,0
"331","1","2026081","20260803","20260807","21","1",0,0,0,0,0
"331","1","2026081","20260803","20260807","21","2",0,0,0,0,0
"331","1","2026081","20260803","20260807","22","1",0,0,0,0,0
"331","1","2026081","20260803","20260807","22","2",0,0,0,0,0
"331","1","2026081","20260803","20260807","23","1",0,0,0,0,0
"331","1","2026081","20260803","20260807","23","2",0,0,0,0,0
"331","1","2026081","20260803","20260807","24","1",0,0,0,0,0
"331","1","2026081","20260803","20260807","24","2",0,0,0,0,0
"331","1","2026081","20260803","20260807","31","1",0,0,0,0,0
"331","1","2026081","20260803","20260807","31","2",0,0,0,0,0
"331","1","2026081","20260803","20260807","32","1",6225,-42,6183,0,12408
"331","1","2026081","20260803","20260807","32","2",4028782500,-30441050,3998341450,0,8027123950
"331","1","2026081","20260803","20260807","33","1",1356,-35,1321,0,2677
"331","1","2026081","20260803","20260807","33","2",877772100,-23787000,853985100,0,1731757200
"331","1","2026081","20260803","20260807","41","1",0,0,0,0,0
"331","1","2026081","20260803","20260807","41","2",0,0,0,0,0
"331","1","2026081","20260803","20260807","51","1",1296818,-6181,1290637,0,2587455
"331","1","2026081","20260803","20260807","51","2",837750797800,-4189586350,833561211450,0,1671312009250
"331","1","2026081","20260803","20260807","60","1",3079648,0,3086831,7183,6166479
"331","1","2026081","20260803","20260807","60","2",1986209893350,0,1991114633700,4904740350,3977324527050
"314","1","2026081","20260803","20260807","11","1",40391,-4764,35627,0,76018
"314","1","2026081","20260803","20260807","11","2",1626646814760,-199454031120,1427192783640,0,3053839598400
"314","1","2026081","20260803","20260807","21","1",127,-88,39,0,166
"314","1","2026081","20260803","20260807","21","2",5124525000,-3571320000,1553205000,0,6677730000
"314","1","2026081","20260803","20260807","22","1",1044,-374,670,0,1714
"314","1","2026081","20260803","20260807","22","2",41021650000,-14075030000,26946620000,0,67968270000
"314","1","2026081","20260803","20260807","23","1",6742,-3392,3350,0,10092
"314","1","2026081","20260803","20260807","23","2",271978153700,-138516983860,133461169840,0,405439323540
"314","1","2026081","20260803","20260807","24","1",306,-306,0,0,306
"314","1","2026081","20260803","20260807","24","2",12102760000,-12102760000,0,0,12102760000
"314","1","2026081","20260803","20260807","31","1",1618,0,1816,198,3434
"314","1","2026081","20260803","20260807","31","2",65326256700,0,73150469900,7824213200,138476726600
"314","1","2026081","20260803","20260807","32","1",320,0,400,80,720
"314","1","2026081","20260803","20260807","32","2",12801795000,0,16069623000,3267828000,28871418000
"314","1","2026081","20260803","20260807","33","1",36,-3,33,0,69
"314","1","2026081","20260803","20260807","33","2",1444825000,-125316000,1319509000,0,2764334000
"314","1","2026081","20260803","20260807","41","1",3,-1,2,0,5
"314","1","2026081","20260803","20260807","41","2",122335000,-42550000,79785000,0,202120000
"314","1","2026081","20260803","20260807","51","1",1869,0,2066,197,3935
"314","1","2026081","20260803","20260807","51","2",74791349000,0,82378646000,7587297000,157169995000
"314","1","2026081","20260803","20260807","60","1",305644,0,313887,8243,619531
"314","1","2026081","20260803","20260807","60","2",12192602730740,0,12533461580520,340858849780,24726064311260
"316","1","2026081","20260803","20260807","11","1",1196,0,7045,5849,8241
"316","1","2026081","20260803","20260807","11","2",4782856850,0,27778161210,22995304360,32561018060
"316","1","2026081","20260803","20260807","21","1",0,0,0,0,0
"316","1","2026081","20260803","20260807","21","2",0,0,0,0,0
"316","1","2026081","20260803","20260807","22","1",0,0,0,0,0
"316","1","2026081","20260803","20260807","22","2",0,0,0,0,0
"316","1","2026081","20260803","20260807","23","1",394,0,707,313,1101
"316","1","2026081","20260803","20260807","23","2",1571396250,0,2827890500,1256494250,4399286750
"316","1","2026081","20260803","20260807","24","1",0,0,0,0,0
"316","1","2026081","20260803","20260807","24","2",0,0,0,0,0
"316","1","2026081","20260803","20260807","31","1",591,-17,574,0,1165
"316","1","2026081","20260803","20260807","31","2",2369745710,-73941860,2295803850,0,4665549560
"316","1","2026081","20260803","20260807","32","1",100,-33,67,0,167
"316","1","2026081","20260803","20260807","32","2",399981500,-132782000,267199500,0,667181000
"316","1","2026081","20260803","20260807","33","1",45,0,54,9,99
"316","1","2026081","20260803","20260807","33","2",181121750,0,216455250,35333500,397577000
"316","1","2026081","20260803","20260807","41","1",0,0,0,0,0
"316","1","2026081","20260803","20260807","41","2",0,0,0,0,0
"316","1","2026081","20260803","20260807","51","1",9038,-894,8144,0,17182
"316","1","2026081","20260803","20260807","51","2",36116259200,-3580909200,32535350000,0,68651609200
"316","1","2026081","20260803","20260807","60","1",88813,-5071,83742,0,172555
"316","1","2026081","20260803","20260807","60","2",354112757625,-19877715550,334235042075,0,688347799700
"335","1","2026081","20260803","20260807","11","1",0,0,0,0,0
"335","1","2026081","20260803","20260807","11","2",0,0,0,0,0
"335","1","2026081","20260803","20260807","21","1",0,0,0,0,0
"335","1","2026081","20260803","20260807","21","2",0,0,0,0,0
"335","1","2026081","20260803","20260807","22","1",0,0,0,0,0
"335","1","2026081","20260803","20260807","22","2",0,0,0,0,0
"335","1","2026081","20260803","20260807","23","1",0,0,0,0,0
"335","1","2026081","20260803","20260807","23","2",0,0,0,0,0
"335","1","2026081","20260803","20260807","24","1",0,0,0,0,0
"335","1","2026081","20260803","20260807","24","2",0,0,0,0,0
"335","1","2026081","20260803","20260807","31","1",0,0,0,0,0
"335","1","2026081","20260803","20260807","31","2",0,0,0,0,0
"335","1","2026081","20260803","20260807","32","1",0,0,0,0,0
"335","1","2026081","20260803","20260807","32","2",0,0,0,0,0
"335","1","2026081","20260803","20260807","33","1",0,0,0,0,0
"335","1","2026081","20260803","20260807","33","2",0,0,0,0,0
"335","1","2026081","20260803","20260807","41","1",0,0,0,0,0
"335","1","2026081","20260803","20260807","41","2",0,0,0,0,0
"335","1","2026081","20260803","20260807","51","1",0,0,0,0,0
"335","1","2026081","20260803","20260807","51","2",0,0,0,0,0
"335","1","2026081","20260803","20260807","60","1",0,0,0,0,0
"335","1","2026081","20260803","20260807","60","2",0,0,0,0,0
"323","1","2026081","20260803","20260807","11","1",568,-246,322,0,890
"323","1","2026081","20260803","20260807","11","2",2066722218,-893530000,1173192218,0,3239914436
"323","1","2026081","20260803","20260807","21","1",0,0,0,0,0
"323","1","2026081","20260803","20260807","21","2",0,0,0,0,0
"323","1","2026081","20260803","20260807","22","1",0,0,0,0,0
"323","1","2026081","20260803","20260807","22","2",0,0,0,0,0
"323","1","2026081","20260803","20260807","23","1",54,0,116,62,170
"323","1","2026081","20260803","20260807","23","2",195589000,0,422479500,226890500,618068500
"323","1","2026081","20260803","20260807","24","1",0,0,0,0,0
"323","1","2026081","20260803","20260807","24","2",0,0,0,0,0
"323","1","2026081","20260803","20260807","31","1",45,0,47,2,92
"323","1","2026081","20260803","20260807","31","2",163563500,0,171277000,7713500,334840500
"323","1","2026081","20260803","20260807","32","1",1,-1,0,0,1
"323","1","2026081","20260803","20260807","32","2",3661000,-3661000,0,0,3661000
"323","1","2026081","20260803","20260807","33","1",0,0,0,0,0
"323","1","2026081","20260803","20260807","33","2",0,0,0,0,0
"323","1","2026081","20260803","20260807","41","1",0,0,0,0,0
"323","1","2026081","20260803","20260807","41","2",0,0,0,0,0
"323","1","2026081","20260803","20260807","51","1",645,0,950,305,1595
"323","1","2026081","20260803","20260807","51","2",2328147030,0,3410294390,1082147360,5738441420
"323","1","2026081","20260803","20260807","60","1",11159,-232,10927,0,22086
"323","1","2026081","20260803","20260807","60","2",40201143000,-814795000,39386348000,0,79587491000
"449","1","2026081","20260803","20260807","11","1",15,0,942,927,957
"449","1","2026081","20260803","20260807","11","2",108516000,0,6890105800,6781589800,6998621800
"449","1","2026081","20260803","20260807","21","1",0,0,0,0,0
"449","1","2026081","20260803","20260807","21","2",0,0,0,0,0
"449","1","2026081","20260803","20260807","22","1",0,0,0,0,0
"449","1","2026081","20260803","20260807","22","2",0,0,0,0,0
"449","1","2026081","20260803","20260807","23","1",0,0,0,0,0
"449","1","2026081","20260803","20260807","23","2",0,0,0,0,0
"449","1","2026081","20260803","20260807","24","1",0,0,0,0,0
"449","1","2026081","20260803","20260807","24","2",0,0,0,0,0
"449","1","2026081","20260803","20260807","31","1",0,0,0,0,0
"449","1","2026081","20260803","20260807","31","2",0,0,0,0,0
"449","1","2026081","20260803","20260807","32","1",0,0,0,0,0
"449","1","2026081","20260803","20260807","32","2",0,0,0,0,0
"449","1","2026081","20260803","20260807","33","1",0,0,0,0,0
"449","1","2026081","20260803","20260807","33","2",0,0,0,0,0
"449","1","2026081","20260803","20260807","41","1",0,0,0,0,0
"449","1","2026081","20260803","20260807","41","2",0,0,0,0,0
"449","1","2026081","20260803","20260807","51","1",0,0,0,0,0
"449","1","2026081","20260803","20260807","51","2",0,0,0,0,0
"449","1","2026081","20260803","20260807","60","1",1002,-927,75,0,1077
"449","1","2026081","20260803","20260807","60","2",7327811000,-6781589800,546221200,0,7874032200
"329","1","2026081","20260803","20260807","11","1",1820,-406,1414,0,3234
"329","1","2026081","20260803","20260807","11","2",3278411420,-731313500,2547097920,0,5825509340
"329","1","2026081","20260803","20260807","21","1",0,0,0,0,0
"329","1","2026081","20260803","20260807","21","2",0,0,0,0,0
"329","1","2026081","20260803","20260807","22","1",0,0,0,0,0
"329","1","2026081","20260803","20260807","22","2",0,0,0,0,0
"329","1","2026081","20260803","20260807","23","1",369,0,477,108,846
"329","1","2026081","20260803","20260807","23","2",663502660,0,856503680,193001020,1520006340
"329","1","2026081","20260803","20260807","24","1",0,0,0,0,0
"329","1","2026081","20260803","20260807","24","2",0,0,0,0,0
"329","1","2026081","20260803","20260807","31","1",634,-233,401,0,1035
"329","1","2026081","20260803","20260807","31","2",1139934150,-418158910,721775240,0,1861709390
"329","1","2026081","20260803","20260807","32","1",0,0,0,0,0
"329","1","2026081","20260803","20260807","32","2",0,0,0,0,0
"329","1","2026081","20260803","20260807","33","1",0,0,0,0,0
"329","1","2026081","20260803","20260807","33","2",0,0,0,0,0
"329","1","2026081","20260803","20260807","41","1",0,0,0,0,0
"329","1","2026081","20260803","20260807","41","2",0,0,0,0,0
"329","1","2026081","20260803","20260807","51","1",101,0,147,46,248
"329","1","2026081","20260803","20260807","51","2",182274000,0,265122000,82848000,447396000
"329","1","2026081","20260803","20260807","60","1",538,0,1066,528,1604
"329","1","2026081","20260803","20260807","60","2",969934110,0,1920902000,950967890,2890836110
"312","1","2026081","20260803","20260807","11","1",0,0,0,0,0
"312","1","2026081","20260803","20260807","11","2",0,0,0,0,0
"312","1","2026081","20260803","20260807","21","1",0,0,0,0,0
"312","1","2026081","20260803","20260807","21","2",0,0,0,0,0
"312","1","2026081","20260803","20260807","22","1",0,0,0,0,0
"312","1","2026081","20260803","20260807","22","2",0,0,0,0,0
"312","1","2026081","20260803","20260807","23","1",0,0,0,0,0
"312","1","2026081","20260803","20260807","23","2",0,0,0,0,0
"312","1","2026081","20260803","20260807","24","1",0,0,0,0,0
"312","1","2026081","20260803","20260807","24","2",0,0,0,0,0
"312","1","2026081","20260803","20260807","31","1",0,0,0,0,0
"312","1","2026081","20260803","20260807","31","2",0,0,0,0,0
"312","1","2026081","20260803","20260807","32","1",0,0,0,0,0
"312","1","2026081","20260803","20260807","32","2",0,0,0,0,0
"312","1","2026081","20260803","20260807","33","1",0,0,0,0,0
"312","1","2026081","20260803","20260807","33","2",0,0,0,0,0
"312","1","2026081","20260803","20260807","41","1",0,0,0,0,0
"312","1","2026081","20260803","20260807","41","2",0,0,0,0,0
"312","1","2026081","20260803","20260807","51","1",0,0,0,0,0
"312","1","2026081","20260803","20260807","51","2",0,0,0,0,0
"312","1","2026081","20260803","20260807","60","1",0,0,0,0,0
"312","1","2026081","20260803","20260807","60","2",0,0,0,0,0
"324","1","2026081","20260803","20260807","11","1",291,-171,120,0,411
"324","1","2026081","20260803","20260807","11","2",205569930,-119749580,85820350,0,291390280
"324","1","2026081","20260803","20260807","21","1",0,0,0,0,0
"324","1","2026081","20260803","20260807","21","2",0,0,0,0,0
"324","1","2026081","20260803","20260807","22","1",0,0,0,0,0
"324","1","2026081","20260803","20260807","22","2",0,0,0,0,0
"324","1","2026081","20260803","20260807","23","1",128,-47,81,0,209
"324","1","2026081","20260803","20260807","23","2",89861350,-32680420,57180930,0,147042280
"324","1","2026081","20260803","20260807","24","1",0,0,0,0,0
"324","1","2026081","20260803","20260807","24","2",0,0,0,0,0
"324","1","2026081","20260803","20260807","31","1",0,0,160,160,160
"324","1","2026081","20260803","20260807","31","2",0,0,110335000,110335000,110335000
"324","1","2026081","20260803","20260807","32","1",528,-195,333,0,861
"324","1","2026081","20260803","20260807","32","2",369675000,-135589000,234086000,0,603761000
"324","1","2026081","20260803","20260807","33","1",51,0,62,11,113
"324","1","2026081","20260803","20260807","33","2",36159100,0,43648000,7488900,79807100
"324","1","2026081","20260803","20260807","41","1",0,0,0,0,0
"324","1","2026081","20260803","20260807","41","2",0,0,0,0,0
"324","1","2026081","20260803","20260807","51","1",3787,0,4568,781,8355
"324","1","2026081","20260803","20260807","51","2",2641847900,0,3187447700,545599800,5829295600
"324","1","2026081","20260803","20260807","60","1",6367,-525,5842,0,12209
"324","1","2026081","20260803","20260807","60","2",4455827500,-366101000,4089726500,0,8545554000
"309","1","2026081","20260803","20260807","11","1",11,0,11,0,22
"309","1","2026081","20260803","20260807","11","2",58116300,0,58119600,3300,116235900
"309","1","2026081","20260803","20260807","21","1",0,0,0,0,0
"309","1","2026081","20260803","20260807","21","2",0,0,0,0,0
"309","1","2026081","20260803","20260807","22","1",0,0,0,0,0
"309","1","2026081","20260803","20260807","22","2",0,0,0,0,0
"309","1","2026081","20260803","20260807","23","1",0,0,0,0,0
"309","1","2026081","20260803","20260807","23","2",0,0,0,0,0
"309","1","2026081","20260803","20260807","24","1",0,0,0,0,0
"309","1","2026081","20260803","20260807","24","2",0,0,0,0,0
"309","1","2026081","20260803","20260807","31","1",0,0,0,0,0
"309","1","2026081","20260803","20260807","31","2",0,0,0,0,0
"309","1","2026081","20260803","20260807","32","1",12,0,23,11,35
"309","1","2026081","20260803","20260807","32","2",63568900,0,123507400,59938500,187076300
"309","1","2026081","20260803","20260807","33","1",0,0,0,0,0
"309","1","2026081","20260803","20260807","33","2",0,0,0,0,0
"309","1","2026081","20260803","20260807","41","1",0,0,0,0,0
"309","1","2026081","20260803","20260807","41","2",0,0,0,0,0
"309","1","2026081","20260803","20260807","51","1",573,-98,475,0,1048
"309","1","2026081","20260803","20260807","51","2",3078470600,-523767410,2554703190,0,5633173790
"309","1","2026081","20260803","20260807","60","1",1132,0,1257,125,2389
"309","1","2026081","20260803","20260807","60","2",6094163600,0,6765256000,671092400,12859419600
"325","1","2026081","20260803","20260807","11","1",0,0,0,0,0
"325","1","2026081","20260803","20260807","11","2",0,0,0,0,0
"325","1","2026081","20260803","20260807","21","1",0,0,0,0,0
"325","1","2026081","20260803","20260807","21","2",0,0,0,0,0
"325","1","2026081","20260803","20260807","22","1",0,0,0,0,0
"325","1","2026081","20260803","20260807","22","2",0,0,0,0,0
"325","1","2026081","20260803","20260807","23","1",0,0,0,0,0
"325","1","2026081","20260803","20260807","23","2",0,0,0,0,0
"325","1","2026081","20260803","20260807","24","1",0,0,0,0,0
"325","1","2026081","20260803","20260807","24","2",0,0,0,0,0
"325","1","2026081","20260803","20260807","31","1",0,0,0,0,0
"325","1","2026081","20260803","20260807","31","2",0,0,0,0,0
"325","1","2026081","20260803","20260807","32","1",0,0,0,0,0
"325","1","2026081","20260803","20260807","32","2",0,0,0,0,0
"325","1","2026081","20260803","20260807","33","1",0,0,0,0,0
"325","1","2026081","20260803","20260807","33","2",0,0,0,0,0
"325","1","2026081","20260803","20260807","41","1",0,0,0,0,0
"325","1","2026081","20260803","20260807","41","2",0,0,0,0,0
"325","1","2026081","20260803","20260807","51","1",0,0,0,0,0
"325","1","2026081","20260803","20260807","51","2",0,0,0,0,0
"325","1","2026081","20260803","20260807","60","1",0,0,0,0,0
"325","1","2026081","20260803","20260807","60","2",0,0,0,0,0
"326","1","2026081","20260803","20260807","11","1",0,0,0,0,0
"326","1","2026081","20260803","20260807","11","2",0,0,0,0,0
"326","1","2026081","20260803","20260807","21","1",0,0,0,0,0
"326","1","2026081","20260803","20260807","21","2",0,0,0,0,0
"326","1","2026081","20260803","20260807","22","1",0,0,0,0,0
"326","1","2026081","20260803","20260807","22","2",0,0,0,0,0
"326","1","2026081","20260803","20260807","23","1",0,0,0,0,0
"326","1","2026081","20260803","20260807","23","2",0,0,0,0,0
"326","1","2026081","20260803","20260807","24","1",0,0,0,0,0
"326","1","2026081","20260803","20260807","24","2",0,0,0,0,0
"326","1","2026081","20260803","20260807","31","1",0,0,0,0,0
"326","1","2026081","20260803","20260807","31","2",0,0,0,0,0
"326","1","2026081","20260803","20260807","32","1",0,0,0,0,0
"326","1","2026081","20260803","20260807","32","2",0,0,0,0,0
"326","1","2026081","20260803","20260807","33","1",0,0,0,0,0
"326","1","2026081","20260803","20260807","33","2",0,0,0,0,0
"326","1","2026081","20260803","20260807","41","1",0,0,0,0,0
"326","1","2026081","20260803","20260807","41","2",0,0,0,0,0
"326","1","2026081","20260803","20260807","51","1",0,0,0,0,0
"326","1","2026081","20260803","20260807","51","2",0,0,0,0,0
"326","1","2026081","20260803","20260807","60","1",0,0,0,0,0
"326","1","2026081","20260803","20260807","60","2",0,0,0,0,0
"315","1","2026081","20260803","20260807","11","1",0,0,0,0,0
"315","1","2026081","20260803","20260807","11","2",0,0,0,0,0
"315","1","2026081","20260803","20260807","21","1",0,0,0,0,0
"315","1","2026081","20260803","20260807","21","2",0,0,0,0,0
"315","1","2026081","20260803","20260807","22","1",0,0,0,0,0
"315","1","2026081","20260803","20260807","22","2",0,0,0,0,0
"315","1","2026081","20260803","20260807","23","1",0,0,0,0,0
"315","1","2026081","20260803","20260807","23","2",0,0,0,0,0
"315","1","2026081","20260803","20260807","24","1",0,0,0,0,0
"315","1","2026081","20260803","20260807","24","2",0,0,0,0,0
"315","1","2026081","20260803","20260807","31","1",0,0,0,0,0
"315","1","2026081","20260803","20260807","31","2",0,0,0,0,0
"315","1","2026081","20260803","20260807","32","1",2,0,22,20,24
"315","1","2026081","20260803","20260807","32","2",681000,0,7815500,7134500,8496500
"315","1","2026081","20260803","20260807","33","1",0,0,0,0,0
"315","1","2026081","20260803","20260807","33","2",0,0,0,0,0
"315","1","2026081","20260803","20260807","41","1",0,0,0,0,0
"315","1","2026081","20260803","20260807","41","2",0,0,0,0,0
"315","1","2026081","20260803","20260807","51","1",40,0,137,97,177
"315","1","2026081","20260803","20260807","51","2",13597500,0,47444000,33846500,61041500
"315","1","2026081","20260803","20260807","60","1",151,-123,28,0,179
"315","1","2026081","20260803","20260807","60","2",53071500,-43950500,9121000,0,62192500
"436","1","2026081","20260803","20260807","11","1",0,0,0,0,0
"436","1","2026081","20260803","20260807","11","2",0,0,0,0,0
"436","1","2026081","20260803","20260807","21","1",0,0,0,0,0
"436","1","2026081","20260803","20260807","21","2",0,0,0,0,0
"436","1","2026081","20260803","20260807","22","1",0,0,0,0,0
"436","1","2026081","20260803","20260807","22","2",0,0,0,0,0
"436","1","2026081","20260803","20260807","23","1",0,0,0,0,0
"436","1","2026081","20260803","20260807","23","2",0,0,0,0,0
"436","1","2026081","20260803","20260807","24","1",0,0,0,0,0
"436","1","2026081","20260803","20260807","24","2",0,0,0,0,0
"436","1","2026081","20260803","20260807","31","1",0,0,0,0,0
"436","1","2026081","20260803","20260807","31","2",0,0,0,0,0
"436","1","2026081","20260803","20260807","32","1",0,0,0,0,0
"436","1","2026081","20260803","20260807","32","2",0,0,0,0,0
"436","1","2026081","20260803","20260807","33","1",0,0,0,0,0
"436","1","2026081","20260803","20260807","33","2",0,0,0,0,0
"436","1","2026081","20260803","20260807","41","1",0,0,0,0,0
"436","1","2026081","20260803","20260807","41","2",0,0,0,0,0
"436","1","2026081","20260803","20260807","51","1",0,0,0,0,0
"436","1","2026081","20260803","20260807","51","2",0,0,0,0,0
"436","1","2026081","20260803","20260807","60","1",138,0,213,75,351
"436","1","2026081","20260803","20260807","60","2",216388400,0,335280200,118891800,551668600
"437","1","2026081","20260803","20260807","11","1",0,0,0,0,0
"437","1","2026081","20260803","20260807","11","2",0,0,0,0,0
"437","1","2026081","20260803","20260807","21","1",0,0,0,0,0
"437","1","2026081","20260803","20260807","21","2",0,0,0,0,0
"437","1","2026081","20260803","20260807","22","1",0,0,0,0,0
"437","1","2026081","20260803","20260807","22","2",0,0,0,0,0
"437","1","2026081","20260803","20260807","23","1",0,0,0,0,0
"437","1","2026081","20260803","20260807","23","2",0,0,0,0,0
"437","1","2026081","20260803","20260807","24","1",0,0,0,0,0
"437","1","2026081","20260803","20260807","24","2",0,0,0,0,0
"437","1","2026081","20260803","20260807","31","1",0,0,0,0,0
"437","1","2026081","20260803","20260807","31","2",0,0,0,0,0
"437","1","2026081","20260803","20260807","32","1",0,0,0,0,0
"437","1","2026081","20260803","20260807","32","2",0,0,0,0,0
"437","1","2026081","20260803","20260807","33","1",0,0,0,0,0
"437","1","2026081","20260803","20260807","33","2",0,0,0,0,0
"437","1","2026081","20260803","20260807","41","1",0,0,0,0,0
"437","1","2026081","20260803","20260807","41","2",0,0,0,0,0
"437","1","2026081","20260803","20260807","51","1",0,0,0,0,0
"437","1","2026081","20260803","20260807","51","2",0,0,0,0,0
"437","1","2026081","20260803","20260807","60","1",185,-1,184,0,369
"437","1","2026081","20260803","20260807","60","2",432838900,-2171400,430667500,0,863506400
"438","1","2026081","20260803","20260807","11","1",0,0,0,0,0
"438","1","2026081","20260803","20260807","11","2",0,0,0,0,0
"438","1","2026081","20260803","20260807","21","1",0,0,0,0,0
"438","1","2026081","20260803","20260807","21","2",0,0,0,0,0
"438","1","2026081","20260803","20260807","22","1",0,0,0,0,0
"438","1","2026081","20260803","20260807","22","2",0,0,0,0,0
"438","1","2026081","20260803","20260807","23","1",0,0,0,0,0
"438","1","2026081","20260803","20260807","23","2",0,0,0,0,0
"438","1","2026081","20260803","20260807","24","1",0,0,0,0,0
"438","1","2026081","20260803","20260807","24","2",0,0,0,0,0
"438","1","2026081","20260803","20260807","31","1",0,0,0,0,0
"438","1","2026081","20260803","20260807","31","2",0,0,0,0,0
"438","1","2026081","20260803","20260807","32","1",0,0,0,0,0
"438","1","2026081","20260803","20260807","32","2",0,0,0,0,0
"438","1","2026081","20260803","20260807","33","1",0,0,0,0,0
"438","1","2026081","20260803","20260807","33","2",0,0,0,0,0
"438","1","2026081","20260803","20260807","41","1",0,0,0,0,0
"438","1","2026081","20260803","20260807","41","2",0,0,0,0,0
"438","1","2026081","20260803","20260807","51","1",0,0,0,0,0
"438","1","2026081","20260803","20260807","51","2",0,0,0,0,0
"438","1","2026081","20260803","20260807","60","1",0,0,0,0,0
"438","1","2026081","20260803","20260807","60","2",0,0,0,0,0
"317","1","2026081","20260803","20260807","11","1",57914,0,58298,384,116212
"317","1","2026081","20260803","20260807","11","2",7352463125000,0,7400850810000,48387685000,14753313935000
"317","1","2026081","20260803","20260807","21","1",335,0,528,193,863
"317","1","2026081","20260803","20260807","21","2",42540750000,0,67092310000,24551560000,109633060000
"317","1","2026081","20260803","20260807","22","1",567,0,626,59,1193
"317","1","2026081","20260803","20260807","22","2",72035440000,0,79504090000,7468650000,151539530000
"317","1","2026081","20260803","20260807","23","1",1894,-18,1876,0,3770
"317","1","2026081","20260803","20260807","23","2",240661820000,-2529780000,238132040000,0,478793860000
"317","1","2026081","20260803","20260807","24","1",269,0,347,78,616
"317","1","2026081","20260803","20260807","24","2",34176250000,0,44040090000,9863840000,78216340000
"317","1","2026081","20260803","20260807","31","1",930,-278,652,0,1582
"317","1","2026081","20260803","20260807","31","2",118104380000,-35306700000,82797680000,0,200902060000
"317","1","2026081","20260803","20260807","32","1",2,0,2,0,4
"317","1","2026081","20260803","20260807","32","2",254720000,-320000,254400000,0,509120000
"317","1","2026081","20260803","20260807","33","1",0,0,0,0,0
"317","1","2026081","20260803","20260807","33","2",0,0,0,0,0
"317","1","2026081","20260803","20260807","41","1",20,-10,10,0,30
"317","1","2026081","20260803","20260807","41","2",2533460000,-1264710000,1268750000,0,3802210000
"317","1","2026081","20260803","20260807","51","1",2,-1,1,0,3
"317","1","2026081","20260803","20260807","51","2",254330000,-127300000,127030000,0,381360000
"317","1","2026081","20260803","20260807","60","1",144522,-561,143961,0,288483
"317","1","2026081","20260803","20260807","60","2",18346515050000,-70580305000,18275934745000,0,36622449795000
"330","1","2026081","20260803","20260807","11","1",0,0,0,0,0
"330","1","2026081","20260803","20260807","11","2",0,0,0,0,0
"330","1","2026081","20260803","20260807","21","1",0,0,0,0,0
"330","1","2026081","20260803","20260807","21","2",0,0,0,0,0
"330","1","2026081","20260803","20260807","22","1",0,0,0,0,0
"330","1","2026081","20260803","20260807","22","2",0,0,0,0,0
"330","1","2026081","20260803","20260807","23","1",0,0,0,0,0
"330","1","2026081","20260803","20260807","23","2",0,0,0,0,0
"330","1","2026081","20260803","20260807","24","1",0,0,0,0,0
"330","1","2026081","20260803","20260807","24","2",0,0,0,0,0
"330","1","2026081","20260803","20260807","31","1",0,0,0,0,0
"330","1","2026081","20260803","20260807","31","2",0,0,0,0,0
"330","1","2026081","20260803","20260807","32","1",0,0,0,0,0
"330","1","2026081","20260803","20260807","32","2",0,0,0,0,0
"330","1","2026081","20260803","20260807","33","1",0,0,0,0,0
"330","1","2026081","20260803","20260807","33","2",0,0,0,0,0
"330","1","2026081","20260803","20260807","41","1",0,0,0,0,0
"330","1","2026081","20260803","20260807","41","2",0,0,0,0,0
"330","1","2026081","20260803","20260807","51","1",2,0,2,0,4
"330","1","2026081","20260803","20260807","51","2",25418000,-58000,25360000,0,50778000
"330","1","2026081","20260803","20260807","60","1",3556,-19,3537,0,7093
"330","1","2026081","20260803","20260807","60","2",45144924000,-240711000,44904213000,0,90049137000
"318","1","2026081","20260803","20260807","11","1",4145,-200,3945,0,8090
"318","1","2026081","20260803","20260807","11","2",37599967000,-1813636000,35786331000,0,73386298000
"318","1","2026081","20260803","20260807","21","1",0,0,0,0,0
"318","1","2026081","20260803","20260807","21","2",0,0,0,0,0
"318","1","2026081","20260803","20260807","22","1",0,0,0,0,0
"318","1","2026081","20260803","20260807","22","2",0,0,0,0,0
"318","1","2026081","20260803","20260807","23","1",0,0,0,0,0
"318","1","2026081","20260803","20260807","23","2",0,0,0,0,0
"318","1","2026081","20260803","20260807","24","1",0,0,0,0,0
"318","1","2026081","20260803","20260807","24","2",0,0,0,0,0
"318","1","2026081","20260803","20260807","31","1",0,0,0,0,0
"318","1","2026081","20260803","20260807","31","2",0,0,0,0,0
"318","1","2026081","20260803","20260807","32","1",0,0,0,0,0
"318","1","2026081","20260803","20260807","32","2",0,0,0,0,0
"318","1","2026081","20260803","20260807","33","1",0,0,0,0,0
"318","1","2026081","20260803","20260807","33","2",0,0,0,0,0
"318","1","2026081","20260803","20260807","41","1",0,0,0,0,0
"318","1","2026081","20260803","20260807","41","2",0,0,0,0,0
"318","1","2026081","20260803","20260807","51","1",0,0,0,0,0
"318","1","2026081","20260803","20260807","51","2",0,0,0,0,0
"318","1","2026081","20260803","20260807","60","1",101,0,301,200,402
"318","1","2026081","20260803","20260807","60","2",915734000,0,2729370000,1813636000,3645104000
"334","1","2026081","20260803","20260807","11","1",2853,-570,2283,0,5136
"334","1","2026081","20260803","20260807","11","2",70303376875,-14017780000,56285596875,0,126588973750
"334","1","2026081","20260803","20260807","21","1",0,0,0,0,0
"334","1","2026081","20260803","20260807","21","2",0,0,0,0,0
"334","1","2026081","20260803","20260807","22","1",0,0,0,0,0
"334","1","2026081","20260803","20260807","22","2",0,0,0,0,0
"334","1","2026081","20260803","20260807","23","1",0,0,0,0,0
"334","1","2026081","20260803","20260807","23","2",0,0,0,0,0
"334","1","2026081","20260803","20260807","24","1",0,0,0,0,0
"334","1","2026081","20260803","20260807","24","2",0,0,0,0,0
"334","1","2026081","20260803","20260807","31","1",0,0,0,0,0
"334","1","2026081","20260803","20260807","31","2",0,0,0,0,0
"334","1","2026081","20260803","20260807","32","1",0,0,0,0,0
"334","1","2026081","20260803","20260807","32","2",0,0,0,0,0
"334","1","2026081","20260803","20260807","33","1",0,0,0,0,0
"334","1","2026081","20260803","20260807","33","2",0,0,0,0,0
"334","1","2026081","20260803","20260807","41","1",0,0,0,0,0
"334","1","2026081","20260803","20260807","41","2",0,0,0,0,0
"334","1","2026081","20260803","20260807","51","1",0,0,0,0,0
"334","1","2026081","20260803","20260807","51","2",0,0,0,0,0
"334","1","2026081","20260803","20260807","60","1",18928,0,21365,2437,40293
"334","1","2026081","20260803","20260807","60","2",467372708750,0,527784957500,60412248750,995157666250
"400","1","2026081","20260803","20260807","11","1",249,0,425,176,674
"400","1","2026081","20260803","20260807","11","2",5311935000,0,9214053000,3902118000,14525988000
"400","1","2026081","20260803","20260807","21","1",0,0,0,0,0
"400","1","2026081","20260803","20260807","21","2",0,0,0,0,0
"400","1","2026081","20260803","20260807","22","1",0,0,0,0,0
"400","1","2026081","20260803","20260807","22","2",0,0,0,0,0
"400","1","2026081","20260803","20260807","23","1",0,0,0,0,0
"400","1","2026081","20260803","20260807","23","2",0,0,0,0,0
"400","1","2026081","20260803","20260807","24","1",222,0,762,540,984
"400","1","2026081","20260803","20260807","24","2",4856925000,0,16293694000,11436769000,21150619000
"400","1","2026081","20260803","20260807","31","1",0,0,0,0,0
"400","1","2026081","20260803","20260807","31","2",0,0,0,0,0
"400","1","2026081","20260803","20260807","32","1",3581,-872,2709,0,6290
"400","1","2026081","20260803","20260807","32","2",76691330000,-18911119000,57780211000,0,134471541000
"400","1","2026081","20260803","20260807","33","1",1674,-208,1466,0,3140
"400","1","2026081","20260803","20260807","33","2",36042802000,-4536866000,31505936000,0,67548738000
"400","1","2026081","20260803","20260807","41","1",111,-7,104,0,215
"400","1","2026081","20260803","20260807","41","2",2382925000,-153763000,2229162000,0,4612087000
"400","1","2026081","20260803","20260807","51","1",9719,-923,8796,0,18515
"400","1","2026081","20260803","20260807","51","2",209612119000,-19949444000,189662675000,0,399274794000
"400","1","2026081","20260803","20260807","60","1",43732,0,45026,1294,88758
"400","1","2026081","20260803","20260807","60","2",942184483000,0,970396788000,28212305000,1912581271000
"443","1","2026081","20260803","20260807","11","1",50,-50,0,0,50
"443","1","2026081","20260803","20260807","11","2",104637300,-104637300,0,0,104637300
"443","1","2026081","20260803","20260807","21","1",0,0,0,0,0
"443","1","2026081","20260803","20260807","21","2",0,0,0,0,0
"443","1","2026081","20260803","20260807","22","1",0,0,0,0,0
"443","1","2026081","20260803","20260807","22","2",0,0,0,0,0
"443","1","2026081","20260803","20260807","23","1",0,0,0,0,0
"443","1","2026081","20260803","20260807","23","2",0,0,0,0,0
"443","1","2026081","20260803","20260807","24","1",217,0,287,70,504
"443","1","2026081","20260803","20260807","24","2",470379100,0,601639800,131260700,1072018900
"443","1","2026081","20260803","20260807","31","1",0,0,0,0,0
"443","1","2026081","20260803","20260807","31","2",0,0,0,0,0
"443","1","2026081","20260803","20260807","32","1",6,0,10,4,16
"443","1","2026081","20260803","20260807","32","2",12614600,0,22054100,9439500,34668700
"443","1","2026081","20260803","20260807","33","1",69,-13,56,0,125
"443","1","2026081","20260803","20260807","33","2",146285700,-28761500,117524200,0,263809900
"443","1","2026081","20260803","20260807","41","1",0,0,0,0,0
"443","1","2026081","20260803","20260807","41","2",0,0,0,0,0
"443","1","2026081","20260803","20260807","51","1",282,-96,186,0,468
"443","1","2026081","20260803","20260807","51","2",604048200,-208171500,395876700,0,999924900
"443","1","2026081","20260803","20260807","60","1",862,0,947,85,1809
"443","1","2026081","20260803","20260807","60","2",1821899000,0,2022769100,200870100,3844668100
"401","1","2026081","20260803","20260807","11","1",693,-325,368,0,1061
"401","1","2026081","20260803","20260807","11","2",1476028200,-688929450,787098750,0,2263126950
"401","1","2026081","20260803","20260807","21","1",0,0,0,0,0
"401","1","2026081","20260803","20260807","21","2",0,0,0,0,0
"401","1","2026081","20260803","20260807","22","1",0,0,0,0,0
"401","1","2026081","20260803","20260807","22","2",0,0,0,0,0
"401","1","2026081","20260803","20260807","23","1",0,0,0,0,0
"401","1","2026081","20260803","20260807","23","2",0,0,0,0,0
"401","1","2026081","20260803","20260807","24","1",289,0,344,55,633
"401","1","2026081","20260803","20260807","24","2",634363550,0,737803300,103439750,1372166850
"401","1","2026081","20260803","20260807","31","1",0,0,52,52,52
"401","1","2026081","20260803","20260807","31","2",0,0,113841500,113841500,113841500
"401","1","2026081","20260803","20260807","32","1",621,-50,571,0,1192
"401","1","2026081","20260803","20260807","32","2",1337052250,-95223150,1241829100,0,2578881350
"401","1","2026081","20260803","20260807","33","1",1198,-137,1061,0,2259
"401","1","2026081","20260803","20260807","33","2",2559407400,-297633550,2261773850,0,4821181250
"401","1","2026081","20260803","20260807","41","1",188,0,203,15,391
"401","1","2026081","20260803","20260807","41","2",406502400,0,438481100,31978700,844983500
"401","1","2026081","20260803","20260807","51","1",12296,-707,11589,0,23885
"401","1","2026081","20260803","20260807","51","2",26524147750,-1529619200,24994528550,0,51518676300
"401","1","2026081","20260803","20260807","60","1",34195,0,35292,1097,69487
"401","1","2026081","20260803","20260807","60","2",73753574800,0,76115720200,2362145400,149869295000
"402","1","2026081","20260803","20260807","11","1",0,0,0,0,0
"402","1","2026081","20260803","20260807","11","2",0,0,0,0,0
"402","1","2026081","20260803","20260807","21","1",0,0,0,0,0
"402","1","2026081","20260803","20260807","21","2",0,0,0,0,0
"402","1","2026081","20260803","20260807","22","1",0,0,0,0,0
"402","1","2026081","20260803","20260807","22","2",0,0,0,0,0
"402","1","2026081","20260803","20260807","23","1",0,0,0,0,0
"402","1","2026081","20260803","20260807","23","2",0,0,0,0,0
"402","1","2026081","20260803","20260807","24","1",32,-22,10,0,42
"402","1","2026081","20260803","20260807","24","2",67406300,-46816000,20590300,0,87996600
"402","1","2026081","20260803","20260807","31","1",0,0,0,0,0
"402","1","2026081","20260803","20260807","31","2",0,0,0,0,0
"402","1","2026081","20260803","20260807","32","1",17,-2,15,0,32
"402","1","2026081","20260803","20260807","32","2",35970600,-4539000,31431600,0,67402200
"402","1","2026081","20260803","20260807","33","1",46,0,109,63,155
"402","1","2026081","20260803","20260807","33","2",98471700,0,234346500,135874800,332818200
"402","1","2026081","20260803","20260807","41","1",3,0,10,7,13
"402","1","2026081","20260803","20260807","41","2",6597300,0,21828200,15230900,28425500
"402","1","2026081","20260803","20260807","51","1",321,-105,216,0,537
"402","1","2026081","20260803","20260807","51","2",682957100,-222802400,460154700,0,1143111800
"402","1","2026081","20260803","20260807","60","1",463,0,522,59,985
"402","1","2026081","20260803","20260807","60","2",988786500,0,1111838200,123051700,2100624700
"403","1","2026081","20260803","20260807","11","1",0,0,0,0,0
"403","1","2026081","20260803","20260807","11","2",0,0,0,0,0
"403","1","2026081","20260803","20260807","21","1",0,0,0,0,0
"403","1","2026081","20260803","20260807","21","2",0,0,0,0,0
"403","1","2026081","20260803","20260807","22","1",0,0,0,0,0
"403","1","2026081","20260803","20260807","22","2",0,0,0,0,0
"403","1","2026081","20260803","20260807","23","1",0,0,0,0,0
"403","1","2026081","20260803","20260807","23","2",0,0,0,0,0
"403","1","2026081","20260803","20260807","24","1",0,0,0,0,0
"403","1","2026081","20260803","20260807","24","2",0,0,0,0,0
"403","1","2026081","20260803","20260807","31","1",0,0,0,0,0
"403","1","2026081","20260803","20260807","31","2",0,0,0,0,0
"403","1","2026081","20260803","20260807","32","1",0,0,3,3,3
"403","1","2026081","20260803","20260807","32","2",0,0,29070000,29070000,29070000
"403","1","2026081","20260803","20260807","33","1",0,0,0,0,0
"403","1","2026081","20260803","20260807","33","2",0,0,0,0,0
"403","1","2026081","20260803","20260807","41","1",0,0,0,0,0
"403","1","2026081","20260803","20260807","41","2",0,0,0,0,0
"403","1","2026081","20260803","20260807","51","1",4,-3,1,0,5
"403","1","2026081","20260803","20260807","51","2",38670000,-29070000,9600000,0,48270000
"403","1","2026081","20260803","20260807","60","1",0,0,0,0,0
"403","1","2026081","20260803","20260807","60","2",0,0,0,0,0
"404","1","2026081","20260803","20260807","11","1",18,0,44,26,62
"404","1","2026081","20260803","20260807","11","2",78201500,0,188199000,109997500,266400500
"404","1","2026081","20260803","20260807","21","1",0,0,0,0,0
"404","1","2026081","20260803","20260807","21","2",0,0,0,0,0
"404","1","2026081","20260803","20260807","22","1",0,0,0,0,0
"404","1","2026081","20260803","20260807","22","2",0,0,0,0,0
"404","1","2026081","20260803","20260807","23","1",0,0,0,0,0
"404","1","2026081","20260803","20260807","23","2",0,0,0,0,0
"404","1","2026081","20260803","20260807","24","1",618,0,916,298,1534
"404","1","2026081","20260803","20260807","24","2",2681651500,0,3939027000,1257375500,6620678500
"404","1","2026081","20260803","20260807","31","1",0,0,0,0,0
"404","1","2026081","20260803","20260807","31","2",0,0,0,0,0
"404","1","2026081","20260803","20260807","32","1",2106,-982,1124,0,3230
"404","1","2026081","20260803","20260807","32","2",9017759500,-4141685000,4876074500,0,13893834000
"404","1","2026081","20260803","20260807","33","1",937,0,960,23,1897
"404","1","2026081","20260803","20260807","33","2",4022833000,0,4116310000,93477000,8139143000
"404","1","2026081","20260803","20260807","41","1",32,-6,26,0,58
"404","1","2026081","20260803","20260807","41","2",138217000,-26158000,112059000,0,250276000
"404","1","2026081","20260803","20260807","51","1",3270,0,3326,56,6596
"404","1","2026081","20260803","20260807","51","2",13996921500,0,14241513000,244591500,28238434500
"404","1","2026081","20260803","20260807","60","1",13434,0,14019,585,27453
"404","1","2026081","20260803","20260807","60","2",57594495000,0,60056896500,2462401500,117651391500
"444","1","2026081","20260803","20260807","11","1",45,-45,0,0,45
"444","1","2026081","20260803","20260807","11","2",39821000,-39821000,0,0,39821000
"444","1","2026081","20260803","20260807","21","1",0,0,0,0,0
"444","1","2026081","20260803","20260807","21","2",0,0,0,0,0
"444","1","2026081","20260803","20260807","22","1",0,0,0,0,0
"444","1","2026081","20260803","20260807","22","2",0,0,0,0,0
"444","1","2026081","20260803","20260807","23","1",0,0,0,0,0
"444","1","2026081","20260803","20260807","23","2",0,0,0,0,0
"444","1","2026081","20260803","20260807","24","1",764,0,969,205,1733
"444","1","2026081","20260803","20260807","24","2",672159900,0,840851600,168691700,1513011500
"444","1","2026081","20260803","20260807","31","1",0,0,0,0,0
"444","1","2026081","20260803","20260807","31","2",0,0,0,0,0
"444","1","2026081","20260803","20260807","32","1",125,-125,0,0,125
"444","1","2026081","20260803","20260807","32","2",105552400,-105552400,0,0,105552400
"444","1","2026081","20260803","20260807","33","1",159,-26,133,0,292
"444","1","2026081","20260803","20260807","33","2",140419900,-22694300,117725600,0,258145500
"444","1","2026081","20260803","20260807","41","1",0,0,0,0,0
"444","1","2026081","20260803","20260807","41","2",0,0,0,0,0
"444","1","2026081","20260803","20260807","51","1",108,-74,34,0,142
"444","1","2026081","20260803","20260807","51","2",94492500,-64898200,29594300,0,124086800
"444","1","2026081","20260803","20260807","60","1",851,0,916,65,1767
"444","1","2026081","20260803","20260807","60","2",739619800,0,803894000,64274200,1543513800
"405","1","2026081","20260803","20260807","11","1",157,-87,70,0,227
"405","1","2026081","20260803","20260807","11","2",133327300,-72623600,60703700,0,194031000
"405","1","2026081","20260803","20260807","21","1",0,0,0,0,0
"405","1","2026081","20260803","20260807","21","2",0,0,0,0,0
"405","1","2026081","20260803","20260807","22","1",0,0,0,0,0
"405","1","2026081","20260803","20260807","22","2",0,0,0,0,0
"405","1","2026081","20260803","20260807","23","1",0,0,0,0,0
"405","1","2026081","20260803","20260807","23","2",0,0,0,0,0
"405","1","2026081","20260803","20260807","24","1",485,0,1067,582,1552
"405","1","2026081","20260803","20260807","24","2",415727700,0,902160150,486432450,1317887850
"405","1","2026081","20260803","20260807","31","1",0,0,0,0,0
"405","1","2026081","20260803","20260807","31","2",0,0,0,0,0
"405","1","2026081","20260803","20260807","32","1",102,-23,79,0,181
"405","1","2026081","20260803","20260807","32","2",88677800,-20283150,68394650,0,157072450
"405","1","2026081","20260803","20260807","33","1",174,0,182,8,356
"405","1","2026081","20260803","20260807","33","2",149736650,0,156538850,6802200,306275500
"405","1","2026081","20260803","20260807","41","1",17,-3,14,0,31
"405","1","2026081","20260803","20260807","41","2",14782150,-2756650,12025500,0,26807650
"405","1","2026081","20260803","20260807","51","1",2135,-332,1803,0,3938
"405","1","2026081","20260803","20260807","51","2",1824500850,-276914150,1547586700,0,3372087550
"405","1","2026081","20260803","20260807","60","1",2655,-145,2510,0,5165
"405","1","2026081","20260803","20260807","60","2",2264141600,-120657100,2143484500,0,4407626100
"406","1","2026081","20260803","20260807","11","1",0,0,0,0,0
"406","1","2026081","20260803","20260807","11","2",0,0,0,0,0
"406","1","2026081","20260803","20260807","21","1",0,0,0,0,0
"406","1","2026081","20260803","20260807","21","2",0,0,0,0,0
"406","1","2026081","20260803","20260807","22","1",0,0,0,0,0
"406","1","2026081","20260803","20260807","22","2",0,0,0,0,0
"406","1","2026081","20260803","20260807","23","1",0,0,0,0,0
"406","1","2026081","20260803","20260807","23","2",0,0,0,0,0
"406","1","2026081","20260803","20260807","24","1",2327,0,3111,784,5438
"406","1","2026081","20260803","20260807","24","2",1994241400,0,2664001500,669760100,4658242900
"406","1","2026081","20260803","20260807","31","1",0,0,0,0,0
"406","1","2026081","20260803","20260807","31","2",0,0,0,0,0
"406","1","2026081","20260803","20260807","32","1",5,-3,2,0,7
"406","1","2026081","20260803","20260807","32","2",4284300,-2636900,1647400,0,5931700
"406","1","2026081","20260803","20260807","33","1",211,-46,165,0,376
"406","1","2026081","20260803","20260807","33","2",181580900,-39337600,142243300,0,323824200
"406","1","2026081","20260803","20260807","41","1",0,0,1,1,1
"406","1","2026081","20260803","20260807","41","2",0,0,815000,815000,815000
"406","1","2026081","20260803","20260807","51","1",995,-531,464,0,1459
"406","1","2026081","20260803","20260807","51","2",846702500,-451289000,395413500,0,1242116000
"406","1","2026081","20260803","20260807","60","1",1960,-205,1755,0,3715
"406","1","2026081","20260803","20260807","60","2",1677598100,-177311600,1500286500,0,3177884600
"407","1","2026081","20260803","20260807","11","1",0,0,0,0,0
"407","1","2026081","20260803","20260807","11","2",0,0,0,0,0
"407","1","2026081","20260803","20260807","21","1",0,0,0,0,0
"407","1","2026081","20260803","20260807","21","2",0,0,0,0,0
"407","1","2026081","20260803","20260807","22","1",0,0,0,0,0
"407","1","2026081","20260803","20260807","22","2",0,0,0,0,0
"407","1","2026081","20260803","20260807","23","1",0,0,0,0,0
"407","1","2026081","20260803","20260807","23","2",0,0,0,0,0
"407","1","2026081","20260803","20260807","24","1",0,0,0,0,0
"407","1","2026081","20260803","20260807","24","2",0,0,0,0,0
"407","1","2026081","20260803","20260807","31","1",0,0,0,0,0
"407","1","2026081","20260803","20260807","31","2",0,0,0,0,0
"407","1","2026081","20260803","20260807","32","1",0,0,0,0,0
"407","1","2026081","20260803","20260807","32","2",0,0,0,0,0
"407","1","2026081","20260803","20260807","33","1",0,0,0,0,0
"407","1","2026081","20260803","20260807","33","2",0,0,0,0,0
"407","1","2026081","20260803","20260807","41","1",0,0,0,0,0
"407","1","2026081","20260803","20260807","41","2",0,0,0,0,0
"407","1","2026081","20260803","20260807","51","1",0,0,0,0,0
"407","1","2026081","20260803","20260807","51","2",0,0,0,0,0
"407","1","2026081","20260803","20260807","60","1",0,0,0,0,0
"407","1","2026081","20260803","20260807","60","2",0,0,0,0,0
"415","1","2026081","20260803","20260807","11","1",0,0,0,0,0
"415","1","2026081","20260803","20260807","11","2",0,0,0,0,0
"415","1","2026081","20260803","20260807","21","1",0,0,0,0,0
"415","1","2026081","20260803","20260807","21","2",0,0,0,0,0
"415","1","2026081","20260803","20260807","22","1",0,0,0,0,0
"415","1","2026081","20260803","20260807","22","2",0,0,0,0,0
"415","1","2026081","20260803","20260807","23","1",0,0,0,0,0
"415","1","2026081","20260803","20260807","23","2",0,0,0,0,0
"415","1","2026081","20260803","20260807","24","1",0,0,0,0,0
"415","1","2026081","20260803","20260807","24","2",0,0,0,0,0
"415","1","2026081","20260803","20260807","31","1",0,0,0,0,0
"415","1","2026081","20260803","20260807","31","2",0,0,0,0,0
"415","1","2026081","20260803","20260807","32","1",0,0,0,0,0
"415","1","2026081","20260803","20260807","32","2",0,0,0,0,0
"415","1","2026081","20260803","20260807","33","1",0,0,0,0,0
"415","1","2026081","20260803","20260807","33","2",0,0,0,0,0
"415","1","2026081","20260803","20260807","41","1",0,0,0,0,0
"415","1","2026081","20260803","20260807","41","2",0,0,0,0,0
"415","1","2026081","20260803","20260807","51","1",0,0,0,0,0
"415","1","2026081","20260803","20260807","51","2",0,0,0,0,0
"415","1","2026081","20260803","20260807","60","1",0,0,0,0,0
"415","1","2026081","20260803","20260807","60","2",0,0,0,0,0
"408","1","2026081","20260803","20260807","11","1",214,0,257,43,471
"408","1","2026081","20260803","20260807","11","2",448264500,0,537344500,89080000,985609000
"408","1","2026081","20260803","20260807","21","1",0,0,0,0,0
"408","1","2026081","20260803","20260807","21","2",0,0,0,0,0
"408","1","2026081","20260803","20260807","22","1",0,0,0,0,0
"408","1","2026081","20260803","20260807","22","2",0,0,0,0,0
"408","1","2026081","20260803","20260807","23","1",0,0,0,0,0
"408","1","2026081","20260803","20260807","23","2",0,0,0,0,0
"408","1","2026081","20260803","20260807","24","1",0,0,0,0,0
"408","1","2026081","20260803","20260807","24","2",0,0,0,0,0
"408","1","2026081","20260803","20260807","31","1",0,0,0,0,0
"408","1","2026081","20260803","20260807","31","2",0,0,0,0,0
"408","1","2026081","20260803","20260807","32","1",79,0,117,38,196
"408","1","2026081","20260803","20260807","32","2",165637000,0,246471500,80834500,412108500
"408","1","2026081","20260803","20260807","33","1",124,0,130,6,254
"408","1","2026081","20260803","20260807","33","2",258052500,0,270359000,12306500,528411500
"408","1","2026081","20260803","20260807","41","1",15,0,22,7,37
"408","1","2026081","20260803","20260807","41","2",31199000,0,46336000,15137000,77535000
"408","1","2026081","20260803","20260807","51","1",354,-44,310,0,664
"408","1","2026081","20260803","20260807","51","2",738592000,-90538000,648054000,0,1386646000
"408","1","2026081","20260803","20260807","60","1",3682,-50,3632,0,7314
"408","1","2026081","20260803","20260807","60","2",7667513500,-106820000,7560693500,0,15228207000
"409","1","2026081","20260803","20260807","11","1",0,0,0,0,0
"409","1","2026081","20260803","20260807","11","2",0,0,0,0,0
"409","1","2026081","20260803","20260807","21","1",0,0,0,0,0
"409","1","2026081","20260803","20260807","21","2",0,0,0,0,0
"409","1","2026081","20260803","20260807","22","1",0,0,0,0,0
"409","1","2026081","20260803","20260807","22","2",0,0,0,0,0
"409","1","2026081","20260803","20260807","23","1",0,0,0,0,0
"409","1","2026081","20260803","20260807","23","2",0,0,0,0,0
"409","1","2026081","20260803","20260807","24","1",0,0,0,0,0
"409","1","2026081","20260803","20260807","24","2",0,0,0,0,0
"409","1","2026081","20260803","20260807","31","1",0,0,0,0,0
"409","1","2026081","20260803","20260807","31","2",0,0,0,0,0
"409","1","2026081","20260803","20260807","32","1",0,0,0,0,0
"409","1","2026081","20260803","20260807","32","2",0,0,0,0,0
"409","1","2026081","20260803","20260807","33","1",0,0,0,0,0
"409","1","2026081","20260803","20260807","33","2",0,0,0,0,0
"409","1","2026081","20260803","20260807","41","1",0,0,0,0,0
"409","1","2026081","20260803","20260807","41","2",0,0,0,0,0
"409","1","2026081","20260803","20260807","51","1",0,0,0,0,0
"409","1","2026081","20260803","20260807","51","2",0,0,0,0,0
"409","1","2026081","20260803","20260807","60","1",0,0,0,0,0
"409","1","2026081","20260803","20260807","60","2",0,0,0,0,0
"431","1","2026081","20260803","20260807","11","1",0,0,0,0,0
"431","1","2026081","20260803","20260807","11","2",0,0,0,0,0
"431","1","2026081","20260803","20260807","21","1",0,0,0,0,0
"431","1","2026081","20260803","20260807","21","2",0,0,0,0,0
"431","1","2026081","20260803","20260807","22","1",0,0,0,0,0
"431","1","2026081","20260803","20260807","22","2",0,0,0,0,0
"431","1","2026081","20260803","20260807","23","1",0,0,0,0,0
"431","1","2026081","20260803","20260807","23","2",0,0,0,0,0
"431","1","2026081","20260803","20260807","24","1",0,0,0,0,0
"431","1","2026081","20260803","20260807","24","2",0,0,0,0,0
"431","1","2026081","20260803","20260807","31","1",0,0,0,0,0
"431","1","2026081","20260803","20260807","31","2",0,0,0,0,0
"431","1","2026081","20260803","20260807","32","1",0,0,0,0,0
"431","1","2026081","20260803","20260807","32","2",0,0,0,0,0
"431","1","2026081","20260803","20260807","33","1",0,0,0,0,0
"431","1","2026081","20260803","20260807","33","2",0,0,0,0,0
"431","1","2026081","20260803","20260807","41","1",0,0,0,0,0
"431","1","2026081","20260803","20260807","41","2",0,0,0,0,0
"431","1","2026081","20260803","20260807","51","1",0,0,0,0,0
"431","1","2026081","20260803","20260807","51","2",0,0,0,0,0
"431","1","2026081","20260803","20260807","60","1",248,0,248,0,496
"431","1","2026081","20260803","20260807","60","2",430422000,0,430422000,0,860844000
"410","1","2026081","20260803","20260807","11","1",0,0,0,0,0
"410","1","2026081","20260803","20260807","11","2",0,0,0,0,0
"410","1","2026081","20260803","20260807","21","1",0,0,0,0,0
"410","1","2026081","20260803","20260807","21","2",0,0,0,0,0
"410","1","2026081","20260803","20260807","22","1",0,0,0,0,0
"410","1","2026081","20260803","20260807","22","2",0,0,0,0,0
"410","1","2026081","20260803","20260807","23","1",0,0,0,0,0
"410","1","2026081","20260803","20260807","23","2",0,0,0,0,0
"410","1","2026081","20260803","20260807","24","1",0,0,0,0,0
"410","1","2026081","20260803","20260807","24","2",0,0,0,0,0
"410","1","2026081","20260803","20260807","31","1",0,0,0,0,0
"410","1","2026081","20260803","20260807","31","2",0,0,0,0,0
"410","1","2026081","20260803","20260807","32","1",0,0,0,0,0
"410","1","2026081","20260803","20260807","32","2",0,0,0,0,0
"410","1","2026081","20260803","20260807","33","1",0,0,0,0,0
"410","1","2026081","20260803","20260807","33","2",0,0,0,0,0
"410","1","2026081","20260803","20260807","41","1",0,0,0,0,0
"410","1","2026081","20260803","20260807","41","2",0,0,0,0,0
"410","1","2026081","20260803","20260807","51","1",0,0,0,0,0
"410","1","2026081","20260803","20260807","51","2",0,0,0,0,0
"410","1","2026081","20260803","20260807","60","1",0,0,0,0,0
"410","1","2026081","20260803","20260807","60","2",0,0,0,0,0
"411","1","2026081","20260803","20260807","11","1",0,0,0,0,0
"411","1","2026081","20260803","20260807","11","2",0,0,0,0,0
"411","1","2026081","20260803","20260807","21","1",0,0,0,0,0
"411","1","2026081","20260803","20260807","21","2",0,0,0,0,0
"411","1","2026081","20260803","20260807","22","1",0,0,0,0,0
"411","1","2026081","20260803","20260807","22","2",0,0,0,0,0
"411","1","2026081","20260803","20260807","23","1",0,0,0,0,0
"411","1","2026081","20260803","20260807","23","2",0,0,0,0,0
"411","1","2026081","20260803","20260807","24","1",0,0,0,0,0
"411","1","2026081","20260803","20260807","24","2",0,0,0,0,0
"411","1","2026081","20260803","20260807","31","1",0,0,0,0,0
"411","1","2026081","20260803","20260807","31","2",0,0,0,0,0
"411","1","2026081","20260803","20260807","32","1",0,0,0,0,0
"411","1","2026081","20260803","20260807","32","2",0,0,0,0,0
"411","1","2026081","20260803","20260807","33","1",0,0,0,0,0
"411","1","2026081","20260803","20260807","33","2",0,0,0,0,0
"411","1","2026081","20260803","20260807","41","1",0,0,0,0,0
"411","1","2026081","20260803","20260807","41","2",0,0,0,0,0
"411","1","2026081","20260803","20260807","51","1",0,0,0,0,0
"411","1","2026081","20260803","20260807","51","2",0,0,0,0,0
"411","1","2026081","20260803","20260807","60","1",0,0,0,0,0
"411","1","2026081","20260803","20260807","60","2",0,0,0,0,0
"412","1","2026081","20260803","20260807","11","1",0,0,0,0,0
"412","1","2026081","20260803","20260807","11","2",0,0,0,0,0
"412","1","2026081","20260803","20260807","21","1",0,0,0,0,0
"412","1","2026081","20260803","20260807","21","2",0,0,0,0,0
"412","1","2026081","20260803","20260807","22","1",0,0,0,0,0
"412","1","2026081","20260803","20260807","22","2",0,0,0,0,0
"412","1","2026081","20260803","20260807","23","1",0,0,0,0,0
"412","1","2026081","20260803","20260807","23","2",0,0,0,0,0
"412","1","2026081","20260803","20260807","24","1",0,0,0,0,0
"412","1","2026081","20260803","20260807","24","2",0,0,0,0,0
"412","1","2026081","20260803","20260807","31","1",0,0,0,0,0
"412","1","2026081","20260803","20260807","31","2",0,0,0,0,0
"412","1","2026081","20260803","20260807","32","1",0,0,0,0,0
"412","1","2026081","20260803","20260807","32","2",0,0,0,0,0
"412","1","2026081","20260803","20260807","33","1",0,0,0,0,0
"412","1","2026081","20260803","20260807","33","2",0,0,0,0,0
"412","1","2026081","20260803","20260807","41","1",0,0,0,0,0
"412","1","2026081","20260803","20260807","41","2",0,0,0,0,0
"412","1","2026081","20260803","20260807","51","1",0,0,0,0,0
"412","1","2026081","20260803","20260807","51","2",0,0,0,0,0
"412","1","2026081","20260803","20260807","60","1",0,0,0,0,0
"412","1","2026081","20260803","20260807","60","2",0,0,0,0,0
"416","1","2026081","20260803","20260807","11","1",0,0,0,0,0
"416","1","2026081","20260803","20260807","11","2",0,0,0,0,0
"416","1","2026081","20260803","20260807","21","1",0,0,0,0,0
"416","1","2026081","20260803","20260807","21","2",0,0,0,0,0
"416","1","2026081","20260803","20260807","22","1",0,0,0,0,0
"416","1","2026081","20260803","20260807","22","2",0,0,0,0,0
"416","1","2026081","20260803","20260807","23","1",0,0,0,0,0
"416","1","2026081","20260803","20260807","23","2",0,0,0,0,0
"416","1","2026081","20260803","20260807","24","1",0,0,0,0,0
"416","1","2026081","20260803","20260807","24","2",0,0,0,0,0
"416","1","2026081","20260803","20260807","31","1",0,0,0,0,0
"416","1","2026081","20260803","20260807","31","2",0,0,0,0,0
"416","1","2026081","20260803","20260807","32","1",0,0,0,0,0
"416","1","2026081","20260803","20260807","32","2",0,0,0,0,0
"416","1","2026081","20260803","20260807","33","1",0,0,0,0,0
"416","1","2026081","20260803","20260807","33","2",0,0,0,0,0
"416","1","2026081","20260803","20260807","41","1",0,0,0,0,0
"416","1","2026081","20260803","20260807","41","2",0,0,0,0,0
"416","1","2026081","20260803","20260807","51","1",0,0,0,0,0
"416","1","2026081","20260803","20260807","51","2",0,0,0,0,0
"416","1","2026081","20260803","20260807","60","1",0,0,0,0,0
"416","1","2026081","20260803","20260807","60","2",0,0,0,0,0
"417","1","2026081","20260803","20260807","11","1",0,0,0,0,0
"417","1","2026081","20260803","20260807","11","2",0,0,0,0,0
"417","1","2026081","20260803","20260807","21","1",0,0,0,0,0
"417","1","2026081","20260803","20260807","21","2",0,0,0,0,0
"417","1","2026081","20260803","20260807","22","1",0,0,0,0,0
"417","1","2026081","20260803","20260807","22","2",0,0,0,0,0
"417","1","2026081","20260803","20260807","23","1",0,0,0,0,0
"417","1","2026081","20260803","20260807","23","2",0,0,0,0,0
"417","1","2026081","20260803","20260807","24","1",0,0,0,0,0
"417","1","2026081","20260803","20260807","24","2",0,0,0,0,0
"417","1","2026081","20260803","20260807","31","1",0,0,0,0,0
"417","1","2026081","20260803","20260807","31","2",0,0,0,0,0
"417","1","2026081","20260803","20260807","32","1",0,0,0,0,0
"417","1","2026081","20260803","20260807","32","2",0,0,0,0,0
"417","1","2026081","20260803","20260807","33","1",0,0,0,0,0
"417","1","2026081","20260803","20260807","33","2",0,0,0,0,0
"417","1","2026081","20260803","20260807","41","1",0,0,0,0,0
"417","1","2026081","20260803","20260807","41","2",0,0,0,0,0
"417","1","2026081","20260803","20260807","51","1",0,0,0,0,0
"417","1","2026081","20260803","20260807","51","2",0,0,0,0,0
"417","1","2026081","20260803","20260807","60","1",0,0,0,0,0
"417","1","2026081","20260803","20260807","60","2",0,0,0,0,0
"418","1","2026081","20260803","20260807","11","1",0,0,0,0,0
"418","1","2026081","20260803","20260807","11","2",0,0,0,0,0
"418","1","2026081","20260803","20260807","21","1",0,0,0,0,0
"418","1","2026081","20260803","20260807","21","2",0,0,0,0,0
"418","1","2026081","20260803","20260807","22","1",0,0,0,0,0
"418","1","2026081","20260803","20260807","22","2",0,0,0,0,0
"418","1","2026081","20260803","20260807","23","1",0,0,0,0,0
"418","1","2026081","20260803","20260807","23","2",0,0,0,0,0
"418","1","2026081","20260803","20260807","24","1",0,0,0,0,0
"418","1","2026081","20260803","20260807","24","2",0,0,0,0,0
"418","1","2026081","20260803","20260807","31","1",0,0,0,0,0
"418","1","2026081","20260803","20260807","31","2",0,0,0,0,0
"418","1","2026081","20260803","20260807","32","1",0,0,0,0,0
"418","1","2026081","20260803","20260807","32","2",0,0,0,0,0
"418","1","2026081","20260803","20260807","33","1",0,0,0,0,0
"418","1","2026081","20260803","20260807","33","2",0,0,0,0,0
"418","1","2026081","20260803","20260807","41","1",0,0,0,0,0
"418","1","2026081","20260803","20260807","41","2",0,0,0,0,0
"418","1","2026081","20260803","20260807","51","1",0,0,0,0,0
"418","1","2026081","20260803","20260807","51","2",0,0,0,0,0
"418","1","2026081","20260803","20260807","60","1",0,0,0,0,0
"418","1","2026081","20260803","20260807","60","2",0,0,0,0,0
"419","1","2026081","20260803","20260807","11","1",3154,-388,2766,0,5920
"419","1","2026081","20260803","20260807","11","2",11153433000,-1368866500,9784566500,0,20937999500
"419","1","2026081","20260803","20260807","21","1",0,0,0,0,0
"419","1","2026081","20260803","20260807","21","2",0,0,0,0,0
"419","1","2026081","20260803","20260807","22","1",0,0,0,0,0
"419","1","2026081","20260803","20260807","22","2",0,0,0,0,0
"419","1","2026081","20260803","20260807","23","1",0,0,0,0,0
"419","1","2026081","20260803","20260807","23","2",0,0,0,0,0
"419","1","2026081","20260803","20260807","24","1",0,0,0,0,0
"419","1","2026081","20260803","20260807","24","2",0,0,0,0,0
"419","1","2026081","20260803","20260807","31","1",0,0,0,0,0
"419","1","2026081","20260803","20260807","31","2",0,0,0,0,0
"419","1","2026081","20260803","20260807","32","1",2116,0,2940,824,5056
"419","1","2026081","20260803","20260807","32","2",7417054000,0,10430081000,3013027000,17847135000
"419","1","2026081","20260803","20260807","33","1",1442,0,1496,54,2938
"419","1","2026081","20260803","20260807","33","2",5092725500,0,5278824500,186099000,10371550000
"419","1","2026081","20260803","20260807","41","1",0,0,0,0,0
"419","1","2026081","20260803","20260807","41","2",0,0,0,0,0
"419","1","2026081","20260803","20260807","51","1",1362,-17,1345,0,2707
"419","1","2026081","20260803","20260807","51","2",4809696000,-60949000,4748747000,0,9558443000
"419","1","2026081","20260803","20260807","60","1",5164,-473,4691,0,9855
"419","1","2026081","20260803","20260807","60","2",18293087000,-1769310500,16523776500,0,34816863500
"423","1","2026081","20260803","20260807","11","1",0,0,0,0,0
"423","1","2026081","20260803","20260807","11","2",0,0,0,0,0
"423","1","2026081","20260803","20260807","21","1",0,0,0,0,0
"423","1","2026081","20260803","20260807","21","2",0,0,0,0,0
"423","1","2026081","20260803","20260807","22","1",0,0,0,0,0
"423","1","2026081","20260803","20260807","22","2",0,0,0,0,0
"423","1","2026081","20260803","20260807","23","1",0,0,0,0,0
"423","1","2026081","20260803","20260807","23","2",0,0,0,0,0
"423","1","2026081","20260803","20260807","24","1",0,0,300,300,300
"423","1","2026081","20260803","20260807","24","2",0,0,445284000,445284000,445284000
"423","1","2026081","20260803","20260807","31","1",0,0,0,0,0
"423","1","2026081","20260803","20260807","31","2",0,0,0,0,0
"423","1","2026081","20260803","20260807","32","1",303,-298,5,0,308
"423","1","2026081","20260803","20260807","32","2",449904240,-442543680,7360560,0,457264800
"423","1","2026081","20260803","20260807","33","1",1,-1,0,0,1
"423","1","2026081","20260803","20260807","33","2",1443360,-1443360,0,0,1443360
"423","1","2026081","20260803","20260807","41","1",0,0,0,0,0
"423","1","2026081","20260803","20260807","41","2",0,0,0,0,0
"423","1","2026081","20260803","20260807","51","1",0,0,0,0,0
"423","1","2026081","20260803","20260807","51","2",0,0,0,0,0
"423","1","2026081","20260803","20260807","60","1",1,-1,0,0,1
"423","1","2026081","20260803","20260807","60","2",1296960,-1296960,0,0,1296960
"422","1","2026081","20260803","20260807","11","1",0,0,0,0,0
"422","1","2026081","20260803","20260807","11","2",0,0,0,0,0
"422","1","2026081","20260803","20260807","21","1",0,0,0,0,0
"422","1","2026081","20260803","20260807","21","2",0,0,0,0,0
"422","1","2026081","20260803","20260807","22","1",0,0,0,0,0
"422","1","2026081","20260803","20260807","22","2",0,0,0,0,0
"422","1","2026081","20260803","20260807","23","1",0,0,0,0,0
"422","1","2026081","20260803","20260807","23","2",0,0,0,0,0
"422","1","2026081","20260803","20260807","24","1",0,0,0,0,0
"422","1","2026081","20260803","20260807","24","2",0,0,0,0,0
"422","1","2026081","20260803","20260807","31","1",0,0,0,0,0
"422","1","2026081","20260803","20260807","31","2",0,0,0,0,0
"422","1","2026081","20260803","20260807","32","1",0,0,0,0,0
"422","1","2026081","20260803","20260807","32","2",0,0,0,0,0
"422","1","2026081","20260803","20260807","33","1",0,0,0,0,0
"422","1","2026081","20260803","20260807","33","2",0,0,0,0,0
"422","1","2026081","20260803","20260807","41","1",0,0,0,0,0
"422","1","2026081","20260803","20260807","41","2",0,0,0,0,0
"422","1","2026081","20260803","20260807","51","1",0,0,0,0,0
"422","1","2026081","20260803","20260807","51","2",0,0,0,0,0
"422","1","2026081","20260803","20260807","60","1",0,0,0,0,0
"422","1","2026081","20260803","20260807","60","2",0,0,0,0,0
"445","1","2026081","20260803","20260807","11","1",0,0,0,0,0
"445","1","2026081","20260803","20260807","11","2",0,0,0,0,0
"445","1","2026081","20260803","20260807","21","1",0,0,0,0,0
"445","1","2026081","20260803","20260807","21","2",0,0,0,0,0
"445","1","2026081","20260803","20260807","22","1",0,0,0,0,0
"445","1","2026081","20260803","20260807","22","2",0,0,0,0,0
"445","1","2026081","20260803","20260807","23","1",0,0,0,0,0
"445","1","2026081","20260803","20260807","23","2",0,0,0,0,0
"445","1","2026081","20260803","20260807","24","1",0,0,0,0,0
"445","1","2026081","20260803","20260807","24","2",0,0,0,0,0
"445","1","2026081","20260803","20260807","31","1",0,0,0,0,0
"445","1","2026081","20260803","20260807","31","2",0,0,0,0,0
"445","1","2026081","20260803","20260807","32","1",0,0,0,0,0
"445","1","2026081","20260803","20260807","32","2",0,0,0,0,0
"445","1","2026081","20260803","20260807","33","1",0,0,0,0,0
"445","1","2026081","20260803","20260807","33","2",0,0,0,0,0
"445","1","2026081","20260803","20260807","41","1",0,0,0,0,0
"445","1","2026081","20260803","20260807","41","2",0,0,0,0,0
"445","1","2026081","20260803","20260807","51","1",0,0,0,0,0
"445","1","2026081","20260803","20260807","51","2",0,0,0,0,0
"445","1","2026081","20260803","20260807","60","1",0,0,0,0,0
"445","1","2026081","20260803","20260807","60","2",0,0,0,0,0
"425","1","2026081","20260803","20260807","11","1",0,0,0,0,0
"425","1","2026081","20260803","20260807","11","2",0,0,0,0,0
"425","1","2026081","20260803","20260807","21","1",0,0,0,0,0
"425","1","2026081","20260803","20260807","21","2",0,0,0,0,0
"425","1","2026081","20260803","20260807","22","1",0,0,0,0,0
"425","1","2026081","20260803","20260807","22","2",0,0,0,0,0
"425","1","2026081","20260803","20260807","23","1",0,0,0,0,0
"425","1","2026081","20260803","20260807","23","2",0,0,0,0,0
"425","1","2026081","20260803","20260807","24","1",0,0,0,0,0
"425","1","2026081","20260803","20260807","24","2",0,0,0,0,0
"425","1","2026081","20260803","20260807","31","1",0,0,0,0,0
"425","1","2026081","20260803","20260807","31","2",0,0,0,0,0
"425","1","2026081","20260803","20260807","32","1",0,0,15,15,15
"425","1","2026081","20260803","20260807","32","2",0,0,8168280,8168280,8168280
"425","1","2026081","20260803","20260807","33","1",0,0,0,0,0
"425","1","2026081","20260803","20260807","33","2",0,0,0,0,0
"425","1","2026081","20260803","20260807","41","1",0,0,0,0,0
"425","1","2026081","20260803","20260807","41","2",0,0,0,0,0
"425","1","2026081","20260803","20260807","51","1",0,0,0,0,0
"425","1","2026081","20260803","20260807","51","2",0,0,0,0,0
"425","1","2026081","20260803","20260807","60","1",15,-15,0,0,15
"425","1","2026081","20260803","20260807","60","2",8168280,-8168280,0,0,8168280
"424","1","2026081","20260803","20260807","11","1",0,0,0,0,0
"424","1","2026081","20260803","20260807","11","2",0,0,0,0,0
"424","1","2026081","20260803","20260807","21","1",0,0,0,0,0
"424","1","2026081","20260803","20260807","21","2",0,0,0,0,0
"424","1","2026081","20260803","20260807","22","1",0,0,0,0,0
"424","1","2026081","20260803","20260807","22","2",0,0,0,0,0
"424","1","2026081","20260803","20260807","23","1",0,0,0,0,0
"424","1","2026081","20260803","20260807","23","2",0,0,0,0,0
"424","1","2026081","20260803","20260807","24","1",0,0,0,0,0
"424","1","2026081","20260803","20260807","24","2",0,0,0,0,0
"424","1","2026081","20260803","20260807","31","1",0,0,0,0,0
"424","1","2026081","20260803","20260807","31","2",0,0,0,0,0
"424","1","2026081","20260803","20260807","32","1",0,0,24,24,24
"424","1","2026081","20260803","20260807","32","2",0,0,11664000,11664000,11664000
"424","1","2026081","20260803","20260807","33","1",24,-24,0,0,24
"424","1","2026081","20260803","20260807","33","2",11664000,-11664000,0,0,11664000
"424","1","2026081","20260803","20260807","41","1",0,0,0,0,0
"424","1","2026081","20260803","20260807","41","2",0,0,0,0,0
"424","1","2026081","20260803","20260807","51","1",0,0,0,0,0
"424","1","2026081","20260803","20260807","51","2",0,0,0,0,0
"424","1","2026081","20260803","20260807","60","1",0,0,0,0,0
"424","1","2026081","20260803","20260807","60","2",0,0,0,0,0
"446","1","2026081","20260803","20260807","11","1",0,0,0,0,0
"446","1","2026081","20260803","20260807","11","2",0,0,0,0,0
"446","1","2026081","20260803","20260807","21","1",0,0,0,0,0
"446","1","2026081","20260803","20260807","21","2",0,0,0,0,0
"446","1","2026081","20260803","20260807","22","1",0,0,0,0,0
"446","1","2026081","20260803","20260807","22","2",0,0,0,0,0
"446","1","2026081","20260803","20260807","23","1",0,0,0,0,0
"446","1","2026081","20260803","20260807","23","2",0,0,0,0,0
"446","1","2026081","20260803","20260807","24","1",0,0,0,0,0
"446","1","2026081","20260803","20260807","24","2",0,0,0,0,0
"446","1","2026081","20260803","20260807","31","1",0,0,0,0,0
"446","1","2026081","20260803","20260807","31","2",0,0,0,0,0
"446","1","2026081","20260803","20260807","32","1",0,0,0,0,0
"446","1","2026081","20260803","20260807","32","2",0,0,0,0,0
"446","1","2026081","20260803","20260807","33","1",0,0,0,0,0
"446","1","2026081","20260803","20260807","33","2",0,0,0,0,0
"446","1","2026081","20260803","20260807","41","1",0,0,0,0,0
"446","1","2026081","20260803","20260807","41","2",0,0,0,0,0
"446","1","2026081","20260803","20260807","51","1",0,0,0,0,0
"446","1","2026081","20260803","20260807","51","2",0,0,0,0,0
"446","1","2026081","20260803","20260807","60","1",0,0,0,0,0
"446","1","2026081","20260803","20260807","60","2",0,0,0,0,0
"428","1","2026081","20260803","20260807","11","1",0,0,0,0,0
"428","1","2026081","20260803","20260807","11","2",0,0,0,0,0
"428","1","2026081","20260803","20260807","21","1",0,0,0,0,0
"428","1","2026081","20260803","20260807","21","2",0,0,0,0,0
"428","1","2026081","20260803","20260807","22","1",0,0,0,0,0
"428","1","2026081","20260803","20260807","22","2",0,0,0,0,0
"428","1","2026081","20260803","20260807","23","1",0,0,0,0,0
"428","1","2026081","20260803","20260807","23","2",0,0,0,0,0
"428","1","2026081","20260803","20260807","24","1",0,0,0,0,0
"428","1","2026081","20260803","20260807","24","2",0,0,0,0,0
"428","1","2026081","20260803","20260807","31","1",0,0,0,0,0
"428","1","2026081","20260803","20260807","31","2",0,0,0,0,0
"428","1","2026081","20260803","20260807","32","1",0,0,0,0,0
"428","1","2026081","20260803","20260807","32","2",0,0,0,0,0
"428","1","2026081","20260803","20260807","33","1",0,0,0,0,0
"428","1","2026081","20260803","20260807","33","2",0,0,0,0,0
"428","1","2026081","20260803","20260807","41","1",0,0,0,0,0
"428","1","2026081","20260803","20260807","41","2",0,0,0,0,0
"428","1","2026081","20260803","20260807","51","1",0,0,0,0,0
"428","1","2026081","20260803","20260807","51","2",0,0,0,0,0
"428","1","2026081","20260803","20260807","60","1",0,0,0,0,0
"428","1","2026081","20260803","20260807","60","2",0,0,0,0,0
"427","1","2026081","20260803","20260807","11","1",0,0,0,0,0
"427","1","2026081","20260803","20260807","11","2",0,0,0,0,0
"427","1","2026081","20260803","20260807","21","1",0,0,0,0,0
"427","1","2026081","20260803","20260807","21","2",0,0,0,0,0
"427","1","2026081","20260803","20260807","22","1",0,0,0,0,0
"427","1","2026081","20260803","20260807","22","2",0,0,0,0,0
"427","1","2026081","20260803","20260807","23","1",0,0,0,0,0
"427","1","2026081","20260803","20260807","23","2",0,0,0,0,0
"427","1","2026081","20260803","20260807","24","1",0,0,0,0,0
"427","1","2026081","20260803","20260807","24","2",0,0,0,0,0
"427","1","2026081","20260803","20260807","31","1",0,0,0,0,0
"427","1","2026081","20260803","20260807","31","2",0,0,0,0,0
"427","1","2026081","20260803","20260807","32","1",0,0,0,0,0
"427","1","2026081","20260803","20260807","32","2",0,0,0,0,0
"427","1","2026081","20260803","20260807","33","1",0,0,0,0,0
"427","1","2026081","20260803","20260807","33","2",0,0,0,0,0
"427","1","2026081","20260803","20260807","41","1",0,0,0,0,0
"427","1","2026081","20260803","20260807","41","2",0,0,0,0,0
"427","1","2026081","20260803","20260807","51","1",0,0,0,0,0
"427","1","2026081","20260803","20260807","51","2",0,0,0,0,0
"427","1","2026081","20260803","20260807","60","1",0,0,0,0,0
"427","1","2026081","20260803","20260807","60","2",0,0,0,0,0
"430","1","2026081","20260803","20260807","11","1",0,0,0,0,0
"430","1","2026081","20260803","20260807","11","2",0,0,0,0,0
"430","1","2026081","20260803","20260807","21","1",0,0,0,0,0
"430","1","2026081","20260803","20260807","21","2",0,0,0,0,0
"430","1","2026081","20260803","20260807","22","1",0,0,0,0,0
"430","1","2026081","20260803","20260807","22","2",0,0,0,0,0
"430","1","2026081","20260803","20260807","23","1",0,0,0,0,0
"430","1","2026081","20260803","20260807","23","2",0,0,0,0,0
"430","1","2026081","20260803","20260807","24","1",0,0,0,0,0
"430","1","2026081","20260803","20260807","24","2",0,0,0,0,0
"430","1","2026081","20260803","20260807","31","1",0,0,0,0,0
"430","1","2026081","20260803","20260807","31","2",0,0,0,0,0
"430","1","2026081","20260803","20260807","32","1",0,0,0,0,0
"430","1","2026081","20260803","20260807","32","2",0,0,0,0,0
"430","1","2026081","20260803","20260807","33","1",0,0,0,0,0
"430","1","2026081","20260803","20260807","33","2",0,0,0,0,0
"430","1","2026081","20260803","20260807","41","1",0,0,0,0,0
"430","1","2026081","20260803","20260807","41","2",0,0,0,0,0
"430","1","2026081","20260803","20260807","51","1",0,0,0,0,0
"430","1","2026081","20260803","20260807","51","2",0,0,0,0,0
"430","1","2026081","20260803","20260807","60","1",0,0,0,0,0
"430","1","2026081","20260803","20260807","60","2",0,0,0,0,0
"429","1","2026081","20260803","20260807","11","1",0,0,0,0,0
"429","1","2026081","20260803","20260807","11","2",0,0,0,0,0
"429","1","2026081","20260803","20260807","21","1",0,0,0,0,0
"429","1","2026081","20260803","20260807","21","2",0,0,0,0,0
"429","1","2026081","20260803","20260807","22","1",0,0,0,0,0
"429","1","2026081","20260803","20260807","22","2",0,0,0,0,0
"429","1","2026081","20260803","20260807","23","1",0,0,0,0,0
"429","1","2026081","20260803","20260807","23","2",0,0,0,0,0
"429","1","2026081","20260803","20260807","24","1",0,0,0,0,0
"429","1","2026081","20260803","20260807","24","2",0,0,0,0,0
"429","1","2026081","20260803","20260807","31","1",0,0,0,0,0
"429","1","2026081","20260803","20260807","31","2",0,0,0,0,0
"429","1","2026081","20260803","20260807","32","1",0,0,0,0,0
"429","1","2026081","20260803","20260807","32","2",0,0,0,0,0
"429","1","2026081","20260803","20260807","33","1",0,0,0,0,0
"429","1","2026081","20260803","20260807","33","2",0,0,0,0,0
"429","1","2026081","20260803","20260807","41","1",0,0,0,0,0
"429","1","2026081","20260803","20260807","41","2",0,0,0,0,0
"429","1","2026081","20260803","20260807","51","1",0,0,0,0,0
"429","1","2026081","20260803","20260807","51","2",0,0,0,0,0
"429","1","2026081","20260803","20260807","60","1",0,0,0,0,0
"429","1","2026081","20260803","20260807","60","2",0,0,0,0,0
"433","1","2026081","20260803","20260807","11","1",0,0,0,0,0
"433","1","2026081","20260803","20260807","11","2",0,0,0,0,0
"433","1","2026081","20260803","20260807","21","1",0,0,0,0,0
"433","1","2026081","20260803","20260807","21","2",0,0,0,0,0
"433","1","2026081","20260803","20260807","22","1",0,0,0,0,0
"433","1","2026081","20260803","20260807","22","2",0,0,0,0,0
"433","1","2026081","20260803","20260807","23","1",0,0,0,0,0
"433","1","2026081","20260803","20260807","23","2",0,0,0,0,0
"433","1","2026081","20260803","20260807","24","1",0,0,0,0,0
"433","1","2026081","20260803","20260807","24","2",0,0,0,0,0
"433","1","2026081","20260803","20260807","31","1",0,0,0,0,0
"433","1","2026081","20260803","20260807","31","2",0,0,0,0,0
"433","1","2026081","20260803","20260807","32","1",0,0,0,0,0
"433","1","2026081","20260803","20260807","32","2",0,0,0,0,0
"433","1","2026081","20260803","20260807","33","1",0,0,0,0,0
"433","1","2026081","20260803","20260807","33","2",0,0,0,0,0
"433","1","2026081","20260803","20260807","41","1",0,0,0,0,0
"433","1","2026081","20260803","20260807","41","2",0,0,0,0,0
"433","1","2026081","20260803","20260807","51","1",0,0,0,0,0
"433","1","2026081","20260803","20260807","51","2",0,0,0,0,0
"433","1","2026081","20260803","20260807","60","1",0,0,0,0,0
"433","1","2026081","20260803","20260807","60","2",0,0,0,0,0
"432","1","2026081","20260803","20260807","11","1",0,0,0,0,0
"432","1","2026081","20260803","20260807","11","2",0,0,0,0,0
"432","1","2026081","20260803","20260807","21","1",0,0,0,0,0
"432","1","2026081","20260803","20260807","21","2",0,0,0,0,0
"432","1","2026081","20260803","20260807","22","1",0,0,0,0,0
"432","1","2026081","20260803","20260807","22","2",0,0,0,0,0
"432","1","2026081","20260803","20260807","23","1",0,0,0,0,0
"432","1","2026081","20260803","20260807","23","2",0,0,0,0,0
"432","1","2026081","20260803","20260807","24","1",0,0,0,0,0
"432","1","2026081","20260803","20260807","24","2",0,0,0,0,0
"432","1","2026081","20260803","20260807","31","1",0,0,0,0,0
"432","1","2026081","20260803","20260807","31","2",0,0,0,0,0
"432","1","2026081","20260803","20260807","32","1",0,0,0,0,0
"432","1","2026081","20260803","20260807","32","2",0,0,0,0,0
"432","1","2026081","20260803","20260807","33","1",0,0,0,0,0
"432","1","2026081","20260803","20260807","33","2",0,0,0,0,0
"432","1","2026081","20260803","20260807","41","1",0,0,0,0,0
"432","1","2026081","20260803","20260807","41","2",0,0,0,0,0
"432","1","2026081","20260803","20260807","51","1",0,0,0,0,0
"432","1","2026081","20260803","20260807","51","2",0,0,0,0,0
"432","1","2026081","20260803","20260807","60","1",0,0,0,0,0
"432","1","2026081","20260803","20260807","60","2",0,0,0,0,0
"447","1","2026081","20260803","20260807","11","1",0,0,0,0,0
"447","1","2026081","20260803","20260807","11","2",0,0,0,0,0
"447","1","2026081","20260803","20260807","21","1",0,0,0,0,0
"447","1","2026081","20260803","20260807","21","2",0,0,0,0,0
"447","1","2026081","20260803","20260807","22","1",0,0,0,0,0
"447","1","2026081","20260803","20260807","22","2",0,0,0,0,0
"447","1","2026081","20260803","20260807","23","1",0,0,0,0,0
"447","1","2026081","20260803","20260807","23","2",0,0,0,0,0
"447","1","2026081","20260803","20260807","24","1",0,0,0,0,0
"447","1","2026081","20260803","20260807","24","2",0,0,0,0,0
"447","1","2026081","20260803","20260807","31","1",0,0,0,0,0
"447","1","2026081","20260803","20260807","31","2",0,0,0,0,0
"447","1","2026081","20260803","20260807","32","1",0,0,0,0,0
"447","1","2026081","20260803","20260807","32","2",0,0,0,0,0
"447","1","2026081","20260803","20260807","33","1",0,0,0,0,0
"447","1","2026081","20260803","20260807","33","2",0,0,0,0,0
"447","1","2026081","20260803","20260807","41","1",0,0,0,0,0
"447","1","2026081","20260803","20260807","41","2",0,0,0,0,0
"447","1","2026081","20260803","20260807","51","1",0,0,0,0,0
"447","1","2026081","20260803","20260807","51","2",0,0,0,0,0
"447","1","2026081","20260803","20260807","60","1",0,0,0,0,0
"447","1","2026081","20260803","20260807","60","2",0,0,0,0,0
"435","1","2026081","20260803","20260807","11","1",0,0,0,0,0
"435","1","2026081","20260803","20260807","11","2",0,0,0,0,0
"435","1","2026081","20260803","20260807","21","1",0,0,0,0,0
"435","1","2026081","20260803","20260807","21","2",0,0,0,0,0
"435","1","2026081","20260803","20260807","22","1",0,0,0,0,0
"435","1","2026081","20260803","20260807","22","2",0,0,0,0,0
"435","1","2026081","20260803","20260807","23","1",0,0,0,0,0
"435","1","2026081","20260803","20260807","23","2",0,0,0,0,0
"435","1","2026081","20260803","20260807","24","1",0,0,0,0,0
"435","1","2026081","20260803","20260807","24","2",0,0,0,0,0
"435","1","2026081","20260803","20260807","31","1",0,0,0,0,0
"435","1","2026081","20260803","20260807","31","2",0,0,0,0,0
"435","1","2026081","20260803","20260807","32","1",0,0,0,0,0
"435","1","2026081","20260803","20260807","32","2",0,0,0,0,0
"435","1","2026081","20260803","20260807","33","1",0,0,0,0,0
"435","1","2026081","20260803","20260807","33","2",0,0,0,0,0
"435","1","2026081","20260803","20260807","41","1",0,0,0,0,0
"435","1","2026081","20260803","20260807","41","2",0,0,0,0,0
"435","1","2026081","20260803","20260807","51","1",0,0,0,0,0
"435","1","2026081","20260803","20260807","51","2",0,0,0,0,0
"435","1","2026081","20260803","20260807","60","1",0,0,0,0,0
"435","1","2026081","20260803","20260807","60","2",0,0,0,0,0
"434","1","2026081","20260803","20260807","11","1",0,0,0,0,0
"434","1","2026081","20260803","20260807","11","2",0,0,0,0,0
"434","1","2026081","20260803","20260807","21","1",0,0,0,0,0
"434","1","2026081","20260803","20260807","21","2",0,0,0,0,0
"434","1","2026081","20260803","20260807","22","1",0,0,0,0,0
"434","1","2026081","20260803","20260807","22","2",0,0,0,0,0
"434","1","2026081","20260803","20260807","23","1",0,0,0,0,0
"434","1","2026081","20260803","20260807","23","2",0,0,0,0,0
"434","1","2026081","20260803","20260807","24","1",0,0,0,0,0
"434","1","2026081","20260803","20260807","24","2",0,0,0,0,0
"434","1","2026081","20260803","20260807","31","1",0,0,0,0,0
"434","1","2026081","20260803","20260807","31","2",0,0,0,0,0
"434","1","2026081","20260803","20260807","32","1",0,0,0,0,0
"434","1","2026081","20260803","20260807","32","2",0,0,0,0,0
"434","1","2026081","20260803","20260807","33","1",0,0,0,0,0
"434","1","2026081","20260803","20260807","33","2",0,0,0,0,0
"434","1","2026081","20260803","20260807","41","1",0,0,0,0,0
"434","1","2026081","20260803","20260807","41","2",0,0,0,0,0
"434","1","2026081","20260803","20260807","51","1",0,0,0,0,0
"434","1","2026081","20260803","20260807","51","2",0,0,0,0,0
"434","1","2026081","20260803","20260807","60","1",0,0,0,0,0
"434","1","2026081","20260803","20260807","60","2",0,0,0,0,0
"448","1","2026081","20260803","20260807","11","1",0,0,0,0,0
"448","1","2026081","20260803","20260807","11","2",0,0,0,0,0
"448","1","2026081","20260803","20260807","21","1",0,0,0,0,0
"448","1","2026081","20260803","20260807","21","2",0,0,0,0,0
"448","1","2026081","20260803","20260807","22","1",0,0,0,0,0
"448","1","2026081","20260803","20260807","22","2",0,0,0,0,0
"448","1","2026081","20260803","20260807","23","1",0,0,0,0,0
"448","1","2026081","20260803","20260807","23","2",0,0,0,0,0
"448","1","2026081","20260803","20260807","24","1",0,0,0,0,0
"448","1","2026081","20260803","20260807","24","2",0,0,0,0,0
"448","1","2026081","20260803","20260807","31","1",0,0,0,0,0
"448","1","2026081","20260803","20260807","31","2",0,0,0,0,0
"448","1","2026081","20260803","20260807","32","1",0,0,0,0,0
"448","1","2026081","20260803","20260807","32","2",0,0,0,0,0
"448","1","2026081","20260803","20260807","33","1",0,0,0,0,0
"448","1","2026081","20260803","20260807","33","2",0,0,0,0,0
"448","1","2026081","20260803","20260807","41","1",0,0,0,0,0
"448","1","2026081","20260803","20260807","41","2",0,0,0,0,0
"448","1","2026081","20260803","20260807","51","1",0,0,0,0,0
"448","1","2026081","20260803","20260807","51","2",0,0,0,0,0
"448","1","2026081","20260803","20260807","60","1",0,0,0,0,0
"448","1","2026081","20260803","20260807","60","2",0,0,0,0,0
"426","1","2026081","20260803","20260807","11","1",0,0,0,0,0
"426","1","2026081","20260803","20260807","11","2",0,0,0,0,0
"426","1","2026081","20260803","20260807","21","1",0,0,0,0,0
"426","1","2026081","20260803","20260807","21","2",0,0,0,0,0
"426","1","2026081","20260803","20260807","22","1",0,0,0,0,0
"426","1","2026081","20260803","20260807","22","2",0,0,0,0,0
"426","1","2026081","20260803","20260807","23","1",0,0,0,0,0
"426","1","2026081","20260803","20260807","23","2",0,0,0,0,0
"426","1","2026081","20260803","20260807","24","1",0,0,0,0,0
"426","1","2026081","20260803","20260807","24","2",0,0,0,0,0
"426","1","2026081","20260803","20260807","31","1",0,0,0,0,0
"426","1","2026081","20260803","20260807","31","2",0,0,0,0,0
"426","1","2026081","20260803","20260807","32","1",0,0,0,0,0
"426","1","2026081","20260803","20260807","32","2",0,0,0,0,0
"426","1","2026081","20260803","20260807","33","1",0,0,0,0,0
"426","1","2026081","20260803","20260807","33","2",0,0,0,0,0
"426","1","2026081","20260803","20260807","41","1",0,0,0,0,0
"426","1","2026081","20260803","20260807","41","2",0,0,0,0,0
"426","1","2026081","20260803","20260807","51","1",0,0,0,0,0
"426","1","2026081","20260803","20260807","51","2",0,0,0,0,0
"426","1","2026081","20260803","20260807","60","1",0,0,0,0,0
"426","1","2026081","20260803","20260807","60","2",0,0,0,0,0
"420","1","2026081","20260803","20260807","11","1",0,0,0,0,0
"420","1","2026081","20260803","20260807","11","2",0,0,0,0,0
"420","1","2026081","20260803","20260807","21","1",0,0,0,0,0
"420","1","2026081","20260803","20260807","21","2",0,0,0,0,0
"420","1","2026081","20260803","20260807","22","1",0,0,0,0,0
"420","1","2026081","20260803","20260807","22","2",0,0,0,0,0
"420","1","2026081","20260803","20260807","23","1",0,0,0,0,0
"420","1","2026081","20260803","20260807","23","2",0,0,0,0,0
"420","1","2026081","20260803","20260807","24","1",0,0,0,0,0
"420","1","2026081","20260803","20260807","24","2",0,0,0,0,0
"420","1","2026081","20260803","20260807","31","1",0,0,0,0,0
"420","1","2026081","20260803","20260807","31","2",0,0,0,0,0
"420","1","2026081","20260803","20260807","32","1",0,0,0,0,0
"420","1","2026081","20260803","20260807","32","2",0,0,0,0,0
"420","1","2026081","20260803","20260807","33","1",0,0,0,0,0
"420","1","2026081","20260803","20260807","33","2",0,0,0,0,0
"420","1","2026081","20260803","20260807","41","1",0,0,0,0,0
"420","1","2026081","20260803","20260807","41","2",0,0,0,0,0
"420","1","2026081","20260803","20260807","51","1",0,0,0,0,0
"420","1","2026081","20260803","20260807","51","2",0,0,0,0,0
"420","1","2026081","20260803","20260807","60","1",0,0,0,0,0
"420","1","2026081","20260803","20260807","60","2",0,0,0,0,0
"421","1","2026081","20260803","20260807","11","1",0,0,0,0,0
"421","1","2026081","20260803","20260807","11","2",0,0,0,0,0
"421","1","2026081","20260803","20260807","21","1",0,0,0,0,0
"421","1","2026081","20260803","20260807","21","2",0,0,0,0,0
"421","1","2026081","20260803","20260807","22","1",0,0,0,0,0
"421","1","2026081","20260803","20260807","22","2",0,0,0,0,0
"421","1","2026081","20260803","20260807","23","1",0,0,0,0,0
"421","1","2026081","20260803","20260807","23","2",0,0,0,0,0
"421","1","2026081","20260803","20260807","24","1",0,0,0,0,0
"421","1","2026081","20260803","20260807","24","2",0,0,0,0,0
"421","1","2026081","20260803","20260807","31","1",0,0,0,0,0
"421","1","2026081","20260803","20260807","31","2",0,0,0,0,0
"421","1","2026081","20260803","20260807","32","1",0,0,0,0,0
"421","1","2026081","20260803","20260807","32","2",0,0,0,0,0
"421","1","2026081","20260803","20260807","33","1",0,0,0,0,0
"421","1","2026081","20260803","20260807","33","2",0,0,0,0,0
"421","1","2026081","20260803","20260807","41","1",0,0,0,0,0
"421","1","2026081","20260803","20260807","41","2",0,0,0,0,0
"421","1","2026081","20260803","20260807","51","1",0,0,0,0,0
"421","1","2026081","20260803","20260807","51","2",0,0,0,0,0
"421","1","2026081","20260803","20260807","60","1",0,0,0,0,0
"421","1","2026081","20260803","20260807","60","2",0,0,0,0,0
"303","1","2026081","20260803","20260807","11","1",15545,-2160,13385,0,28930
"303","1","2026081","20260803","20260807","11","2",6645533023,0,7414517000,768983977,14060050023
"303","1","2026081","20260803","20260807","21","1",0,0,0,0,0
"303","1","2026081","20260803","20260807","21","2",0,0,0,0,0
"303","1","2026081","20260803","20260807","22","1",101,0,2094,1993,2195
"303","1","2026081","20260803","20260807","22","2",127275000,0,1641960000,1514685000,1769235000
"303","1","2026081","20260803","20260807","23","1",291,0,1929,1638,2220
"303","1","2026081","20260803","20260807","23","2",153540000,0,1757852000,1604312000,1911392000
"303","1","2026081","20260803","20260807","24","1",0,0,0,0,0
"303","1","2026081","20260803","20260807","24","2",0,0,0,0,0
"303","1","2026081","20260803","20260807","31","1",0,0,30,30,30
"303","1","2026081","20260803","20260807","31","2",0,0,55350000,55350000,55350000
"303","1","2026081","20260803","20260807","32","1",611,0,2859,2248,3470
"303","1","2026081","20260803","20260807","32","2",111756910,0,150312980,38556070,262069890
"303","1","2026081","20260803","20260807","33","1",163,0,165,2,328
"303","1","2026081","20260803","20260807","33","2",30022000,-6472000,23550000,0,53572000
"303","1","2026081","20260803","20260807","41","1",1,0,3,2,4
"303","1","2026081","20260803","20260807","41","2",270000,0,832000,562000,1102000
"303","1","2026081","20260803","20260807","51","1",15991,0,18207,2216,34198
"303","1","2026081","20260803","20260807","51","2",1940168190,-18774990,1921393200,0,3861561390
"303","1","2026081","20260803","20260807","60","1",111628,-4260,107368,0,218996
"303","1","2026081","20260803","20260807","60","2",99198258957,-3429425058,95768833899,0,194967092856
"304","1","2026081","20260803","20260807","11","1",5696,0,7615,1919,13311
"304","1","2026081","20260803","20260807","11","2",3950988000,-292970000,3658018000,0,7609006000
"304","1","2026081","20260803","20260807","21","1",0,0,0,0,0
"304","1","2026081","20260803","20260807","21","2",0,0,0,0,0
"304","1","2026081","20260803","20260807","22","1",160,-90,70,0,230
"304","1","2026081","20260803","20260807","22","2",175305000,-160675000,14630000,0,189935000
"304","1","2026081","20260803","20260807","23","1",86,-5,81,0,167
"304","1","2026081","20260803","20260807","23","2",65513000,-4428000,61085000,0,126598000
"304","1","2026081","20260803","20260807","24","1",0,0,0,0,0
"304","1","2026081","20260803","20260807","24","2",0,0,0,0,0
"304","1","2026081","20260803","20260807","31","1",0,0,0,0,0
"304","1","2026081","20260803","20260807","31","2",0,0,0,0,0
"304","1","2026081","20260803","20260807","32","1",513,0,584,71,1097
"304","1","2026081","20260803","20260807","32","2",129450000,-17754400,111695600,0,241145600
"304","1","2026081","20260803","20260807","33","1",104,0,122,18,226
"304","1","2026081","20260803","20260807","33","2",30954000,0,42401000,11447000,73355000
"304","1","2026081","20260803","20260807","41","1",2,0,2,0,4
"304","1","2026081","20260803","20260807","41","2",1050000,-530000,520000,0,1570000
"304","1","2026081","20260803","20260807","51","1",13732,-1556,12176,0,25908
"304","1","2026081","20260803","20260807","51","2",2506568090,-293640390,2212927700,0,4719495790
"304","1","2026081","20260803","20260807","60","1",56799,-568,56231,0,113030
"304","1","2026081","20260803","20260807","60","2",51864688600,0,52761013390,896324790,104625701990
"332","1","2026081","20260803","20260807","11","1",8801,-7097,1704,0,10505
"332","1","2026081","20260803","20260807","11","2",17208900,0,22351600,5142700,39560500
"332","1","2026081","20260803","20260807","21","1",0,0,0,0,0
"332","1","2026081","20260803","20260807","21","2",0,0,0,0,0
"332","1","2026081","20260803","20260807","22","1",0,0,0,0,0
"332","1","2026081","20260803","20260807","22","2",0,0,0,0,0
"332","1","2026081","20260803","20260807","23","1",0,0,0,0,0
"332","1","2026081","20260803","20260807","23","2",0,0,0,0,0
"332","1","2026081","20260803","20260807","24","1",0,0,0,0,0
"332","1","2026081","20260803","20260807","24","2",0,0,0,0,0
"332","1","2026081","20260803","20260807","31","1",0,0,0,0,0
"332","1","2026081","20260803","20260807","31","2",0,0,0,0,0
"332","1","2026081","20260803","20260807","32","1",680,-18,662,0,1342
"332","1","2026081","20260803","20260807","32","2",15878300,-698930,15179370,0,31057670
"332","1","2026081","20260803","20260807","33","1",408,-157,251,0,659
"332","1","2026081","20260803","20260807","33","2",8679100,-5932800,2746300,0,11425400
"332","1","2026081","20260803","20260807","41","1",0,0,0,0,0
"332","1","2026081","20260803","20260807","41","2",0,0,0,0,0
"332","1","2026081","20260803","20260807","51","1",43505,-6747,36758,0,80263
"332","1","2026081","20260803","20260807","51","2",1062625520,-39502910,1023122610,0,2085748130
"332","1","2026081","20260803","20260807","60","1",63421,0,77504,14083,140925
"332","1","2026081","20260803","20260807","60","2",2226198950,0,2363680390,137481440,4589879340
"333","1","2026081","20260803","20260807","11","1",1743,-460,1283,0,3026
"333","1","2026081","20260803","20260807","11","2",2698700,0,4459400,1760700,7158100
"333","1","2026081","20260803","20260807","21","1",0,0,0,0,0
"333","1","2026081","20260803","20260807","21","2",0,0,0,0,0
"333","1","2026081","20260803","20260807","22","1",0,0,0,0,0
"333","1","2026081","20260803","20260807","22","2",0,0,0,0,0
"333","1","2026081","20260803","20260807","23","1",0,0,0,0,0
"333","1","2026081","20260803","20260807","23","2",0,0,0,0,0
"333","1","2026081","20260803","20260807","24","1",0,0,0,0,0
"333","1","2026081","20260803","20260807","24","2",0,0,0,0,0
"333","1","2026081","20260803","20260807","31","1",0,0,0,0,0
"333","1","2026081","20260803","20260807","31","2",0,0,0,0,0
"333","1","2026081","20260803","20260807","32","1",532,-2,530,0,1062
"333","1","2026081","20260803","20260807","32","2",12284000,-140220,12143780,0,24427780
"333","1","2026081","20260803","20260807","33","1",243,-131,112,0,355
"333","1","2026081","20260803","20260807","33","2",7811800,-3963300,3848500,0,11660300
"333","1","2026081","20260803","20260807","41","1",0,0,0,0,0
"333","1","2026081","20260803","20260807","41","2",0,0,0,0,0
"333","1","2026081","20260803","20260807","51","1",41061,-5006,36055,0,77116
"333","1","2026081","20260803","20260807","51","2",1129426760,-87366810,1042059950,0,2171486710
"333","1","2026081","20260803","20260807","60","1",55635,0,61653,6018,117288
"333","1","2026081","20260803","20260807","60","2",1789490340,0,1888835370,99345030,3678325710
"319","1","2026081","20260803","20260807","11","1",200,-200,0,0,200
"319","1","2026081","20260803","20260807","11","2",2000000,-2000000,0,0,2000000
"319","1","2026081","20260803","20260807","21","1",0,0,0,0,0
"319","1","2026081","20260803","20260807","21","2",0,0,0,0,0
"319","1","2026081","20260803","20260807","22","1",0,0,0,0,0
"319","1","2026081","20260803","20260807","22","2",0,0,0,0,0
"319","1","2026081","20260803","20260807","23","1",0,0,0,0,0
"319","1","2026081","20260803","20260807","23","2",0,0,0,0,0
"319","1","2026081","20260803","20260807","24","1",0,0,0,0,0
"319","1","2026081","20260803","20260807","24","2",0,0,0,0,0
"319","1","2026081","20260803","20260807","31","1",0,0,0,0,0
"319","1","2026081","20260803","20260807","31","2",0,0,0,0,0
"319","1","2026081","20260803","20260807","32","1",0,0,0,0,0
"319","1","2026081","20260803","20260807","32","2",0,0,0,0,0
"319","1","2026081","20260803","20260807","33","1",0,0,0,0,0
"319","1","2026081","20260803","20260807","33","2",0,0,0,0,0
"319","1","2026081","20260803","20260807","41","1",0,0,0,0,0
"319","1","2026081","20260803","20260807","41","2",0,0,0,0,0
"319","1","2026081","20260803","20260807","51","1",0,0,0,0,0
"319","1","2026081","20260803","20260807","51","2",0,0,0,0,0
"319","1","2026081","20260803","20260807","60","1",4022,0,4222,200,8244
"319","1","2026081","20260803","20260807","60","2",3474495858,0,3476495858,2000000,6950991716
"320","1","2026081","20260803","20260807","11","1",200,0,400,200,600
"320","1","2026081","20260803","20260807","11","2",29500000,0,144000000,114500000,173500000
"320","1","2026081","20260803","20260807","21","1",0,0,0,0,0
"320","1","2026081","20260803","20260807","21","2",0,0,0,0,0
"320","1","2026081","20260803","20260807","22","1",0,0,0,0,0
"320","1","2026081","20260803","20260807","22","2",0,0,0,0,0
"320","1","2026081","20260803","20260807","23","1",0,0,0,0,0
"320","1","2026081","20260803","20260807","23","2",0,0,0,0,0
"320","1","2026081","20260803","20260807","24","1",0,0,0,0,0
"320","1","2026081","20260803","20260807","24","2",0,0,0,0,0
"320","1","2026081","20260803","20260807","31","1",0,0,0,0,0
"320","1","2026081","20260803","20260807","31","2",0,0,0,0,0
"320","1","2026081","20260803","20260807","32","1",0,0,0,0,0
"320","1","2026081","20260803","20260807","32","2",0,0,0,0,0
"320","1","2026081","20260803","20260807","33","1",0,0,0,0,0
"320","1","2026081","20260803","20260807","33","2",0,0,0,0,0
"320","1","2026081","20260803","20260807","41","1",0,0,0,0,0
"320","1","2026081","20260803","20260807","41","2",0,0,0,0,0
"320","1","2026081","20260803","20260807","51","1",0,0,0,0,0
"320","1","2026081","20260803","20260807","51","2",0,0,0,0,0
"320","1","2026081","20260803","20260807","60","1",4286,-200,4086,0,8372
"320","1","2026081","20260803","20260807","60","2",1705773320,-114500000,1591273320,0,3297046640
"327","1","2026081","20260803","20260807","11","1",0,0,0,0,0
"327","1","2026081","20260803","20260807","11","2",0,0,0,0,0
"327","1","2026081","20260803","20260807","21","1",0,0,0,0,0
"327","1","2026081","20260803","20260807","21","2",0,0,0,0,0
"327","1","2026081","20260803","20260807","22","1",0,0,0,0,0
"327","1","2026081","20260803","20260807","22","2",0,0,0,0,0
"327","1","2026081","20260803","20260807","23","1",0,0,0,0,0
"327","1","2026081","20260803","20260807","23","2",0,0,0,0,0
"327","1","2026081","20260803","20260807","24","1",0,0,0,0,0
"327","1","2026081","20260803","20260807","24","2",0,0,0,0,0
"327","1","2026081","20260803","20260807","31","1",0,0,0,0,0
"327","1","2026081","20260803","20260807","31","2",0,0,0,0,0
"327","1","2026081","20260803","20260807","32","1",0,0,0,0,0
"327","1","2026081","20260803","20260807","32","2",0,0,0,0,0
"327","1","2026081","20260803","20260807","33","1",0,0,0,0,0
"327","1","2026081","20260803","20260807","33","2",0,0,0,0,0
"327","1","2026081","20260803","20260807","41","1",0,0,0,0,0
"327","1","2026081","20260803","20260807","41","2",0,0,0,0,0
"327","1","2026081","20260803","20260807","51","1",0,0,0,0,0
"327","1","2026081","20260803","20260807","51","2",0,0,0,0,0
"327","1","2026081","20260803","20260807","60","1",0,0,0,0,0
"327","1","2026081","20260803","20260807","60","2",0,0,0,0,0
"328","1","2026081","20260803","20260807","11","1",0,0,0,0,0
"328","1","2026081","20260803","20260807","11","2",0,0,0,0,0
"328","1","2026081","20260803","20260807","21","1",0,0,0,0,0
"328","1","2026081","20260803","20260807","21","2",0,0,0,0,0
"328","1","2026081","20260803","20260807","22","1",0,0,0,0,0
"328","1","2026081","20260803","20260807","22","2",0,0,0,0,0
"328","1","2026081","20260803","20260807","23","1",0,0,0,0,0
"328","1","2026081","20260803","20260807","23","2",0,0,0,0,0
"328","1","2026081","20260803","20260807","24","1",0,0,0,0,0
"328","1","2026081","20260803","20260807","24","2",0,0,0,0,0
"328","1","2026081","20260803","20260807","31","1",0,0,0,0,0
"328","1","2026081","20260803","20260807","31","2",0,0,0,0,0
"328","1","2026081","20260803","20260807","32","1",0,0,0,0,0
"328","1","2026081","20260803","20260807","32","2",0,0,0,0,0
"328","1","2026081","20260803","20260807","33","1",0,0,0,0,0
"328","1","2026081","20260803","20260807","33","2",0,0,0,0,0
"328","1","2026081","20260803","20260807","41","1",0,0,0,0,0
"328","1","2026081","20260803","20260807","41","2",0,0,0,0,0
"328","1","2026081","20260803","20260807","51","1",0,0,0,0,0
"328","1","2026081","20260803","20260807","51","2",0,0,0,0,0
"328","1","2026081","20260803","20260807","60","1",0,0,0,0,0
"328","1","2026081","20260803","20260807","60","2",0,0,0,0,0
"439","1","2026081","20260803","20260807","11","1",0,0,0,0,0
"439","1","2026081","20260803","20260807","11","2",0,0,0,0,0
"439","1","2026081","20260803","20260807","21","1",0,0,0,0,0
"439","1","2026081","20260803","20260807","21","2",0,0,0,0,0
"439","1","2026081","20260803","20260807","22","1",0,0,0,0,0
"439","1","2026081","20260803","20260807","22","2",0,0,0,0,0
"439","1","2026081","20260803","20260807","23","1",0,0,0,0,0
"439","1","2026081","20260803","20260807","23","2",0,0,0,0,0
"439","1","2026081","20260803","20260807","24","1",0,0,0,0,0
"439","1","2026081","20260803","20260807","24","2",0,0,0,0,0
"439","1","2026081","20260803","20260807","31","1",0,0,0,0,0
"439","1","2026081","20260803","20260807","31","2",0,0,0,0,0
"439","1","2026081","20260803","20260807","32","1",0,0,0,0,0
"439","1","2026081","20260803","20260807","32","2",0,0,0,0,0
"439","1","2026081","20260803","20260807","33","1",0,0,0,0,0
"439","1","2026081","20260803","20260807","33","2",0,0,0,0,0
"439","1","2026081","20260803","20260807","41","1",0,0,0,0,0
"439","1","2026081","20260803","20260807","41","2",0,0,0,0,0
"439","1","2026081","20260803","20260807","51","1",0,0,0,0,0
"439","1","2026081","20260803","20260807","51","2",0,0,0,0,0
"439","1","2026081","20260803","20260807","60","1",0,0,0,0,0
"439","1","2026081","20260803","20260807","60","2",0,0,0,0,0
"440","1","2026081","20260803","20260807","11","1",0,0,0,0,0
"440","1","2026081","20260803","20260807","11","2",0,0,0,0,0
"440","1","2026081","20260803","20260807","21","1",0,0,0,0,0
"440","1","2026081","20260803","20260807","21","2",0,0,0,0,0
"440","1","2026081","20260803","20260807","22","1",0,0,0,0,0
"440","1","2026081","20260803","20260807","22","2",0,0,0,0,0
"440","1","2026081","20260803","20260807","23","1",0,0,0,0,0
"440","1","2026081","20260803","20260807","23","2",0,0,0,0,0
"440","1","2026081","20260803","20260807","24","1",0,0,0,0,0
"440","1","2026081","20260803","20260807","24","2",0,0,0,0,0
"440","1","2026081","20260803","20260807","31","1",0,0,0,0,0
"440","1","2026081","20260803","20260807","31","2",0,0,0,0,0
"440","1","2026081","20260803","20260807","32","1",0,0,0,0,0
"440","1","2026081","20260803","20260807","32","2",0,0,0,0,0
"440","1","2026081","20260803","20260807","33","1",0,0,0,0,0
"440","1","2026081","20260803","20260807","33","2",0,0,0,0,0
"440","1","2026081","20260803","20260807","41","1",0,0,0,0,0
"440","1","2026081","20260803","20260807","41","2",0,0,0,0,0
"440","1","2026081","20260803","20260807","51","1",0,0,0,0,0
"440","1","2026081","20260803","20260807","51","2",0,0,0,0,0
"440","1","2026081","20260803","20260807","60","1",0,0,0,0,0
"440","1","2026081","20260803","20260807","60","2",0,0,0,0,0
"441","1","2026081","20260803","20260807","11","1",0,0,0,0,0
"441","1","2026081","20260803","20260807","11","2",0,0,0,0,0
"441","1","2026081","20260803","20260807","21","1",0,0,0,0,0
"441","1","2026081","20260803","20260807","21","2",0,0,0,0,0
"441","1","2026081","20260803","20260807","22","1",0,0,0,0,0
"441","1","2026081","20260803","20260807","22","2",0,0,0,0,0
"441","1","2026081","20260803","20260807","23","1",0,0,0,0,0
"441","1","2026081","20260803","20260807","23","2",0,0,0,0,0
"441","1","2026081","20260803","20260807","24","1",0,0,0,0,0
"441","1","2026081","20260803","20260807","24","2",0,0,0,0,0
"441","1","2026081","20260803","20260807","31","1",0,0,0,0,0
"441","1","2026081","20260803","20260807","31","2",0,0,0,0,0
"441","1","2026081","20260803","20260807","32","1",0,0,0,0,0
"441","1","2026081","20260803","20260807","32","2",0,0,0,0,0
"441","1","2026081","20260803","20260807","33","1",0,0,0,0,0
"441","1","2026081","20260803","20260807","33","2",0,0,0,0,0
"441","1","2026081","20260803","20260807","41","1",0,0,0,0,0
"441","1","2026081","20260803","20260807","41","2",0,0,0,0,0
"441","1","2026081","20260803","20260807","51","1",0,0,0,0,0
"441","1","2026081","20260803","20260807","51","2",0,0,0,0,0
"441","1","2026081","20260803","20260807","60","1",0,0,0,0,0
"441","1","2026081","20260803","20260807","60","2",0,0,0,0,0
"442","1","2026081","20260803","20260807","11","1",0,0,0,0,0
"442","1","2026081","20260803","20260807","11","2",0,0,0,0,0
"442","1","2026081","20260803","20260807","21","1",0,0,0,0,0
"442","1","2026081","20260803","20260807","21","2",0,0,0,0,0
"442","1","2026081","20260803","20260807","22","1",0,0,0,0,0
"442","1","2026081","20260803","20260807","22","2",0,0,0,0,0
"442","1","2026081","20260803","20260807","23","1",0,0,0,0,0
"442","1","2026081","20260803","20260807","23","2",0,0,0,0,0
"442","1","2026081","20260803","20260807","24","1",0,0,0,0,0
"442","1","2026081","20260803","20260807","24","2",0,0,0,0,0
"442","1","2026081","20260803","20260807","31","1",0,0,0,0,0
"442","1","2026081","20260803","20260807","31","2",0,0,0,0,0
"442","1","2026081","20260803","20260807","32","1",0,0,0,0,0
"442","1","2026081","20260803","20260807","32","2",0,0,0,0,0
"442","1","2026081","20260803","20260807","33","1",0,0,0,0,0
"442","1","2026081","20260803","20260807","33","2",0,0,0,0,0
"442","1","2026081","20260803","20260807","41","1",0,0,0,0,0
"442","1","2026081","20260803","20260807","41","2",0,0,0,0,0
"442","1","2026081","20260803","20260807","51","1",0,0,0,0,0
"442","1","2026081","20260803","20260807","51","2",0,0,0,0,0
"442","1","2026081","20260803","20260807","60","1",0,0,0,0,0
"442","1","2026081","20260803","20260807","60","2",0,0,0,0,0
"321","1","2026081","20260803","20260807","11","1",145,-30,115,0,260
"321","1","2026081","20260803","20260807","11","2",28450000,-4180000,24270000,0,52720000
"321","1","2026081","20260803","20260807","21","1",0,0,0,0,0
"321","1","2026081","20260803","20260807","21","2",0,0,0,0,0
"321","1","2026081","20260803","20260807","22","1",2,-2,0,0,2
"321","1","2026081","20260803","20260807","22","2",500000,-500000,0,0,500000
"321","1","2026081","20260803","20260807","23","1",0,0,0,0,0
"321","1","2026081","20260803","20260807","23","2",0,0,0,0,0
"321","1","2026081","20260803","20260807","24","1",0,0,0,0,0
"321","1","2026081","20260803","20260807","24","2",0,0,0,0,0
"321","1","2026081","20260803","20260807","31","1",100,-100,0,0,100
"321","1","2026081","20260803","20260807","31","2",6000000,-6000000,0,0,6000000
"321","1","2026081","20260803","20260807","32","1",0,0,0,0,0
"321","1","2026081","20260803","20260807","32","2",0,0,0,0,0
"321","1","2026081","20260803","20260807","33","1",0,0,0,0,0
"321","1","2026081","20260803","20260807","33","2",0,0,0,0,0
"321","1","2026081","20260803","20260807","41","1",0,0,0,0,0
"321","1","2026081","20260803","20260807","41","2",0,0,0,0,0
"321","1","2026081","20260803","20260807","51","1",0,0,10,10,10
"321","1","2026081","20260803","20260807","51","2",0,0,100000,100000,100000
"321","1","2026081","20260803","20260807","60","1",387,0,457,70,844
"321","1","2026081","20260803","20260807","60","2",97460000,0,109930000,12470000,207390000
"322","1","2026081","20260803","20260807","11","1",0,0,182,182,182
"322","1","2026081","20260803","20260807","11","2",0,0,34920000,34920000,34920000
"322","1","2026081","20260803","20260807","21","1",0,0,0,0,0
"322","1","2026081","20260803","20260807","21","2",0,0,0,0,0
"322","1","2026081","20260803","20260807","22","1",0,0,20,20,20
"322","1","2026081","20260803","20260807","22","2",0,0,6000000,6000000,6000000
"322","1","2026081","20260803","20260807","23","1",12,0,17,5,29
"322","1","2026081","20260803","20260807","23","2",1500000,0,4710000,3210000,6210000
"322","1","2026081","20260803","20260807","24","1",0,0,0,0,0
"322","1","2026081","20260803","20260807","24","2",0,0,0,0,0
"322","1","2026081","20260803","20260807","31","1",0,0,0,0,0
"322","1","2026081","20260803","20260807","31","2",0,0,0,0,0
"322","1","2026081","20260803","20260807","32","1",0,0,0,0,0
"322","1","2026081","20260803","20260807","32","2",0,0,0,0,0
"322","1","2026081","20260803","20260807","33","1",0,0,0,0,0
"322","1","2026081","20260803","20260807","33","2",0,0,0,0,0
"322","1","2026081","20260803","20260807","41","1",0,0,0,0,0
"322","1","2026081","20260803","20260807","41","2",0,0,0,0,0
"322","1","2026081","20260803","20260807","51","1",0,0,0,0,0
"322","1","2026081","20260803","20260807","51","2",0,0,0,0,0
"322","1","2026081","20260803","20260807","60","1",299,-216,83,0,382
"322","1","2026081","20260803","20260807","60","2",61920000,-42150000,19770000,0,81690000
"307","1","2026081","20260803","20260807","11","1",55430,-44290,11140,0,66570
"307","1","2026081","20260803","20260807","11","2",186456670,-145755520,40701150,0,227157820
"307","1","2026081","20260803","20260807","21","1",0,0,0,0,0
"307","1","2026081","20260803","20260807","21","2",0,0,0,0,0
"307","1","2026081","20260803","20260807","22","1",0,0,0,0,0
"307","1","2026081","20260803","20260807","22","2",0,0,0,0,0
"307","1","2026081","20260803","20260807","23","1",0,0,0,0,0
"307","1","2026081","20260803","20260807","23","2",0,0,0,0,0
"307","1","2026081","20260803","20260807","24","1",0,0,0,0,0
"307","1","2026081","20260803","20260807","24","2",0,0,0,0,0
"307","1","2026081","20260803","20260807","31","1",0,0,0,0,0
"307","1","2026081","20260803","20260807","31","2",0,0,0,0,0
"307","1","2026081","20260803","20260807","32","1",2014,-1014,1000,0,3014
"307","1","2026081","20260803","20260807","32","2",2984240,-2098240,886000,0,3870240
"307","1","2026081","20260803","20260807","33","1",0,0,0,0,0
"307","1","2026081","20260803","20260807","33","2",0,0,0,0,0
"307","1","2026081","20260803","20260807","41","1",0,0,0,0,0
"307","1","2026081","20260803","20260807","41","2",0,0,0,0,0
"307","1","2026081","20260803","20260807","51","1",747,-533,214,0,961
"307","1","2026081","20260803","20260807","51","2",1788551,-859276,929275,0,2717826
"307","1","2026081","20260803","20260807","60","1",23762,0,69395,45633,93157
"307","1","2026081","20260803","20260807","60","2",341103845,0,450985461,109881616,792089306
"308","1","2026081","20260803","20260807","11","1",7089,0,12050,4961,19139
"308","1","2026081","20260803","20260807","11","2",96407120,-12642370,83764750,0,180171870
"308","1","2026081","20260803","20260807","21","1",0,0,0,0,0
"308","1","2026081","20260803","20260807","21","2",0,0,0,0,0
"308","1","2026081","20260803","20260807","22","1",0,0,0,0,0
"308","1","2026081","20260803","20260807","22","2",0,0,0,0,0
"308","1","2026081","20260803","20260807","23","1",0,0,0,0,0
"308","1","2026081","20260803","20260807","23","2",0,0,0,0,0
"308","1","2026081","20260803","20260807","24","1",0,0,0,0,0
"308","1","2026081","20260803","20260807","24","2",0,0,0,0,0
"308","1","2026081","20260803","20260807","31","1",0,0,0,0,0
"308","1","2026081","20260803","20260807","31","2",0,0,0,0,0
"308","1","2026081","20260803","20260807","32","1",9021,-16,9005,0,18026
"308","1","2026081","20260803","20260807","32","2",10723700,-4795210,5928490,0,16652190
"308","1","2026081","20260803","20260807","33","1",0,0,0,0,0
"308","1","2026081","20260803","20260807","33","2",0,0,0,0,0
"308","1","2026081","20260803","20260807","41","1",0,0,0,0,0
"308","1","2026081","20260803","20260807","41","2",0,0,0,0,0
"308","1","2026081","20260803","20260807","51","1",6895,-760,6135,0,13030
"308","1","2026081","20260803","20260807","51","2",4214160,0,5050288,836128,9264448
"308","1","2026081","20260803","20260807","60","1",31784,-3741,28043,0,59827
"308","1","2026081","20260803","20260807","60","2",229741098,0,256881672,27140574,486622770
"413","1","2026081","20260803","20260807","11","1",0,0,0,0,0
"413","1","2026081","20260803","20260807","11","2",0,0,0,0,0
"413","1","2026081","20260803","20260807","21","1",0,0,0,0,0
"413","1","2026081","20260803","20260807","21","2",0,0,0,0,0
"413","1","2026081","20260803","20260807","22","1",0,0,0,0,0
"413","1","2026081","20260803","20260807","22","2",0,0,0,0,0
"413","1","2026081","20260803","20260807","23","1",0,0,0,0,0
"413","1","2026081","20260803","20260807","23","2",0,0,0,0,0
"413","1","2026081","20260803","20260807","24","1",0,0,0,0,0
"413","1","2026081","20260803","20260807","24","2",0,0,0,0,0
"413","1","2026081","20260803","20260807","31","1",0,0,0,0,0
"413","1","2026081","20260803","20260807","31","2",0,0,0,0,0
"413","1","2026081","20260803","20260807","32","1",0,0,0,0,0
"413","1","2026081","20260803","20260807","32","2",0,0,0,0,0
"413","1","2026081","20260803","20260807","33","1",0,0,0,0,0
"413","1","2026081","20260803","20260807","33","2",0,0,0,0,0
"413","1","2026081","20260803","20260807","41","1",0,0,0,0,0
"413","1","2026081","20260803","20260807","41","2",0,0,0,0,0
"413","1","2026081","20260803","20260807","51","1",0,0,0,0,0
"413","1","2026081","20260803","20260807","51","2",0,0,0,0,0
"413","1","2026081","20260803","20260807","60","1",0,0,0,0,0
"413","1","2026081","20260803","20260807","60","2",0,0,0,0,0
"414","1","2026081","20260803","20260807","11","1",0,0,0,0,0
"414","1","2026081","20260803","20260807","11","2",0,0,0,0,0
"414","1","2026081","20260803","20260807","21","1",0,0,0,0,0
"414","1","2026081","20260803","20260807","21","2",0,0,0,0,0
"414","1","2026081","20260803","20260807","22","1",0,0,0,0,0
"414","1","2026081","20260803","20260807","22","2",0,0,0,0,0
"414","1","2026081","20260803","20260807","23","1",0,0,0,0,0
"414","1","2026081","20260803","20260807","23","2",0,0,0,0,0
"414","1","2026081","20260803","20260807","24","1",0,0,0,0,0
"414","1","2026081","20260803","20260807","24","2",0,0,0,0,0
"414","1","2026081","20260803","20260807","31","1",0,0,0,0,0
"414","1","2026081","20260803","20260807","31","2",0,0,0,0,0
"414","1","2026081","20260803","20260807","32","1",0,0,0,0,0
"414","1","2026081","20260803","20260807","32","2",0,0,0,0,0
"414","1","2026081","20260803","20260807","33","1",0,0,0,0,0
"414","1","2026081","20260803","20260807","33","2",0,0,0,0,0
"414","1","2026081","20260803","20260807","41","1",0,0,0,0,0
"414","1","2026081","20260803","20260807","41","2",0,0,0,0,0
"414","1","2026081","20260803","20260807","51","1",0,0,0,0,0
"414","1","2026081","20260803","20260807","51","2",0,0,0,0,0
"414","1","2026081","20260803","20260807","60","1",0,0,0,0,0
"414","1","2026081","20260803","20260807","60","2",0,0,0,0,0
