"帳票種別 Product type","サイクル区分 Cycle","年月週 Year, Month, Week","報告年月日（自）Period covered - from","報告年月日（至）Period covered - to","投資部門コード Type of Investor","数量金額区分 Volume/Value","売 Sales","売-差引 Balance","買 Purchases","買-差引 Balance","合計 Total"
"301","1","2026093","20260914","20260918","11","1",11881,-4381,7500,0,19381
"301","1","2026093","20260914","20260918","11","2",759078645447,-280199676230,478878969217,0,1237957614664
"301","1","2026093","20260914","20260918","21","1",1,-1,0,0,1
"301","1","2026093","20260914","20260918","21","2",63890000,-63890000,0,0,63890000
"301","1","2026093","20260914","20260918","22","1",141,0,1105,964,1246
"301","1","2026093","20260914","20260918","22","2",8920470000,0,71503330000,62582860000,80423800000
"301","1","2026093","20260914","20260918","23","1",1485,0,4371,2886,5856
"301","1","2026093","20260914","20260918","23","2",94838637960,0,279482047540,184643409580,374320685500
"301","1","2026093","20260914","20260918","24","1",20,-3,17,0,37
"301","1","2026093","20260914","20260918","24","2",1285180000,-194440000,1090740000,0,2375920000
"301","1","2026093","20260914","20260918","31","1",919,-57,862,0,1781
"301","1","2026093","20260914","20260918","31","2",58485107220,-3581187220,54903920000,0,113389027220
"301","1","2026093","20260914","20260918","32","1",1760,-482,1278,0,3038
"301","1","2026093","20260914","20260918","32","2",112589388700,-30957834000,81631554700,0,194220943400
"301","1","2026093","20260914","20260918","33","1",221,-1,220,0,441
"301","1","2026093","20260914","20260918","33","2",14198630000,-184080900,14014549100,0,28213179100
"301","1","2026093","20260914","20260918","41","1",9,0,10,1,19
"301","1","2026093","20260914","20260918","41","2",573250000,0,639260000,66010000,1212510000
"301","1","2026093","20260914","20260918","51","1",13360,-470,12890,0,26250
"301","1","2026093","20260914","20260918","51","2",852074056800,-30290719500,821783337300,0,1673857394100
"301","1","2026093","20260914","20260918","60","1",118046,0,118655,609,236701
"301","1","2026093","20260914","20260918","60","2",7533661361940,0,7571457311170,37795949230,15105118673110
"313","1","2026093","20260914","20260918","11","1",38842,0,39317,475,78159
"313","1","2026093","20260914","20260918","11","2",247747342850,0,250249233240,2501890390,497996576090
"313","1","2026093","20260914","20260918","21","1",0,0,0,0,0
"313","1","2026093","20260914","20260918","21","2",0,0,0,0,0
"313","1","2026093","20260914","20260918","22","1",0,0,0,0,0
"313","1","2026093","20260914","20260918","22","2",0,0,0,0,0
"313","1","2026093","20260914","20260918","23","1",80,0,129,49,209
"313","1","2026093","20260914","20260918","23","2",508773350,0,820765450,311992100,1329538800
"313","1","2026093","20260914","20260918","24","1",0,0,0,0,0
"313","1","2026093","20260914","20260918","24","2",0,0,0,0,0
"313","1","2026093","20260914","20260918","31","1",66,0,706,640,772
"313","1","2026093","20260914","20260918","31","2",419066000,0,4533807810,4114741810,4952873810
"313","1","2026093","20260914","20260918","32","1",28061,-949,27112,0,55173
"313","1","2026093","20260914","20260918","32","2",179113396400,-6068064520,173045331880,0,352158728280
"313","1","2026093","20260914","20260918","33","1",1299,-22,1277,0,2576
"313","1","2026093","20260914","20260918","33","2",8299614730,-148451300,8151163430,0,16450778160
"313","1","2026093","20260914","20260918","41","1",0,0,20,20,20
"313","1","2026093","20260914","20260918","41","2",0,0,128250000,128250000,128250000
"313","1","2026093","20260914","20260918","51","1",570307,-12066,558241,0,1128548
"313","1","2026093","20260914","20260918","51","2",3641067790040,-78969307860,3562098482180,0,7203166272220
"313","1","2026093","20260914","20260918","60","1",2025199,0,2031411,6212,4056610
"313","1","2026093","20260914","20260918","60","2",12922256934680,0,12963824761700,41567827020,25886081696380
"331","1","2026093","20260914","20260918","11","1",0,0,5,5,5
"331","1","2026093","20260914","20260918","11","2",0,0,3178150,3178150,3178150
"331","1","2026093","20260914","20260918","21","1",0,0,0,0,0
"331","1","2026093","20260914","20260918","21","2",0,0,0,0,0
"331","1","2026093","20260914","20260918","22","1",0,0,0,0,0
"331","1","2026093","20260914","20260918","22","2",0,0,0,0,0
"331","1","2026093","20260914","20260918","23","1",0,0,0,0,0
"331","1","2026093","20260914","20260918","23","2",0,0,0,0,0
"331","1","2026093","20260914","20260918","24","1",0,0,0,0,0
"331","1","2026093","20260914","20260918","24","2",0,0,0,0,0
"331","1","2026093","20260914","20260918","31","1",0,0,0,0,0
"331","1","2026093","20260914","20260918","31","2",0,0,0,0,0
"331","1","2026093","20260914","20260918","32","1",6165,-361,5804,0,11969
"331","1","2026093","20260914","20260918","32","2",3937515500,-235137150,3702378350,0,7639893850
"331","1","2026093","20260914","20260918","33","1",2768,-7,2761,0,5529
"331","1","2026093","20260914","20260918","33","2",1769117250,-5491850,1763625400,0,3532742650
"331","1","2026093","20260914","20260918","41","1",0,0,0,0,0
"331","1","2026093","20260914","20260918","41","2",0,0,0,0,0
"331","1","2026093","20260914","20260918","51","1",1239456,-24047,1215409,0,2454865
"331","1","2026093","20260914","20260918","51","2",791568848800,-15776852000,775791996800,0,1567360845600
"331","1","2026093","20260914","20260918","60","1",2638322,0,2664284,25962,5302606
"331","1","2026093","20260914","20260918","60","2",1684223224150,0,1701222647050,16999422900,3385445871200
"314","1","2026093","20260914","20260918","11","1",43686,-27586,16100,0,59786
"314","1","2026093","20260914","20260918","11","2",1769667818430,-1116897919522,652769898908,0,2422437717338
"314","1","2026093","20260914","20260918","21","1",211,-97,114,0,325
"314","1","2026093","20260914","20260918","21","2",8549670000,-3950439000,4599231000,0,13148901000
"314","1","2026093","20260914","20260918","22","1",1294,-656,638,0,1932
"314","1","2026093","20260914","20260918","22","2",52385450000,-26598130000,25787320000,0,78172770000
"314","1","2026093","20260914","20260918","23","1",3190,0,5020,1830,8210
"314","1","2026093","20260914","20260918","23","2",129343378500,0,203237879500,73894501000,332581258000
"314","1","2026093","20260914","20260918","24","1",0,0,0,0,0
"314","1","2026093","20260914","20260918","24","2",0,0,0,0,0
"314","1","2026093","20260914","20260918","31","1",318,0,1067,749,1385
"314","1","2026093","20260914","20260918","31","2",12890195000,0,43330438200,30440243200,56220633200
"314","1","2026093","20260914","20260918","32","1",286,0,347,61,633
"314","1","2026093","20260914","20260918","32","2",11564390000,0,14088342000,2523952000,25652732000
"314","1","2026093","20260914","20260918","33","1",39,-4,35,0,74
"314","1","2026093","20260914","20260918","33","2",1579711000,-165744000,1413967000,0,2993678000
"314","1","2026093","20260914","20260918","41","1",0,0,4,4,4
"314","1","2026093","20260914","20260918","41","2",0,0,161090000,161090000,161090000
"314","1","2026093","20260914","20260918","51","1",1420,0,2252,832,3672
"314","1","2026093","20260914","20260918","51","2",57445217000,0,91241411000,33796194000,148686628000
"314","1","2026093","20260914","20260918","60","1",224077,0,249003,24926,473080
"314","1","2026093","20260914","20260918","60","2",9070444020588,0,10079561069910,1009117049322,19150005090498
"316","1","2026093","20260914","20260918","11","1",2130,0,3774,1644,5904
"316","1","2026093","20260914","20260918","11","2",8612698650,0,15269580120,6656881470,23882278770
"316","1","2026093","20260914","20260918","21","1",0,0,0,0,0
"316","1","2026093","20260914","20260918","21","2",0,0,0,0,0
"316","1","2026093","20260914","20260918","22","1",0,0,0,0,0
"316","1","2026093","20260914","20260918","22","2",0,0,0,0,0
"316","1","2026093","20260914","20260918","23","1",765,-157,608,0,1373
"316","1","2026093","20260914","20260918","23","2",3108409950,-640607200,2467802750,0,5576212700
"316","1","2026093","20260914","20260918","24","1",0,0,0,0,0
"316","1","2026093","20260914","20260918","24","2",0,0,0,0,0
"316","1","2026093","20260914","20260918","31","1",237,0,576,339,813
"316","1","2026093","20260914","20260918","31","2",961202420,0,2339894150,1378691730,3301096570
"316","1","2026093","20260914","20260918","32","1",138,0,163,25,301
"316","1","2026093","20260914","20260918","32","2",560360500,0,661414750,101054250,1221775250
"316","1","2026093","20260914","20260918","33","1",71,-1,70,0,141
"316","1","2026093","20260914","20260918","33","2",287027000,-3544750,283482250,0,570509250
"316","1","2026093","20260914","20260918","41","1",0,0,0,0,0
"316","1","2026093","20260914","20260918","41","2",0,0,0,0,0
"316","1","2026093","20260914","20260918","51","1",11328,-411,10917,0,22245
"316","1","2026093","20260914","20260918","51","2",45848638700,-1693215800,44155422900,0,90004061600
"316","1","2026093","20260914","20260918","60","1",79900,-1639,78261,0,158161
"316","1","2026093","20260914","20260918","60","2",323353843700,-6611012800,316742830900,0,640096674600
"335","1","2026093","20260914","20260918","11","1",0,0,0,0,0
"335","1","2026093","20260914","20260918","11","2",0,0,0,0,0
"335","1","2026093","20260914","20260918","21","1",0,0,0,0,0
"335","1","2026093","20260914","20260918","21","2",0,0,0,0,0
"335","1","2026093","20260914","20260918","22","1",0,0,0,0,0
"335","1","2026093","20260914","20260918","22","2",0,0,0,0,0
"335","1","2026093","20260914","20260918","23","1",0,0,0,0,0
"335","1","2026093","20260914","20260918","23","2",0,0,0,0,0
"335","1","2026093","20260914","20260918","24","1",0,0,0,0,0
"335","1","2026093","20260914","20260918","24","2",0,0,0,0,0
"335","1","2026093","20260914","20260918","31","1",0,0,0,0,0
"335","1","2026093","20260914","20260918","31","2",0,0,0,0,0
"335","1","2026093","20260914","20260918","32","1",0,0,0,0,0
"335","1","2026093","20260914","20260918","32","2",0,0,0,0,0
"335","1","2026093","20260914","20260918","33","1",0,0,0,0,0
"335","1","2026093","20260914","20260918","33","2",0,0,0,0,0
"335","1","2026093","20260914","20260918","41","1",0,0,0,0,0
"335","1","2026093","20260914","20260918","41","2",0,0,0,0,0
"335","1","2026093","20260914","20260918","51","1",0,0,0,0,0
"335","1","2026093","20260914","20260918","51","2",0,0,0,0,0
"335","1","2026093","20260914","20260918","60","1",0,0,0,0,0
"335","1","2026093","20260914","20260918","60","2",0,0,0,0,0
"323","1","2026093","20260914","20260918","11","1",1778,-476,1302,0,3080
"323","1","2026093","20260914","20260918","11","2",6452562204,-1735703000,4716859204,0,11169421408
"323","1","2026093","20260914","20260918","21","1",0,0,0,0,0
"323","1","2026093","20260914","20260918","21","2",0,0,0,0,0
"323","1","2026093","20260914","20260918","22","1",0,0,0,0,0
"323","1","2026093","20260914","20260918","22","2",0,0,0,0,0
"323","1","2026093","20260914","20260918","23","1",29,0,112,83,141
"323","1","2026093","20260914","20260918","23","2",105129500,0,408046000,302916500,513175500
"323","1","2026093","20260914","20260918","24","1",0,0,0,0,0
"323","1","2026093","20260914","20260918","24","2",0,0,0,0,0
"323","1","2026093","20260914","20260918","31","1",29,0,52,23,81
"323","1","2026093","20260914","20260918","31","2",105050000,0,188852000,83802000,293902000
"323","1","2026093","20260914","20260918","32","1",1,0,1,0,2
"323","1","2026093","20260914","20260918","32","2",3632000,-41500,3590500,0,7222500
"323","1","2026093","20260914","20260918","33","1",0,0,0,0,0
"323","1","2026093","20260914","20260918","33","2",0,0,0,0,0
"323","1","2026093","20260914","20260918","41","1",0,0,0,0,0
"323","1","2026093","20260914","20260918","41","2",0,0,0,0,0
"323","1","2026093","20260914","20260918","51","1",924,0,1307,383,2231
"323","1","2026093","20260914","20260918","51","2",3358971530,0,4752835400,1393863870,8111806930
"323","1","2026093","20260914","20260918","60","1",6701,0,6722,21,13423
"323","1","2026093","20260914","20260918","60","2",24345088000,0,24420930000,75842000,48766018000
"449","1","2026093","20260914","20260918","11","1",37,0,88,51,125
"449","1","2026093","20260914","20260918","11","2",284619000,0,669680000,385061000,954299000
"449","1","2026093","20260914","20260918","21","1",0,0,0,0,0
"449","1","2026093","20260914","20260918","21","2",0,0,0,0,0
"449","1","2026093","20260914","20260918","22","1",0,0,0,0,0
"449","1","2026093","20260914","20260918","22","2",0,0,0,0,0
"449","1","2026093","20260914","20260918","23","1",0,0,0,0,0
"449","1","2026093","20260914","20260918","23","2",0,0,0,0,0
"449","1","2026093","20260914","20260918","24","1",0,0,0,0,0
"449","1","2026093","20260914","20260918","24","2",0,0,0,0,0
"449","1","2026093","20260914","20260918","31","1",0,0,0,0,0
"449","1","2026093","20260914","20260918","31","2",0,0,0,0,0
"449","1","2026093","20260914","20260918","32","1",0,0,0,0,0
"449","1","2026093","20260914","20260918","32","2",0,0,0,0,0
"449","1","2026093","20260914","20260918","33","1",0,0,0,0,0
"449","1","2026093","20260914","20260918","33","2",0,0,0,0,0
"449","1","2026093","20260914","20260918","41","1",0,0,0,0,0
"449","1","2026093","20260914","20260918","41","2",0,0,0,0,0
"449","1","2026093","20260914","20260918","51","1",0,0,0,0,0
"449","1","2026093","20260914","20260918","51","2",0,0,0,0,0
"449","1","2026093","20260914","20260918","60","1",488,-51,437,0,925
"449","1","2026093","20260914","20260918","60","2",3720604400,-385061000,3335543400,0,7056147800
"329","1","2026093","20260914","20260918","11","1",558,0,1123,565,1681
"329","1","2026093","20260914","20260918","11","2",972589980,0,1947187330,974597350,2919777310
"329","1","2026093","20260914","20260918","21","1",0,0,0,0,0
"329","1","2026093","20260914","20260918","21","2",0,0,0,0,0
"329","1","2026093","20260914","20260918","22","1",0,0,0,0,0
"329","1","2026093","20260914","20260918","22","2",0,0,0,0,0
"329","1","2026093","20260914","20260918","23","1",453,-204,249,0,702
"329","1","2026093","20260914","20260918","23","2",782098030,-348655400,433442630,0,1215540660
"329","1","2026093","20260914","20260918","24","1",0,0,0,0,0
"329","1","2026093","20260914","20260918","24","2",0,0,0,0,0
"329","1","2026093","20260914","20260918","31","1",293,0,320,27,613
"329","1","2026093","20260914","20260918","31","2",508481800,0,558392350,49910550,1066874150
"329","1","2026093","20260914","20260918","32","1",0,0,0,0,0
"329","1","2026093","20260914","20260918","32","2",0,0,0,0,0
"329","1","2026093","20260914","20260918","33","1",0,0,0,0,0
"329","1","2026093","20260914","20260918","33","2",0,0,0,0,0
"329","1","2026093","20260914","20260918","41","1",0,0,0,0,0
"329","1","2026093","20260914","20260918","41","2",0,0,0,0,0
"329","1","2026093","20260914","20260918","51","1",129,0,230,101,359
"329","1","2026093","20260914","20260918","51","2",224708000,0,400508000,175800000,625216000
"329","1","2026093","20260914","20260918","60","1",918,-601,317,0,1235
"329","1","2026093","20260914","20260918","60","2",1598739000,-1046767500,551971500,0,2150710500
"312","1","2026093","20260914","20260918","11","1",0,0,0,0,0
"312","1","2026093","20260914","20260918","11","2",0,0,0,0,0
"312","1","2026093","20260914","20260918","21","1",0,0,0,0,0
"312","1","2026093","20260914","20260918","21","2",0,0,0,0,0
"312","1","2026093","20260914","20260918","22","1",0,0,0,0,0
"312","1","2026093","20260914","20260918","22","2",0,0,0,0,0
"312","1","2026093","20260914","20260918","23","1",0,0,0,0,0
"312","1","2026093","20260914","20260918","23","2",0,0,0,0,0
"312","1","2026093","20260914","20260918","24","1",0,0,0,0,0
"312","1","2026093","20260914","20260918","24","2",0,0,0,0,0
"312","1","2026093","20260914","20260918","31","1",0,0,0,0,0
"312","1","2026093","20260914","20260918","31","2",0,0,0,0,0
"312","1","2026093","20260914","20260918","32","1",0,0,0,0,0
"312","1","2026093","20260914","20260918","32","2",0,0,0,0,0
"312","1","2026093","20260914","20260918","33","1",0,0,0,0,0
"312","1","2026093","20260914","20260918","33","2",0,0,0,0,0
"312","1","2026093","20260914","20260918","41","1",0,0,0,0,0
"312","1","2026093","20260914","20260918","41","2",0,0,0,0,0
"312","1","2026093","20260914","20260918","51","1",0,0,0,0,0
"312","1","2026093","20260914","20260918","51","2",0,0,0,0,0
"312","1","2026093","20260914","20260918","60","1",0,0,0,0,0
"312","1","2026093","20260914","20260918","60","2",0,0,0,0,0
"324","1","2026093","20260914","20260918","11","1",401,-293,108,0,509
"324","1","2026093","20260914","20260918","11","2",311811120,-227922040,83889080,0,395700200
"324","1","2026093","20260914","20260918","21","1",0,0,0,0,0
"324","1","2026093","20260914","20260918","21","2",0,0,0,0,0
"324","1","2026093","20260914","20260918","22","1",0,0,0,0,0
"324","1","2026093","20260914","20260918","22","2",0,0,0,0,0
"324","1","2026093","20260914","20260918","23","1",57,-9,48,0,105
"324","1","2026093","20260914","20260918","23","2",44314080,-6587960,37726120,0,82040200
"324","1","2026093","20260914","20260918","24","1",0,0,0,0,0
"324","1","2026093","20260914","20260918","24","2",0,0,0,0,0
"324","1","2026093","20260914","20260918","31","1",140,-70,70,0,210
"324","1","2026093","20260914","20260918","31","2",105350000,-50470000,54880000,0,160230000
"324","1","2026093","20260914","20260918","32","1",234,-15,219,0,453
"324","1","2026093","20260914","20260918","32","2",180492000,-11824000,168668000,0,349160000
"324","1","2026093","20260914","20260918","33","1",30,0,35,5,65
"324","1","2026093","20260914","20260918","33","2",23358000,0,27307000,3949000,50665000
"324","1","2026093","20260914","20260918","41","1",0,0,0,0,0
"324","1","2026093","20260914","20260918","41","2",0,0,0,0,0
"324","1","2026093","20260914","20260918","51","1",4576,-365,4211,0,8787
"324","1","2026093","20260914","20260918","51","2",3525692400,-276966500,3248725900,0,6774418300
"324","1","2026093","20260914","20260918","60","1",7128,0,7830,702,14958
"324","1","2026093","20260914","20260918","60","2",5493265500,0,6027910500,534645000,11521176000
"309","1","2026093","20260914","20260918","11","1",6,-6,0,0,6
"309","1","2026093","20260914","20260918","11","2",31454900,-31454900,0,0,31454900
"309","1","2026093","20260914","20260918","21","1",0,0,0,0,0
"309","1","2026093","20260914","20260918","21","2",0,0,0,0,0
"309","1","2026093","20260914","20260918","22","1",0,0,0,0,0
"309","1","2026093","20260914","20260918","22","2",0,0,0,0,0
"309","1","2026093","20260914","20260918","23","1",0,0,0,0,0
"309","1","2026093","20260914","20260918","23","2",0,0,0,0,0
"309","1","2026093","20260914","20260918","24","1",0,0,0,0,0
"309","1","2026093","20260914","20260918","24","2",0,0,0,0,0
"309","1","2026093","20260914","20260918","31","1",0,0,0,0,0
"309","1","2026093","20260914","20260918","31","2",0,0,0,0,0
"309","1","2026093","20260914","20260918","32","1",5,0,80,75,85
"309","1","2026093","20260914","20260918","32","2",26196400,0,418704400,392508000,444900800
"309","1","2026093","20260914","20260918","33","1",0,0,0,0,0
"309","1","2026093","20260914","20260918","33","2",0,0,0,0,0
"309","1","2026093","20260914","20260918","41","1",0,0,0,0,0
"309","1","2026093","20260914","20260918","41","2",0,0,0,0,0
"309","1","2026093","20260914","20260918","51","1",432,0,488,56,920
"309","1","2026093","20260914","20260918","51","2",2261790600,0,2553892060,292101460,4815682660
"309","1","2026093","20260914","20260918","60","1",933,-119,814,0,1747
"309","1","2026093","20260914","20260918","60","2",4875192800,-621686200,4253506600,0,9128699400
"325","1","2026093","20260914","20260918","11","1",0,0,0,0,0
"325","1","2026093","20260914","20260918","11","2",0,0,0,0,0
"325","1","2026093","20260914","20260918","21","1",0,0,0,0,0
"325","1","2026093","20260914","20260918","21","2",0,0,0,0,0
"325","1","2026093","20260914","20260918","22","1",0,0,0,0,0
"325","1","2026093","20260914","20260918","22","2",0,0,0,0,0
"325","1","2026093","20260914","20260918","23","1",0,0,0,0,0
"325","1","2026093","20260914","20260918","23","2",0,0,0,0,0
"325","1","2026093","20260914","20260918","24","1",0,0,0,0,0
"325","1","2026093","20260914","20260918","24","2",0,0,0,0,0
"325","1","2026093","20260914","20260918","31","1",0,0,0,0,0
"325","1","2026093","20260914","20260918","31","2",0,0,0,0,0
"325","1","2026093","20260914","20260918","32","1",0,0,0,0,0
"325","1","2026093","20260914","20260918","32","2",0,0,0,0,0
"325","1","2026093","20260914","20260918","33","1",0,0,0,0,0
"325","1","2026093","20260914","20260918","33","2",0,0,0,0,0
"325","1","2026093","20260914","20260918","41","1",0,0,0,0,0
"325","1","2026093","20260914","20260918","41","2",0,0,0,0,0
"325","1","2026093","20260914","20260918","51","1",0,0,0,0,0
"325","1","2026093","20260914","20260918","51","2",0,0,0,0,0
"325","1","2026093","20260914","20260918","60","1",0,0,0,0,0
"325","1","2026093","20260914","20260918","60","2",0,0,0,0,0
"326","1","2026093","20260914","20260918","11","1",0,0,0,0,0
"326","1","2026093","20260914","20260918","11","2",0,0,0,0,0
"326","1","2026093","20260914","20260918","21","1",0,0,0,0,0
"326","1","2026093","20260914","20260918","21","2",0,0,0,0,0
"326","1","2026093","20260914","20260918","22","1",0,0,0,0,0
"326","1","2026093","20260914","20260918","22","2",0,0,0,0,0
"326","1","2026093","20260914","20260918","23","1",0,0,0,0,0
"326","1","2026093","20260914","20260918","23","2",0,0,0,0,0
"326","1","2026093","20260914","20260918","24","1",0,0,0,0,0
"326","1","2026093","20260914","20260918","24","2",0,0,0,0,0
"326","1","2026093","20260914","20260918","31","1",0,0,0,0,0
"326","1","2026093","20260914","20260918","31","2",0,0,0,0,0
"326","1","2026093","20260914","20260918","32","1",0,0,0,0,0
"326","1","2026093","20260914","20260918","32","2",0,0,0,0,0
"326","1","2026093","20260914","20260918","33","1",0,0,0,0,0
"326","1","2026093","20260914","20260918","33","2",0,0,0,0,0
"326","1","2026093","20260914","20260918","41","1",0,0,0,0,0
"326","1","2026093","20260914","20260918","41","2",0,0,0,0,0
"326","1","2026093","20260914","20260918","51","1",0,0,0,0,0
"326","1","2026093","20260914","20260918","51","2",0,0,0,0,0
"326","1","2026093","20260914","20260918","60","1",0,0,0,0,0
"326","1","2026093","20260914","20260918","60","2",0,0,0,0,0
"315","1","2026093","20260914","20260918","11","1",0,0,0,0,0
"315","1","2026093","20260914","20260918","11","2",0,0,0,0,0
"315","1","2026093","20260914","20260918","21","1",0,0,0,0,0
"315","1","2026093","20260914","20260918","21","2",0,0,0,0,0
"315","1","2026093","20260914","20260918","22","1",0,0,0,0,0
"315","1","2026093","20260914","20260918","22","2",0,0,0,0,0
"315","1","2026093","20260914","20260918","23","1",0,0,0,0,0
"315","1","2026093","20260914","20260918","23","2",0,0,0,0,0
"315","1","2026093","20260914","20260918","24","1",0,0,0,0,0
"315","1","2026093","20260914","20260918","24","2",0,0,0,0,0
"315","1","2026093","20260914","20260918","31","1",0,0,0,0,0
"315","1","2026093","20260914","20260918","31","2",0,0,0,0,0
"315","1","2026093","20260914","20260918","32","1",0,0,0,0,0
"315","1","2026093","20260914","20260918","32","2",0,0,0,0,0
"315","1","2026093","20260914","20260918","33","1",0,0,0,0,0
"315","1","2026093","20260914","20260918","33","2",0,0,0,0,0
"315","1","2026093","20260914","20260918","41","1",0,0,0,0,0
"315","1","2026093","20260914","20260918","41","2",0,0,0,0,0
"315","1","2026093","20260914","20260918","51","1",11,0,30,19,41
"315","1","2026093","20260914","20260918","51","2",3683000,0,9377000,5694000,13060000
"315","1","2026093","20260914","20260918","60","1",35,-34,1,0,36
"315","1","2026093","20260914","20260918","60","2",10885500,-10557500,328000,0,11213500
"436","1","2026093","20260914","20260918","11","1",0,0,0,0,0
"436","1","2026093","20260914","20260918","11","2",0,0,0,0,0
"436","1","2026093","20260914","20260918","21","1",0,0,0,0,0
"436","1","2026093","20260914","20260918","21","2",0,0,0,0,0
"436","1","2026093","20260914","20260918","22","1",0,0,0,0,0
"436","1","2026093","20260914","20260918","22","2",0,0,0,0,0
"436","1","2026093","20260914","20260918","23","1",0,0,0,0,0
"436","1","2026093","20260914","20260918","23","2",0,0,0,0,0
"436","1","2026093","20260914","20260918","24","1",0,0,0,0,0
"436","1","2026093","20260914","20260918","24","2",0,0,0,0,0
"436","1","2026093","20260914","20260918","31","1",0,0,0,0,0
"436","1","2026093","20260914","20260918","31","2",0,0,0,0,0
"436","1","2026093","20260914","20260918","32","1",0,0,0,0,0
"436","1","2026093","20260914","20260918","32","2",0,0,0,0,0
"436","1","2026093","20260914","20260918","33","1",0,0,0,0,0
"436","1","2026093","20260914","20260918","33","2",0,0,0,0,0
"436","1","2026093","20260914","20260918","41","1",0,0,0,0,0
"436","1","2026093","20260914","20260918","41","2",0,0,0,0,0
"436","1","2026093","20260914","20260918","51","1",0,0,0,0,0
"436","1","2026093","20260914","20260918","51","2",0,0,0,0,0
"436","1","2026093","20260914","20260918","60","1",459,0,623,164,1082
"436","1","2026093","20260914","20260918","60","2",704832400,0,960104700,255272300,1664937100
"437","1","2026093","20260914","20260918","11","1",0,0,0,0,0
"437","1","2026093","20260914","20260918","11","2",0,0,0,0,0
"437","1","2026093","20260914","20260918","21","1",0,0,0,0,0
"437","1","2026093","20260914","20260918","21","2",0,0,0,0,0
"437","1","2026093","20260914","20260918","22","1",0,0,0,0,0
"437","1","2026093","20260914","20260918","22","2",0,0,0,0,0
"437","1","2026093","20260914","20260918","23","1",0,0,0,0,0
"437","1","2026093","20260914","20260918","23","2",0,0,0,0,0
"437","1","2026093","20260914","20260918","24","1",0,0,0,0,0
"437","1","2026093","20260914","20260918","24","2",0,0,0,0,0
"437","1","2026093","20260914","20260918","31","1",0,0,0,0,0
"437","1","2026093","20260914","20260918","31","2",0,0,0,0,0
"437","1","2026093","20260914","20260918","32","1",0,0,0,0,0
"437","1","2026093","20260914","20260918","32","2",0,0,0,0,0
"437","1","2026093","20260914","20260918","33","1",0,0,0,0,0
"437","1","2026093","20260914","20260918","33","2",0,0,0,0,0
"437","1","2026093","20260914","20260918","41","1",0,0,0,0,0
"437","1","2026093","20260914","20260918","41","2",0,0,0,0,0
"437","1","2026093","20260914","20260918","51","1",0,0,0,0,0
"437","1","2026093","20260914","20260918","51","2",0,0,0,0,0
"437","1","2026093","20260914","20260918","60","1",31,0,33,2,64
"437","1","2026093","20260914","20260918","60","2",71622300,0,76304700,4682400,147927000
"438","1","2026093","20260914","20260918","11","1",0,0,0,0,0
"438","1","2026093","20260914","20260918","11","2",0,0,0,0,0
"438","1","2026093","20260914","20260918","21","1",0,0,0,0,0
"438","1","2026093","20260914","20260918","21","2",0,0,0,0,0
"438","1","2026093","20260914","20260918","22","1",0,0,0,0,0
"438","1","2026093","20260914","20260918","22","2",0,0,0,0,0
"438","1","2026093","20260914","20260918","23","1",0,0,0,0,0
"438","1","2026093","20260914","20260918","23","2",0,0,0,0,0
"438","1","2026093","20260914","20260918","24","1",0,0,0,0,0
"438","1","2026093","20260914","20260918","24","2",0,0,0,0,0
"438","1","2026093","20260914","20260918","31","1",0,0,0,0,0
"438","1","2026093","20260914","20260918","31","2",0,0,0,0,0
"438","1","2026093","20260914","20260918","32","1",0,0,0,0,0
"438","1","2026093","20260914","20260918","32","2",0,0,0,0,0
"438","1","2026093","20260914","20260918","33","1",0,0,0,0,0
"438","1","2026093","20260914","20260918","33","2",0,0,0,0,0
"438","1","2026093","20260914","20260918","41","1",0,0,0,0,0
"438","1","2026093","20260914","20260918","41","2",0,0,0,0,0
"438","1","2026093","20260914","20260918","51","1",0,0,0,0,0
"438","1","2026093","20260914","20260918","51","2",0,0,0,0,0
"438","1","2026093","20260914","20260918","60","1",0,0,0,0,0
"438","1","2026093","20260914","20260918","60","2",0,0,0,0,0
"317","1","2026093","20260914","20260918","11","1",49015,-1761,47254,0,96269
"317","1","2026093","20260914","20260918","11","2",6137862490000,-221879110000,5915983380000,0,12053845870000
"317","1","2026093","20260914","20260918","21","1",112,-17,95,0,207
"317","1","2026093","20260914","20260918","21","2",14000310000,-2110390000,11889920000,0,25890230000
"317","1","2026093","20260914","20260918","22","1",610,-110,500,0,1110
"317","1","2026093","20260914","20260918","22","2",76348980000,-13788270000,62560710000,0,138909690000
"317","1","2026093","20260914","20260918","23","1",1024,0,1260,236,2284
"317","1","2026093","20260914","20260918","23","2",128098150000,0,157640300000,29542150000,285738450000
"317","1","2026093","20260914","20260918","24","1",44,0,99,55,143
"317","1","2026093","20260914","20260918","24","2",5511440000,0,12377140000,6865700000,17888580000
"317","1","2026093","20260914","20260918","31","1",1455,-341,1114,0,2569
"317","1","2026093","20260914","20260918","31","2",181999470000,-42603830000,139395640000,0,321395110000
"317","1","2026093","20260914","20260918","32","1",0,0,0,0,0
"317","1","2026093","20260914","20260918","32","2",0,0,0,0,0
"317","1","2026093","20260914","20260918","33","1",0,0,0,0,0
"317","1","2026093","20260914","20260918","33","2",0,0,0,0,0
"317","1","2026093","20260914","20260918","41","1",7,-4,3,0,10
"317","1","2026093","20260914","20260918","41","2",874620000,-499200000,375420000,0,1250040000
"317","1","2026093","20260914","20260918","51","1",7,-2,5,0,12
"317","1","2026093","20260914","20260918","51","2",875880000,-250310000,625570000,0,1501450000
"317","1","2026093","20260914","20260918","60","1",138130,0,139955,1825,278085
"317","1","2026093","20260914","20260918","60","2",17282831260000,0,17512594380000,229763120000,34795425640000
"330","1","2026093","20260914","20260918","11","1",11,-9,2,0,13
"330","1","2026093","20260914","20260918","11","2",137640000,-112572000,25068000,0,162708000
"330","1","2026093","20260914","20260918","21","1",0,0,0,0,0
"330","1","2026093","20260914","20260918","21","2",0,0,0,0,0
"330","1","2026093","20260914","20260918","22","1",0,0,0,0,0
"330","1","2026093","20260914","20260918","22","2",0,0,0,0,0
"330","1","2026093","20260914","20260918","23","1",0,0,0,0,0
"330","1","2026093","20260914","20260918","23","2",0,0,0,0,0
"330","1","2026093","20260914","20260918","24","1",0,0,0,0,0
"330","1","2026093","20260914","20260918","24","2",0,0,0,0,0
"330","1","2026093","20260914","20260918","31","1",0,0,0,0,0
"330","1","2026093","20260914","20260918","31","2",0,0,0,0,0
"330","1","2026093","20260914","20260918","32","1",1,-1,0,0,1
"330","1","2026093","20260914","20260918","32","2",12514000,-12514000,0,0,12514000
"330","1","2026093","20260914","20260918","33","1",0,0,0,0,0
"330","1","2026093","20260914","20260918","33","2",0,0,0,0,0
"330","1","2026093","20260914","20260918","41","1",0,0,0,0,0
"330","1","2026093","20260914","20260918","41","2",0,0,0,0,0
"330","1","2026093","20260914","20260918","51","1",27,-27,0,0,27
"330","1","2026093","20260914","20260918","51","2",337513000,-337513000,0,0,337513000
"330","1","2026093","20260914","20260918","60","1",17871,0,17920,49,35791
"330","1","2026093","20260914","20260918","60","2",223593466000,0,224206262000,612796000,447799728000
"318","1","2026093","20260914","20260918","11","1",6271,-50,6221,0,12492
"318","1","2026093","20260914","20260918","11","2",56003830000,-447500000,55556330000,0,111560160000
"318","1","2026093","20260914","20260918","21","1",0,0,0,0,0
"318","1","2026093","20260914","20260918","21","2",0,0,0,0,0
"318","1","2026093","20260914","20260918","22","1",0,0,0,0,0
"318","1","2026093","20260914","20260918","22","2",0,0,0,0,0
"318","1","2026093","20260914","20260918","23","1",0,0,0,0,0
"318","1","2026093","20260914","20260918","23","2",0,0,0,0,0
"318","1","2026093","20260914","20260918","24","1",0,0,0,0,0
"318","1","2026093","20260914","20260918","24","2",0,0,0,0,0
"318","1","2026093","20260914","20260918","31","1",0,0,0,0,0
"318","1","2026093","20260914","20260918","31","2",0,0,0,0,0
"318","1","2026093","20260914","20260918","32","1",0,0,0,0,0
"318","1","2026093","20260914","20260918","32","2",0,0,0,0,0
"318","1","2026093","20260914","20260918","33","1",0,0,0,0,0
"318","1","2026093","20260914","20260918","33","2",0,0,0,0,0
"318","1","2026093","20260914","20260918","41","1",0,0,0,0,0
"318","1","2026093","20260914","20260918","41","2",0,0,0,0,0
"318","1","2026093","20260914","20260918","51","1",0,0,0,0,0
"318","1","2026093","20260914","20260918","51","2",0,0,0,0,0
"318","1","2026093","20260914","20260918","60","1",0,0,50,50,50
"318","1","2026093","20260914","20260918","60","2",0,0,447500000,447500000,447500000
"334","1","2026093","20260914","20260918","11","1",2181,0,12376,10195,14557
"334","1","2026093","20260914","20260918","11","2",53699546250,0,305184894375,251485348125,358884440625
"334","1","2026093","20260914","20260918","21","1",0,0,0,0,0
"334","1","2026093","20260914","20260918","21","2",0,0,0,0,0
"334","1","2026093","20260914","20260918","22","1",0,0,0,0,0
"334","1","2026093","20260914","20260918","22","2",0,0,0,0,0
"334","1","2026093","20260914","20260918","23","1",0,0,0,0,0
"334","1","2026093","20260914","20260918","23","2",0,0,0,0,0
"334","1","2026093","20260914","20260918","24","1",0,0,0,0,0
"334","1","2026093","20260914","20260918","24","2",0,0,0,0,0
"334","1","2026093","20260914","20260918","31","1",0,0,0,0,0
"334","1","2026093","20260914","20260918","31","2",0,0,0,0,0
"334","1","2026093","20260914","20260918","32","1",0,0,0,0,0
"334","1","2026093","20260914","20260918","32","2",0,0,0,0,0
"334","1","2026093","20260914","20260918","33","1",0,0,0,0,0
"334","1","2026093","20260914","20260918","33","2",0,0,0,0,0
"334","1","2026093","20260914","20260918","41","1",0,0,0,0,0
"334","1","2026093","20260914","20260918","41","2",0,0,0,0,0
"334","1","2026093","20260914","20260918","51","1",0,0,0,0,0
"334","1","2026093","20260914","20260918","51","2",0,0,0,0,0
"334","1","2026093","20260914","20260918","60","1",16433,-10206,6227,0,22660
"334","1","2026093","20260914","20260918","60","2",405157631875,-251716801250,153440830625,0,558598462500
"400","1","2026093","20260914","20260918","11","1",432,0,581,149,1013
"400","1","2026093","20260914","20260918","11","2",9513321000,0,12909736000,3396415000,22423057000
"400","1","2026093","20260914","20260918","21","1",0,0,0,0,0
"400","1","2026093","20260914","20260918","21","2",0,0,0,0,0
"400","1","2026093","20260914","20260918","22","1",0,0,0,0,0
"400","1","2026093","20260914","20260918","22","2",0,0,0,0,0
"400","1","2026093","20260914","20260918","23","1",0,0,0,0,0
"400","1","2026093","20260914","20260918","23","2",0,0,0,0,0
"400","1","2026093","20260914","20260918","24","1",174,0,342,168,516
"400","1","2026093","20260914","20260918","24","2",3838814000,0,7606924000,3768110000,11445738000
"400","1","2026093","20260914","20260918","31","1",69,-64,5,0,74
"400","1","2026093","20260914","20260918","31","2",1512730000,-1400073000,112657000,0,1625387000
"400","1","2026093","20260914","20260918","32","1",1078,0,1241,163,2319
"400","1","2026093","20260914","20260918","32","2",23937146000,0,27137122000,3199976000,51074268000
"400","1","2026093","20260914","20260918","33","1",1150,0,1183,33,2333
"400","1","2026093","20260914","20260918","33","2",25300119000,0,26015261000,715142000,51315380000
"400","1","2026093","20260914","20260918","41","1",68,0,84,16,152
"400","1","2026093","20260914","20260918","41","2",1503286000,0,1857822000,354536000,3361108000
"400","1","2026093","20260914","20260918","51","1",8105,0,8168,63,16273
"400","1","2026093","20260914","20260918","51","2",179042564000,0,180816950000,1774386000,359859514000
"400","1","2026093","20260914","20260918","60","1",41851,-528,41323,0,83174
"400","1","2026093","20260914","20260918","60","2",924686263000,-11808492000,912877771000,0,1837564034000
"443","1","2026093","20260914","20260918","11","1",0,0,0,0,0
"443","1","2026093","20260914","20260918","11","2",0,0,0,0,0
"443","1","2026093","20260914","20260918","21","1",0,0,0,0,0
"443","1","2026093","20260914","20260918","21","2",0,0,0,0,0
"443","1","2026093","20260914","20260918","22","1",0,0,0,0,0
"443","1","2026093","20260914","20260918","22","2",0,0,0,0,0
"443","1","2026093","20260914","20260918","23","1",0,0,0,0,0
"443","1","2026093","20260914","20260918","23","2",0,0,0,0,0
"443","1","2026093","20260914","20260918","24","1",440,0,443,3,883
"443","1","2026093","20260914","20260918","24","2",956519200,0,971742300,15223100,1928261500
"443","1","2026093","20260914","20260918","31","1",0,0,0,0,0
"443","1","2026093","20260914","20260918","31","2",0,0,0,0,0
"443","1","2026093","20260914","20260918","32","1",1,0,483,482,484
"443","1","2026093","20260914","20260918","32","2",2185500,0,1046268500,1044083000,1048454000
"443","1","2026093","20260914","20260918","33","1",96,-75,21,0,117
"443","1","2026093","20260914","20260918","33","2",208698400,-162687800,46010600,0,254709000
"443","1","2026093","20260914","20260918","41","1",0,0,0,0,0
"443","1","2026093","20260914","20260918","41","2",0,0,0,0,0
"443","1","2026093","20260914","20260918","51","1",210,0,213,3,423
"443","1","2026093","20260914","20260918","51","2",456292700,0,463042400,6749700,919335100
"443","1","2026093","20260914","20260918","60","1",1404,-413,991,0,2395
"443","1","2026093","20260914","20260918","60","2",3058545100,-903368000,2155177100,0,5213722200
"401","1","2026093","20260914","20260918","11","1",363,0,364,1,727
"401","1","2026093","20260914","20260918","11","2",803343200,0,804411300,1068100,1607754500
"401","1","2026093","20260914","20260918","21","1",0,0,0,0,0
"401","1","2026093","20260914","20260918","21","2",0,0,0,0,0
"401","1","2026093","20260914","20260918","22","1",0,0,0,0,0
"401","1","2026093","20260914","20260918","22","2",0,0,0,0,0
"401","1","2026093","20260914","20260918","23","1",0,0,0,0,0
"401","1","2026093","20260914","20260918","23","2",0,0,0,0,0
"401","1","2026093","20260914","20260918","24","1",502,0,734,232,1236
"401","1","2026093","20260914","20260918","24","2",1106392550,0,1628224050,521831500,2734616600
"401","1","2026093","20260914","20260918","31","1",6,-6,0,0,6
"401","1","2026093","20260914","20260918","31","2",13302000,-13302000,0,0,13302000
"401","1","2026093","20260914","20260918","32","1",620,0,648,28,1268
"401","1","2026093","20260914","20260918","32","2",1372767400,0,1436001550,63234150,2808768950
"401","1","2026093","20260914","20260918","33","1",786,0,909,123,1695
"401","1","2026093","20260914","20260918","33","2",1742244100,0,2010339850,268095750,3752583950
"401","1","2026093","20260914","20260918","41","1",140,-13,127,0,267
"401","1","2026093","20260914","20260918","41","2",310888450,-30432300,280456150,0,591344600
"401","1","2026093","20260914","20260918","51","1",11629,0,11701,72,23330
"401","1","2026093","20260914","20260918","51","2",25764779150,0,25936557900,171778750,51701337050
"401","1","2026093","20260914","20260918","60","1",49405,-437,48968,0,98373
"401","1","2026093","20260914","20260918","60","2",109455348450,-982273950,108473074500,0,217928422950
"402","1","2026093","20260914","20260918","11","1",0,0,0,0,0
"402","1","2026093","20260914","20260918","11","2",0,0,0,0,0
"402","1","2026093","20260914","20260918","21","1",0,0,0,0,0
"402","1","2026093","20260914","20260918","21","2",0,0,0,0,0
"402","1","2026093","20260914","20260918","22","1",0,0,0,0,0
"402","1","2026093","20260914","20260918","22","2",0,0,0,0,0
"402","1","2026093","20260914","20260918","23","1",0,0,0,0,0
"402","1","2026093","20260914","20260918","23","2",0,0,0,0,0
"402","1","2026093","20260914","20260918","24","1",73,-71,2,0,75
"402","1","2026093","20260914","20260918","24","2",159545100,-155249700,4295400,0,163840500
"402","1","2026093","20260914","20260918","31","1",0,0,0,0,0
"402","1","2026093","20260914","20260918","31","2",0,0,0,0,0
"402","1","2026093","20260914","20260918","32","1",27,0,31,4,58
"402","1","2026093","20260914","20260918","32","2",58495700,0,67360400,8864700,125856100
"402","1","2026093","20260914","20260918","33","1",58,0,101,43,159
"402","1","2026093","20260914","20260918","33","2",124755600,0,217435800,92680200,342191400
"402","1","2026093","20260914","20260918","41","1",1,0,10,9,11
"402","1","2026093","20260914","20260918","41","2",2136000,0,21957400,19821400,24093400
"402","1","2026093","20260914","20260918","51","1",150,-1,149,0,299
"402","1","2026093","20260914","20260918","51","2",324646000,-845500,323800500,0,648446500
"402","1","2026093","20260914","20260918","60","1",304,0,320,16,624
"402","1","2026093","20260914","20260918","60","2",658577000,0,693305900,34728900,1351882900
"403","1","2026093","20260914","20260918","11","1",0,0,0,0,0
"403","1","2026093","20260914","20260918","11","2",0,0,0,0,0
"403","1","2026093","20260914","20260918","21","1",0,0,0,0,0
"403","1","2026093","20260914","20260918","21","2",0,0,0,0,0
"403","1","2026093","20260914","20260918","22","1",0,0,0,0,0
"403","1","2026093","20260914","20260918","22","2",0,0,0,0,0
"403","1","2026093","20260914","20260918","23","1",0,0,0,0,0
"403","1","2026093","20260914","20260918","23","2",0,0,0,0,0
"403","1","2026093","20260914","20260918","24","1",0,0,0,0,0
"403","1","2026093","20260914","20260918","24","2",0,0,0,0,0
"403","1","2026093","20260914","20260918","31","1",0,0,0,0,0
"403","1","2026093","20260914","20260918","31","2",0,0,0,0,0
"403","1","2026093","20260914","20260918","32","1",1,-1,0,0,1
"403","1","2026093","20260914","20260918","32","2",9750000,-9750000,0,0,9750000
"403","1","2026093","20260914","20260918","33","1",0,0,0,0,0
"403","1","2026093","20260914","20260918","33","2",0,0,0,0,0
"403","1","2026093","20260914","20260918","41","1",0,0,0,0,0
"403","1","2026093","20260914","20260918","41","2",0,0,0,0,0
"403","1","2026093","20260914","20260918","51","1",0,0,1,1,1
"403","1","2026093","20260914","20260918","51","2",0,0,9750000,9750000,9750000
"403","1","2026093","20260914","20260918","60","1",0,0,0,0,0
"403","1","2026093","20260914","20260918","60","2",0,0,0,0,0
"404","1","2026093","20260914","20260918","11","1",92,-41,51,0,143
"404","1","2026093","20260914","20260918","11","2",400983500,-178627000,222356500,0,623340000
"404","1","2026093","20260914","20260918","21","1",0,0,0,0,0
"404","1","2026093","20260914","20260918","21","2",0,0,0,0,0
"404","1","2026093","20260914","20260918","22","1",0,0,0,0,0
"404","1","2026093","20260914","20260918","22","2",0,0,0,0,0
"404","1","2026093","20260914","20260918","23","1",0,0,0,0,0
"404","1","2026093","20260914","20260918","23","2",0,0,0,0,0
"404","1","2026093","20260914","20260918","24","1",138,0,157,19,295
"404","1","2026093","20260914","20260918","24","2",594556500,0,683782000,89225500,1278338500
"404","1","2026093","20260914","20260918","31","1",0,0,0,0,0
"404","1","2026093","20260914","20260918","31","2",0,0,0,0,0
"404","1","2026093","20260914","20260918","32","1",573,0,652,79,1225
"404","1","2026093","20260914","20260918","32","2",2487959500,0,2835972000,348012500,5323931500
"404","1","2026093","20260914","20260918","33","1",661,0,733,72,1394
"404","1","2026093","20260914","20260918","33","2",2870043500,0,3172767500,302724000,6042811000
"404","1","2026093","20260914","20260918","41","1",20,-4,16,0,36
"404","1","2026093","20260914","20260918","41","2",87153500,-17676500,69477000,0,156630500
"404","1","2026093","20260914","20260918","51","1",2668,-134,2534,0,5202
"404","1","2026093","20260914","20260918","51","2",11594722000,-599291500,10995430500,0,22590152500
"404","1","2026093","20260914","20260918","60","1",8634,0,8643,9,17277
"404","1","2026093","20260914","20260918","60","2",37505125500,0,37560758500,55633000,75065884000
"444","1","2026093","20260914","20260918","11","1",0,0,0,0,0
"444","1","2026093","20260914","20260918","11","2",0,0,0,0,0
"444","1","2026093","20260914","20260918","21","1",0,0,0,0,0
"444","1","2026093","20260914","20260918","21","2",0,0,0,0,0
"444","1","2026093","20260914","20260918","22","1",0,0,0,0,0
"444","1","2026093","20260914","20260918","22","2",0,0,0,0,0
"444","1","2026093","20260914","20260918","23","1",0,0,0,0,0
"444","1","2026093","20260914","20260918","23","2",0,0,0,0,0
"444","1","2026093","20260914","20260918","24","1",1044,-503,541,0,1585
"444","1","2026093","20260914","20260918","24","2",935096400,-451965500,483130900,0,1418227300
"444","1","2026093","20260914","20260918","31","1",0,0,0,0,0
"444","1","2026093","20260914","20260918","31","2",0,0,0,0,0
"444","1","2026093","20260914","20260918","32","1",0,0,80,80,80
"444","1","2026093","20260914","20260918","32","2",0,0,71762500,71762500,71762500
"444","1","2026093","20260914","20260918","33","1",123,-65,58,0,181
"444","1","2026093","20260914","20260918","33","2",109682000,-57986500,51695500,0,161377500
"444","1","2026093","20260914","20260918","41","1",0,0,0,0,0
"444","1","2026093","20260914","20260918","41","2",0,0,0,0,0
"444","1","2026093","20260914","20260918","51","1",133,-66,67,0,200
"444","1","2026093","20260914","20260918","51","2",118122300,-58047000,60075300,0,178197600
"444","1","2026093","20260914","20260918","60","1",807,0,1361,554,2168
"444","1","2026093","20260914","20260918","60","2",720777600,0,1217014100,496236500,1937791700
"405","1","2026093","20260914","20260918","11","1",74,0,180,106,254
"405","1","2026093","20260914","20260918","11","2",64182100,0,156940950,92758850,221123050
"405","1","2026093","20260914","20260918","21","1",0,0,0,0,0
"405","1","2026093","20260914","20260918","21","2",0,0,0,0,0
"405","1","2026093","20260914","20260918","22","1",0,0,0,0,0
"405","1","2026093","20260914","20260918","22","2",0,0,0,0,0
"405","1","2026093","20260914","20260918","23","1",0,0,0,0,0
"405","1","2026093","20260914","20260918","23","2",0,0,0,0,0
"405","1","2026093","20260914","20260918","24","1",1072,-417,655,0,1727
"405","1","2026093","20260914","20260918","24","2",933426750,-361987500,571439250,0,1504866000
"405","1","2026093","20260914","20260918","31","1",0,0,0,0,0
"405","1","2026093","20260914","20260918","31","2",0,0,0,0,0
"405","1","2026093","20260914","20260918","32","1",59,-2,57,0,116
"405","1","2026093","20260914","20260918","32","2",51235550,-1678750,49556800,0,100792350
"405","1","2026093","20260914","20260918","33","1",119,0,155,36,274
"405","1","2026093","20260914","20260918","33","2",103444400,0,134982000,31537600,238426400
"405","1","2026093","20260914","20260918","41","1",14,-7,7,0,21
"405","1","2026093","20260914","20260918","41","2",12121350,-6013750,6107600,0,18228950
"405","1","2026093","20260914","20260918","51","1",1331,0,1403,72,2734
"405","1","2026093","20260914","20260918","51","2",1158439600,0,1220995150,62555550,2379434750
"405","1","2026093","20260914","20260918","60","1",1992,0,2204,212,4196
"405","1","2026093","20260914","20260918","60","2",1736477800,0,1919305800,182828000,3655783600
"406","1","2026093","20260914","20260918","11","1",0,0,0,0,0
"406","1","2026093","20260914","20260918","11","2",0,0,0,0,0
"406","1","2026093","20260914","20260918","21","1",0,0,0,0,0
"406","1","2026093","20260914","20260918","21","2",0,0,0,0,0
"406","1","2026093","20260914","20260918","22","1",0,0,0,0,0
"406","1","2026093","20260914","20260918","22","2",0,0,0,0,0
"406","1","2026093","20260914","20260918","23","1",0,0,0,0,0
"406","1","2026093","20260914","20260918","23","2",0,0,0,0,0
"406","1","2026093","20260914","20260918","24","1",1671,0,1744,73,3415
"406","1","2026093","20260914","20260918","24","2",1463148400,0,1527825200,64676800,2990973600
"406","1","2026093","20260914","20260918","31","1",0,0,0,0,0
"406","1","2026093","20260914","20260918","31","2",0,0,0,0,0
"406","1","2026093","20260914","20260918","32","1",9,-2,7,0,16
"406","1","2026093","20260914","20260918","32","2",7927000,-1806700,6120300,0,14047300
"406","1","2026093","20260914","20260918","33","1",305,0,360,55,665
"406","1","2026093","20260914","20260918","33","2",267035200,0,315945500,48910300,582980700
"406","1","2026093","20260914","20260918","41","1",2,-1,1,0,3
"406","1","2026093","20260914","20260918","41","2",1771700,-887400,884300,0,2656000
"406","1","2026093","20260914","20260918","51","1",351,-89,262,0,613
"406","1","2026093","20260914","20260918","51","2",307072800,-78484600,228588200,0,535661000
"406","1","2026093","20260914","20260918","60","1",1156,-36,1120,0,2276
"406","1","2026093","20260914","20260918","60","2",1013883300,-32408400,981474900,0,1995358200
"407","1","2026093","20260914","20260918","11","1",0,0,0,0,0
"407","1","2026093","20260914","20260918","11","2",0,0,0,0,0
"407","1","2026093","20260914","20260918","21","1",0,0,0,0,0
"407","1","2026093","20260914","20260918","21","2",0,0,0,0,0
"407","1","2026093","20260914","20260918","22","1",0,0,0,0,0
"407","1","2026093","20260914","20260918","22","2",0,0,0,0,0
"407","1","2026093","20260914","20260918","23","1",0,0,0,0,0
"407","1","2026093","20260914","20260918","23","2",0,0,0,0,0
"407","1","2026093","20260914","20260918","24","1",0,0,0,0,0
"407","1","2026093","20260914","20260918","24","2",0,0,0,0,0
"407","1","2026093","20260914","20260918","31","1",0,0,0,0,0
"407","1","2026093","20260914","20260918","31","2",0,0,0,0,0
"407","1","2026093","20260914","20260918","32","1",0,0,0,0,0
"407","1","2026093","20260914","20260918","32","2",0,0,0,0,0
"407","1","2026093","20260914","20260918","33","1",0,0,0,0,0
"407","1","2026093","20260914","20260918","33","2",0,0,0,0,0
"407","1","2026093","20260914","20260918","41","1",0,0,0,0,0
"407","1","2026093","20260914","20260918","41","2",0,0,0,0,0
"407","1","2026093","20260914","20260918","51","1",0,0,0,0,0
"407","1","2026093","20260914","20260918","51","2",0,0,0,0,0
"407","1","2026093","20260914","20260918","60","1",0,0,0,0,0
"407","1","2026093","20260914","20260918","60","2",0,0,0,0,0
"415","1","2026093","20260914","20260918","11","1",0,0,0,0,0
"415","1","2026093","20260914","20260918","11","2",0,0,0,0,0
"415","1","2026093","20260914","20260918","21","1",0,0,0,0,0
"415","1","2026093","20260914","20260918","21","2",0,0,0,0,0
"415","1","2026093","20260914","20260918","22","1",0,0,0,0,0
"415","1","2026093","20260914","20260918","22","2",0,0,0,0,0
"415","1","2026093","20260914","20260918","23","1",0,0,0,0,0
"415","1","2026093","20260914","20260918","23","2",0,0,0,0,0
"415","1","2026093","20260914","20260918","24","1",0,0,0,0,0
"415","1","2026093","20260914","20260918","24","2",0,0,0,0,0
"415","1","2026093","20260914","20260918","31","1",0,0,0,0,0
"415","1","2026093","20260914","20260918","31","2",0,0,0,0,0
"415","1","2026093","20260914","20260918","32","1",0,0,0,0,0
"415","1","2026093","20260914","20260918","32","2",0,0,0,0,0
"415","1","2026093","20260914","20260918","33","1",0,0,0,0,0
"415","1","2026093","20260914","20260918","33","2",0,0,0,0,0
"415","1","2026093","20260914","20260918","41","1",0,0,0,0,0
"415","1","2026093","20260914","20260918","41","2",0,0,0,0,0
"415","1","2026093","20260914","20260918","51","1",0,0,0,0,0
"415","1","2026093","20260914","20260918","51","2",0,0,0,0,0
"415","1","2026093","20260914","20260918","60","1",0,0,0,0,0
"415","1","2026093","20260914","20260918","60","2",0,0,0,0,0
"408","1","2026093","20260914","20260918","11","1",134,0,156,22,290
"408","1","2026093","20260914","20260918","11","2",287984000,0,335009000,47025000,622993000
"408","1","2026093","20260914","20260918","21","1",0,0,0,0,0
"408","1","2026093","20260914","20260918","21","2",0,0,0,0,0
"408","1","2026093","20260914","20260918","22","1",0,0,0,0,0
"408","1","2026093","20260914","20260918","22","2",0,0,0,0,0
"408","1","2026093","20260914","20260918","23","1",0,0,0,0,0
"408","1","2026093","20260914","20260918","23","2",0,0,0,0,0
"408","1","2026093","20260914","20260918","24","1",0,0,0,0,0
"408","1","2026093","20260914","20260918","24","2",0,0,0,0,0
"408","1","2026093","20260914","20260918","31","1",0,0,0,0,0
"408","1","2026093","20260914","20260918","31","2",0,0,0,0,0
"408","1","2026093","20260914","20260918","32","1",67,0,104,37,171
"408","1","2026093","20260914","20260918","32","2",148448500,0,223629500,75181000,372078000
"408","1","2026093","20260914","20260918","33","1",111,0,113,2,224
"408","1","2026093","20260914","20260918","33","2",236908000,0,240622000,3714000,477530000
"408","1","2026093","20260914","20260918","41","1",26,-14,12,0,38
"408","1","2026093","20260914","20260918","41","2",55217000,-29580500,25636500,0,80853500
"408","1","2026093","20260914","20260918","51","1",465,0,489,24,954
"408","1","2026093","20260914","20260918","51","2",992160500,0,1045460000,53299500,2037620500
"408","1","2026093","20260914","20260918","60","1",2678,-71,2607,0,5285
"408","1","2026093","20260914","20260918","60","2",5752237000,-149639000,5602598000,0,11354835000
"409","1","2026093","20260914","20260918","11","1",0,0,0,0,0
"409","1","2026093","20260914","20260918","11","2",0,0,0,0,0
"409","1","2026093","20260914","20260918","21","1",0,0,0,0,0
"409","1","2026093","20260914","20260918","21","2",0,0,0,0,0
"409","1","2026093","20260914","20260918","22","1",0,0,0,0,0
"409","1","2026093","20260914","20260918","22","2",0,0,0,0,0
"409","1","2026093","20260914","20260918","23","1",0,0,0,0,0
"409","1","2026093","20260914","20260918","23","2",0,0,0,0,0
"409","1","2026093","20260914","20260918","24","1",0,0,0,0,0
"409","1","2026093","20260914","20260918","24","2",0,0,0,0,0
"409","1","2026093","20260914","20260918","31","1",0,0,0,0,0
"409","1","2026093","20260914","20260918","31","2",0,0,0,0,0
"409","1","2026093","20260914","20260918","32","1",0,0,0,0,0
"409","1","2026093","20260914","20260918","32","2",0,0,0,0,0
"409","1","2026093","20260914","20260918","33","1",0,0,0,0,0
"409","1","2026093","20260914","20260918","33","2",0,0,0,0,0
"409","1","2026093","20260914","20260918","41","1",0,0,0,0,0
"409","1","2026093","20260914","20260918","41","2",0,0,0,0,0
"409","1","2026093","20260914","20260918","51","1",0,0,0,0,0
"409","1","2026093","20260914","20260918","51","2",0,0,0,0,0
"409","1","2026093","20260914","20260918","60","1",0,0,0,0,0
"409","1","2026093","20260914","20260918","60","2",0,0,0,0,0
"431","1","2026093","20260914","20260918","11","1",0,0,0,0,0
"431","1","2026093","20260914","20260918","11","2",0,0,0,0,0
"431","1","2026093","20260914","20260918","21","1",0,0,0,0,0
"431","1","2026093","20260914","20260918","21","2",0,0,0,0,0
"431","1","2026093","20260914","20260918","22","1",0,0,0,0,0
"431","1","2026093","20260914","20260918","22","2",0,0,0,0,0
"431","1","2026093","20260914","20260918","23","1",0,0,0,0,0
"431","1","2026093","20260914","20260918","23","2",0,0,0,0,0
"431","1","2026093","20260914","20260918","24","1",0,0,0,0,0
"431","1","2026093","20260914","20260918","24","2",0,0,0,0,0
"431","1","2026093","20260914","20260918","31","1",0,0,0,0,0
"431","1","2026093","20260914","20260918","31","2",0,0,0,0,0
"431","1","2026093","20260914","20260918","32","1",0,0,0,0,0
"431","1","2026093","20260914","20260918","32","2",0,0,0,0,0
"431","1","2026093","20260914","20260918","33","1",0,0,0,0,0
"431","1","2026093","20260914","20260918","33","2",0,0,0,0,0
"431","1","2026093","20260914","20260918","41","1",0,0,0,0,0
"431","1","2026093","20260914","20260918","41","2",0,0,0,0,0
"431","1","2026093","20260914","20260918","51","1",0,0,0,0,0
"431","1","2026093","20260914","20260918","51","2",0,0,0,0,0
"431","1","2026093","20260914","20260918","60","1",18,0,18,0,36
"431","1","2026093","20260914","20260918","60","2",33912000,0,33912000,0,67824000
"410","1","2026093","20260914","20260918","11","1",0,0,0,0,0
"410","1","2026093","20260914","20260918","11","2",0,0,0,0,0
"410","1","2026093","20260914","20260918","21","1",0,0,0,0,0
"410","1","2026093","20260914","20260918","21","2",0,0,0,0,0
"410","1","2026093","20260914","20260918","22","1",0,0,0,0,0
"410","1","2026093","20260914","20260918","22","2",0,0,0,0,0
"410","1","2026093","20260914","20260918","23","1",0,0,0,0,0
"410","1","2026093","20260914","20260918","23","2",0,0,0,0,0
"410","1","2026093","20260914","20260918","24","1",0,0,0,0,0
"410","1","2026093","20260914","20260918","24","2",0,0,0,0,0
"410","1","2026093","20260914","20260918","31","1",0,0,0,0,0
"410","1","2026093","20260914","20260918","31","2",0,0,0,0,0
"410","1","2026093","20260914","20260918","32","1",0,0,0,0,0
"410","1","2026093","20260914","20260918","32","2",0,0,0,0,0
"410","1","2026093","20260914","20260918","33","1",0,0,0,0,0
"410","1","2026093","20260914","20260918","33","2",0,0,0,0,0
"410","1","2026093","20260914","20260918","41","1",0,0,0,0,0
"410","1","2026093","20260914","20260918","41","2",0,0,0,0,0
"410","1","2026093","20260914","20260918","51","1",0,0,0,0,0
"410","1","2026093","20260914","20260918","51","2",0,0,0,0,0
"410","1","2026093","20260914","20260918","60","1",0,0,0,0,0
"410","1","2026093","20260914","20260918","60","2",0,0,0,0,0
"411","1","2026093","20260914","20260918","11","1",0,0,0,0,0
"411","1","2026093","20260914","20260918","11","2",0,0,0,0,0
"411","1","2026093","20260914","20260918","21","1",0,0,0,0,0
"411","1","2026093","20260914","20260918","21","2",0,0,0,0,0
"411","1","2026093","20260914","20260918","22","1",0,0,0,0,0
"411","1","2026093","20260914","20260918","22","2",0,0,0,0,0
"411","1","2026093","20260914","20260918","23","1",0,0,0,0,0
"411","1","2026093","20260914","20260918","23","2",0,0,0,0,0
"411","1","2026093","20260914","20260918","24","1",0,0,0,0,0
"411","1","2026093","20260914","20260918","24","2",0,0,0,0,0
"411","1","2026093","20260914","20260918","31","1",0,0,0,0,0
"411","1","2026093","20260914","20260918","31","2",0,0,0,0,0
"411","1","2026093","20260914","20260918","32","1",0,0,0,0,0
"411","1","2026093","20260914","20260918","32","2",0,0,0,0,0
"411","1","2026093","20260914","20260918","33","1",0,0,0,0,0
"411","1","2026093","20260914","20260918","33","2",0,0,0,0,0
"411","1","2026093","20260914","20260918","41","1",0,0,0,0,0
"411","1","2026093","20260914","20260918","41","2",0,0,0,0,0
"411","1","2026093","20260914","20260918","51","1",0,0,0,0,0
"411","1","2026093","20260914","20260918","51","2",0,0,0,0,0
"411","1","2026093","20260914","20260918","60","1",0,0,0,0,0
"411","1","2026093","20260914","20260918","60","2",0,0,0,0,0
"412","1","2026093","20260914","20260918","11","1",0,0,0,0,0
"412","1","2026093","20260914","20260918","11","2",0,0,0,0,0
"412","1","2026093","20260914","20260918","21","1",0,0,0,0,0
"412","1","2026093","20260914","20260918","21","2",0,0,0,0,0
"412","1","2026093","20260914","20260918","22","1",0,0,0,0,0
"412","1","2026093","20260914","20260918","22","2",0,0,0,0,0
"412","1","2026093","20260914","20260918","23","1",0,0,0,0,0
"412","1","2026093","20260914","20260918","23","2",0,0,0,0,0
"412","1","2026093","20260914","20260918","24","1",0,0,0,0,0
"412","1","2026093","20260914","20260918","24","2",0,0,0,0,0
"412","1","2026093","20260914","20260918","31","1",0,0,0,0,0
"412","1","2026093","20260914","20260918","31","2",0,0,0,0,0
"412","1","2026093","20260914","20260918","32","1",0,0,0,0,0
"412","1","2026093","20260914","20260918","32","2",0,0,0,0,0
"412","1","2026093","20260914","20260918","33","1",0,0,0,0,0
"412","1","2026093","20260914","20260918","33","2",0,0,0,0,0
"412","1","2026093","20260914","20260918","41","1",0,0,0,0,0
"412","1","2026093","20260914","20260918","41","2",0,0,0,0,0
"412","1","2026093","20260914","20260918","51","1",0,0,0,0,0
"412","1","2026093","20260914","20260918","51","2",0,0,0,0,0
"412","1","2026093","20260914","20260918","60","1",0,0,0,0,0
"412","1","2026093","20260914","20260918","60","2",0,0,0,0,0
"416","1","2026093","20260914","20260918","11","1",0,0,0,0,0
"416","1","2026093","20260914","20260918","11","2",0,0,0,0,0
"416","1","2026093","20260914","20260918","21","1",0,0,0,0,0
"416","1","2026093","20260914","20260918","21","2",0,0,0,0,0
"416","1","2026093","20260914","20260918","22","1",0,0,0,0,0
"416","1","2026093","20260914","20260918","22","2",0,0,0,0,0
"416","1","2026093","20260914","20260918","23","1",0,0,0,0,0
"416","1","2026093","20260914","20260918","23","2",0,0,0,0,0
"416","1","2026093","20260914","20260918","24","1",0,0,0,0,0
"416","1","2026093","20260914","20260918","24","2",0,0,0,0,0
"416","1","2026093","20260914","20260918","31","1",0,0,0,0,0
"416","1","2026093","20260914","20260918","31","2",0,0,0,0,0
"416","1","2026093","20260914","20260918","32","1",0,0,0,0,0
"416","1","2026093","20260914","20260918","32","2",0,0,0,0,0
"416","1","2026093","20260914","20260918","33","1",0,0,0,0,0
"416","1","2026093","20260914","20260918","33","2",0,0,0,0,0
"416","1","2026093","20260914","20260918","41","1",0,0,0,0,0
"416","1","2026093","20260914","20260918","41","2",0,0,0,0,0
"416","1","2026093","20260914","20260918","51","1",0,0,0,0,0
"416","1","2026093","20260914","20260918","51","2",0,0,0,0,0
"416","1","2026093","20260914","20260918","60","1",0,0,0,0,0
"416","1","2026093","20260914","20260918","60","2",0,0,0,0,0
"417","1","2026093","20260914","20260918","11","1",0,0,0,0,0
"417","1","2026093","20260914","20260918","11","2",0,0,0,0,0
"417","1","2026093","20260914","20260918","21","1",0,0,0,0,0
"417","1","2026093","20260914","20260918","21","2",0,0,0,0,0
"417","1","2026093","20260914","20260918","22","1",0,0,0,0,0
"417","1","2026093","20260914","20260918","22","2",0,0,0,0,0
"417","1","2026093","20260914","20260918","23","1",0,0,0,0,0
"417","1","2026093","20260914","20260918","23","2",0,0,0,0,0
"417","1","2026093","20260914","20260918","24","1",0,0,0,0,0
"417","1","2026093","20260914","20260918","24","2",0,0,0,0,0
"417","1","2026093","20260914","20260918","31","1",0,0,0,0,0
"417","1","2026093","20260914","20260918","31","2",0,0,0,0,0
"417","1","2026093","20260914","20260918","32","1",0,0,0,0,0
"417","1","2026093","20260914","20260918","32","2",0,0,0,0,0
"417","1","2026093","20260914","20260918","33","1",0,0,0,0,0
"417","1","2026093","20260914","20260918","33","2",0,0,0,0,0
"417","1","2026093","20260914","20260918","41","1",0,0,0,0,0
"417","1","2026093","20260914","20260918","41","2",0,0,0,0,0
"417","1","2026093","20260914","20260918","51","1",0,0,0,0,0
"417","1","2026093","20260914","20260918","51","2",0,0,0,0,0
"417","1","2026093","20260914","20260918","60","1",0,0,0,0,0
"417","1","2026093","20260914","20260918","60","2",0,0,0,0,0
"418","1","2026093","20260914","20260918","11","1",0,0,0,0,0
"418","1","2026093","20260914","20260918","11","2",0,0,0,0,0
"418","1","2026093","20260914","20260918","21","1",0,0,0,0,0
"418","1","2026093","20260914","20260918","21","2",0,0,0,0,0
"418","1","2026093","20260914","20260918","22","1",0,0,0,0,0
"418","1","2026093","20260914","20260918","22","2",0,0,0,0,0
"418","1","2026093","20260914","20260918","23","1",0,0,0,0,0
"418","1","2026093","20260914","20260918","23","2",0,0,0,0,0
"418","1","2026093","20260914","20260918","24","1",0,0,0,0,0
"418","1","2026093","20260914","20260918","24","2",0,0,0,0,0
"418","1","2026093","20260914","20260918","31","1",0,0,0,0,0
"418","1","2026093","20260914","20260918","31","2",0,0,0,0,0
"418","1","2026093","20260914","20260918","32","1",0,0,0,0,0
"418","1","2026093","20260914","20260918","32","2",0,0,0,0,0
"418","1","2026093","20260914","20260918","33","1",0,0,0,0,0
"418","1","2026093","20260914","20260918","33","2",0,0,0,0,0
"418","1","2026093","20260914","20260918","41","1",0,0,0,0,0
"418","1","2026093","20260914","20260918","41","2",0,0,0,0,0
"418","1","2026093","20260914","20260918","51","1",0,0,0,0,0
"418","1","2026093","20260914","20260918","51","2",0,0,0,0,0
"418","1","2026093","20260914","20260918","60","1",0,0,0,0,0
"418","1","2026093","20260914","20260918","60","2",0,0,0,0,0
"419","1","2026093","20260914","20260918","11","1",1644,0,1827,183,3471
"419","1","2026093","20260914","20260918","11","2",7120581000,0,7718616000,598035000,14839197000
"419","1","2026093","20260914","20260918","21","1",0,0,0,0,0
"419","1","2026093","20260914","20260918","21","2",0,0,0,0,0
"419","1","2026093","20260914","20260918","22","1",0,0,0,0,0
"419","1","2026093","20260914","20260918","22","2",0,0,0,0,0
"419","1","2026093","20260914","20260918","23","1",0,0,0,0,0
"419","1","2026093","20260914","20260918","23","2",0,0,0,0,0
"419","1","2026093","20260914","20260918","24","1",0,0,0,0,0
"419","1","2026093","20260914","20260918","24","2",0,0,0,0,0
"419","1","2026093","20260914","20260918","31","1",0,0,0,0,0
"419","1","2026093","20260914","20260918","31","2",0,0,0,0,0
"419","1","2026093","20260914","20260918","32","1",2539,0,2687,148,5226
"419","1","2026093","20260914","20260918","32","2",10703563000,0,11620242000,916679000,22323805000
"419","1","2026093","20260914","20260918","33","1",1085,0,1095,10,2180
"419","1","2026093","20260914","20260918","33","2",4653998000,-69331000,4584667000,0,9238665000
"419","1","2026093","20260914","20260918","41","1",0,0,0,0,0
"419","1","2026093","20260914","20260918","41","2",0,0,0,0,0
"419","1","2026093","20260914","20260918","51","1",954,0,1022,68,1976
"419","1","2026093","20260914","20260918","51","2",4049969500,0,4369144000,319174500,8419113500
"419","1","2026093","20260914","20260918","60","1",4694,-409,4285,0,8979
"419","1","2026093","20260914","20260918","60","2",19940386000,-1764557500,18175828500,0,38116214500
"423","1","2026093","20260914","20260918","11","1",0,0,0,0,0
"423","1","2026093","20260914","20260918","11","2",0,0,0,0,0
"423","1","2026093","20260914","20260918","21","1",0,0,0,0,0
"423","1","2026093","20260914","20260918","21","2",0,0,0,0,0
"423","1","2026093","20260914","20260918","22","1",0,0,0,0,0
"423","1","2026093","20260914","20260918","22","2",0,0,0,0,0
"423","1","2026093","20260914","20260918","23","1",0,0,0,0,0
"423","1","2026093","20260914","20260918","23","2",0,0,0,0,0
"423","1","2026093","20260914","20260918","24","1",0,0,400,400,400
"423","1","2026093","20260914","20260918","24","2",0,0,784622400,784622400,784622400
"423","1","2026093","20260914","20260918","31","1",0,0,0,0,0
"423","1","2026093","20260914","20260918","31","2",0,0,0,0,0
"423","1","2026093","20260914","20260918","32","1",403,-403,0,0,403
"423","1","2026093","20260914","20260918","32","2",789153360,-789153360,0,0,789153360
"423","1","2026093","20260914","20260918","33","1",0,0,0,0,0
"423","1","2026093","20260914","20260918","33","2",0,0,0,0,0
"423","1","2026093","20260914","20260918","41","1",0,0,0,0,0
"423","1","2026093","20260914","20260918","41","2",0,0,0,0,0
"423","1","2026093","20260914","20260918","51","1",0,0,0,0,0
"423","1","2026093","20260914","20260918","51","2",0,0,0,0,0
"423","1","2026093","20260914","20260918","60","1",0,0,3,3,3
"423","1","2026093","20260914","20260918","60","2",0,0,4530960,4530960,4530960
"422","1","2026093","20260914","20260918","11","1",0,0,0,0,0
"422","1","2026093","20260914","20260918","11","2",0,0,0,0,0
"422","1","2026093","20260914","20260918","21","1",0,0,0,0,0
"422","1","2026093","20260914","20260918","21","2",0,0,0,0,0
"422","1","2026093","20260914","20260918","22","1",0,0,0,0,0
"422","1","2026093","20260914","20260918","22","2",0,0,0,0,0
"422","1","2026093","20260914","20260918","23","1",0,0,0,0,0
"422","1","2026093","20260914","20260918","23","2",0,0,0,0,0
"422","1","2026093","20260914","20260918","24","1",0,0,0,0,0
"422","1","2026093","20260914","20260918","24","2",0,0,0,0,0
"422","1","2026093","20260914","20260918","31","1",0,0,0,0,0
"422","1","2026093","20260914","20260918","31","2",0,0,0,0,0
"422","1","2026093","20260914","20260918","32","1",0,0,0,0,0
"422","1","2026093","20260914","20260918","32","2",0,0,0,0,0
"422","1","2026093","20260914","20260918","33","1",0,0,0,0,0
"422","1","2026093","20260914","20260918","33","2",0,0,0,0,0
"422","1","2026093","20260914","20260918","41","1",0,0,0,0,0
"422","1","2026093","20260914","20260918","41","2",0,0,0,0,0
"422","1","2026093","20260914","20260918","51","1",0,0,0,0,0
"422","1","2026093","20260914","20260918","51","2",0,0,0,0,0
"422","1","2026093","20260914","20260918","60","1",0,0,0,0,0
"422","1","2026093","20260914","20260918","60","2",0,0,0,0,0
"445","1","2026093","20260914","20260918","11","1",0,0,0,0,0
"445","1","2026093","20260914","20260918","11","2",0,0,0,0,0
"445","1","2026093","20260914","20260918","21","1",0,0,0,0,0
"445","1","2026093","20260914","20260918","21","2",0,0,0,0,0
"445","1","2026093","20260914","20260918","22","1",0,0,0,0,0
"445","1","2026093","20260914","20260918","22","2",0,0,0,0,0
"445","1","2026093","20260914","20260918","23","1",0,0,0,0,0
"445","1","2026093","20260914","20260918","23","2",0,0,0,0,0
"445","1","2026093","20260914","20260918","24","1",0,0,0,0,0
"445","1","2026093","20260914","20260918","24","2",0,0,0,0,0
"445","1","2026093","20260914","20260918","31","1",0,0,0,0,0
"445","1","2026093","20260914","20260918","31","2",0,0,0,0,0
"445","1","2026093","20260914","20260918","32","1",0,0,0,0,0
"445","1","2026093","20260914","20260918","32","2",0,0,0,0,0
"445","1","2026093","20260914","20260918","33","1",0,0,0,0,0
"445","1","2026093","20260914","20260918","33","2",0,0,0,0,0
"445","1","2026093","20260914","20260918","41","1",0,0,0,0,0
"445","1","2026093","20260914","20260918","41","2",0,0,0,0,0
"445","1","2026093","20260914","20260918","51","1",0,0,0,0,0
"445","1","2026093","20260914","20260918","51","2",0,0,0,0,0
"445","1","2026093","20260914","20260918","60","1",0,0,0,0,0
"445","1","2026093","20260914","20260918","60","2",0,0,0,0,0
"425","1","2026093","20260914","20260918","11","1",0,0,0,0,0
"425","1","2026093","20260914","20260918","11","2",0,0,0,0,0
"425","1","2026093","20260914","20260918","21","1",0,0,0,0,0
"425","1","2026093","20260914","20260918","21","2",0,0,0,0,0
"425","1","2026093","20260914","20260918","22","1",0,0,0,0,0
"425","1","2026093","20260914","20260918","22","2",0,0,0,0,0
"425","1","2026093","20260914","20260918","23","1",0,0,0,0,0
"425","1","2026093","20260914","20260918","23","2",0,0,0,0,0
"425","1","2026093","20260914","20260918","24","1",0,0,0,0,0
"425","1","2026093","20260914","20260918","24","2",0,0,0,0,0
"425","1","2026093","20260914","20260918","31","1",0,0,0,0,0
"425","1","2026093","20260914","20260918","31","2",0,0,0,0,0
"425","1","2026093","20260914","20260918","32","1",0,0,0,0,0
"425","1","2026093","20260914","20260918","32","2",0,0,0,0,0
"425","1","2026093","20260914","20260918","33","1",0,0,0,0,0
"425","1","2026093","20260914","20260918","33","2",0,0,0,0,0
"425","1","2026093","20260914","20260918","41","1",0,0,0,0,0
"425","1","2026093","20260914","20260918","41","2",0,0,0,0,0
"425","1","2026093","20260914","20260918","51","1",0,0,0,0,0
"425","1","2026093","20260914","20260918","51","2",0,0,0,0,0
"425","1","2026093","20260914","20260918","60","1",0,0,0,0,0
"425","1","2026093","20260914","20260918","60","2",0,0,0,0,0
"424","1","2026093","20260914","20260918","11","1",0,0,0,0,0
"424","1","2026093","20260914","20260918","11","2",0,0,0,0,0
"424","1","2026093","20260914","20260918","21","1",0,0,0,0,0
"424","1","2026093","20260914","20260918","21","2",0,0,0,0,0
"424","1","2026093","20260914","20260918","22","1",0,0,0,0,0
"424","1","2026093","20260914","20260918","22","2",0,0,0,0,0
"424","1","2026093","20260914","20260918","23","1",0,0,0,0,0
"424","1","2026093","20260914","20260918","23","2",0,0,0,0,0
"424","1","2026093","20260914","20260918","24","1",0,0,0,0,0
"424","1","2026093","20260914","20260918","24","2",0,0,0,0,0
"424","1","2026093","20260914","20260918","31","1",0,0,0,0,0
"424","1","2026093","20260914","20260918","31","2",0,0,0,0,0
"424","1","2026093","20260914","20260918","32","1",0,0,78,78,78
"424","1","2026093","20260914","20260918","32","2",0,0,42028260,42028260,42028260
"424","1","2026093","20260914","20260918","33","1",0,0,0,0,0
"424","1","2026093","20260914","20260918","33","2",0,0,0,0,0
"424","1","2026093","20260914","20260918","41","1",0,0,0,0,0
"424","1","2026093","20260914","20260918","41","2",0,0,0,0,0
"424","1","2026093","20260914","20260918","51","1",0,0,0,0,0
"424","1","2026093","20260914","20260918","51","2",0,0,0,0,0
"424","1","2026093","20260914","20260918","60","1",78,-78,0,0,78
"424","1","2026093","20260914","20260918","60","2",42028260,-42028260,0,0,42028260
"446","1","2026093","20260914","20260918","11","1",0,0,0,0,0
"446","1","2026093","20260914","20260918","11","2",0,0,0,0,0
"446","1","2026093","20260914","20260918","21","1",0,0,0,0,0
"446","1","2026093","20260914","20260918","21","2",0,0,0,0,0
"446","1","2026093","20260914","20260918","22","1",0,0,0,0,0
"446","1","2026093","20260914","20260918","22","2",0,0,0,0,0
"446","1","2026093","20260914","20260918","23","1",0,0,0,0,0
"446","1","2026093","20260914","20260918","23","2",0,0,0,0,0
"446","1","2026093","20260914","20260918","24","1",0,0,0,0,0
"446","1","2026093","20260914","20260918","24","2",0,0,0,0,0
"446","1","2026093","20260914","20260918","31","1",0,0,0,0,0
"446","1","2026093","20260914","20260918","31","2",0,0,0,0,0
"446","1","2026093","20260914","20260918","32","1",0,0,0,0,0
"446","1","2026093","20260914","20260918","32","2",0,0,0,0,0
"446","1","2026093","20260914","20260918","33","1",0,0,0,0,0
"446","1","2026093","20260914","20260918","33","2",0,0,0,0,0
"446","1","2026093","20260914","20260918","41","1",0,0,0,0,0
"446","1","2026093","20260914","20260918","41","2",0,0,0,0,0
"446","1","2026093","20260914","20260918","51","1",0,0,0,0,0
"446","1","2026093","20260914","20260918","51","2",0,0,0,0,0
"446","1","2026093","20260914","20260918","60","1",0,0,0,0,0
"446","1","2026093","20260914","20260918","60","2",0,0,0,0,0
"428","1","2026093","20260914","20260918","11","1",0,0,0,0,0
"428","1","2026093","20260914","20260918","11","2",0,0,0,0,0
"428","1","2026093","20260914","20260918","21","1",0,0,0,0,0
"428","1","2026093","20260914","20260918","21","2",0,0,0,0,0
"428","1","2026093","20260914","20260918","22","1",0,0,0,0,0
"428","1","2026093","20260914","20260918","22","2",0,0,0,0,0
"428","1","2026093","20260914","20260918","23","1",0,0,0,0,0
"428","1","2026093","20260914","20260918","23","2",0,0,0,0,0
"428","1","2026093","20260914","20260918","24","1",0,0,0,0,0
"428","1","2026093","20260914","20260918","24","2",0,0,0,0,0
"428","1","2026093","20260914","20260918","31","1",0,0,0,0,0
"428","1","2026093","20260914","20260918","31","2",0,0,0,0,0
"428","1","2026093","20260914","20260918","32","1",0,0,0,0,0
"428","1","2026093","20260914","20260918","32","2",0,0,0,0,0
"428","1","2026093","20260914","20260918","33","1",0,0,0,0,0
"428","1","2026093","20260914","20260918","33","2",0,0,0,0,0
"428","1","2026093","20260914","20260918","41","1",0,0,0,0,0
"428","1","2026093","20260914","20260918","41","2",0,0,0,0,0
"428","1","2026093","20260914","20260918","51","1",0,0,0,0,0
"428","1","2026093","20260914","20260918","51","2",0,0,0,0,0
"428","1","2026093","20260914","20260918","60","1",0,0,0,0,0
"428","1","2026093","20260914","20260918","60","2",0,0,0,0,0
"427","1","2026093","20260914","20260918","11","1",0,0,0,0,0
"427","1","2026093","20260914","20260918","11","2",0,0,0,0,0
"427","1","2026093","20260914","20260918","21","1",0,0,0,0,0
"427","1","2026093","20260914","20260918","21","2",0,0,0,0,0
"427","1","2026093","20260914","20260918","22","1",0,0,0,0,0
"427","1","2026093","20260914","20260918","22","2",0,0,0,0,0
"427","1","2026093","20260914","20260918","23","1",0,0,0,0,0
"427","1","2026093","20260914","20260918","23","2",0,0,0,0,0
"427","1","2026093","20260914","20260918","24","1",0,0,0,0,0
"427","1","2026093","20260914","20260918","24","2",0,0,0,0,0
"427","1","2026093","20260914","20260918","31","1",0,0,0,0,0
"427","1","2026093","20260914","20260918","31","2",0,0,0,0,0
"427","1","2026093","20260914","20260918","32","1",0,0,0,0,0
"427","1","2026093","20260914","20260918","32","2",0,0,0,0,0
"427","1","2026093","20260914","20260918","33","1",0,0,0,0,0
"427","1","2026093","20260914","20260918","33","2",0,0,0,0,0
"427","1","2026093","20260914","20260918","41","1",0,0,0,0,0
"427","1","2026093","20260914","20260918","41","2",0,0,0,0,0
"427","1","2026093","20260914","20260918","51","1",0,0,0,0,0
"427","1","2026093","20260914","20260918","51","2",0,0,0,0,0
"427","1","2026093","20260914","20260918","60","1",0,0,0,0,0
"427","1","2026093","20260914","20260918","60","2",0,0,0,0,0
"430","1","2026093","20260914","20260918","11","1",0,0,0,0,0
"430","1","2026093","20260914","20260918","11","2",0,0,0,0,0
"430","1","2026093","20260914","20260918","21","1",0,0,0,0,0
"430","1","2026093","20260914","20260918","21","2",0,0,0,0,0
"430","1","2026093","20260914","20260918","22","1",0,0,0,0,0
"430","1","2026093","20260914","20260918","22","2",0,0,0,0,0
"430","1","2026093","20260914","20260918","23","1",0,0,0,0,0
"430","1","2026093","20260914","20260918","23","2",0,0,0,0,0
"430","1","2026093","20260914","20260918","24","1",0,0,0,0,0
"430","1","2026093","20260914","20260918","24","2",0,0,0,0,0
"430","1","2026093","20260914","20260918","31","1",0,0,0,0,0
"430","1","2026093","20260914","20260918","31","2",0,0,0,0,0
"430","1","2026093","20260914","20260918","32","1",0,0,0,0,0
"430","1","2026093","20260914","20260918","32","2",0,0,0,0,0
"430","1","2026093","20260914","20260918","33","1",0,0,0,0,0
"430","1","2026093","20260914","20260918","33","2",0,0,0,0,0
"430","1","2026093","20260914","20260918","41","1",0,0,0,0,0
"430","1","2026093","20260914","20260918","41","2",0,0,0,0,0
"430","1","2026093","20260914","20260918","51","1",0,0,0,0,0
"430","1","2026093","20260914","20260918","51","2",0,0,0,0,0
"430","1","2026093","20260914","20260918","60","1",0,0,0,0,0
"430","1","2026093","20260914","20260918","60","2",0,0,0,0,0
"429","1","2026093","20260914","20260918","11","1",0,0,0,0,0
"429","1","2026093","20260914","20260918","11","2",0,0,0,0,0
"429","1","2026093","20260914","20260918","21","1",0,0,0,0,0
"429","1","2026093","20260914","20260918","21","2",0,0,0,0,0
"429","1","2026093","20260914","20260918","22","1",0,0,0,0,0
"429","1","2026093","20260914","20260918","22","2",0,0,0,0,0
"429","1","2026093","20260914","20260918","23","1",0,0,0,0,0
"429","1","2026093","20260914","20260918","23","2",0,0,0,0,0
"429","1","2026093","20260914","20260918","24","1",0,0,0,0,0
"429","1","2026093","20260914","20260918","24","2",0,0,0,0,0
"429","1","2026093","20260914","20260918","31","1",0,0,0,0,0
"429","1","2026093","20260914","20260918","31","2",0,0,0,0,0
"429","1","2026093","20260914","20260918","32","1",0,0,0,0,0
"429","1","2026093","20260914","20260918","32","2",0,0,0,0,0
"429","1","2026093","20260914","20260918","33","1",0,0,0,0,0
"429","1","2026093","20260914","20260918","33","2",0,0,0,0,0
"429","1","2026093","20260914","20260918","41","1",0,0,0,0,0
"429","1","2026093","20260914","20260918","41","2",0,0,0,0,0
"429","1","2026093","20260914","20260918","51","1",0,0,0,0,0
"429","1","2026093","20260914","20260918","51","2",0,0,0,0,0
"429","1","2026093","20260914","20260918","60","1",0,0,0,0,0
"429","1","2026093","20260914","20260918","60","2",0,0,0,0,0
"433","1","2026093","20260914","20260918","11","1",0,0,0,0,0
"433","1","2026093","20260914","20260918","11","2",0,0,0,0,0
"433","1","2026093","20260914","20260918","21","1",0,0,0,0,0
"433","1","2026093","20260914","20260918","21","2",0,0,0,0,0
"433","1","2026093","20260914","20260918","22","1",0,0,0,0,0
"433","1","2026093","20260914","20260918","22","2",0,0,0,0,0
"433","1","2026093","20260914","20260918","23","1",0,0,0,0,0
"433","1","2026093","20260914","20260918","23","2",0,0,0,0,0
"433","1","2026093","20260914","20260918","24","1",0,0,0,0,0
"433","1","2026093","20260914","20260918","24","2",0,0,0,0,0
"433","1","2026093","20260914","20260918","31","1",0,0,0,0,0
"433","1","2026093","20260914","20260918","31","2",0,0,0,0,0
"433","1","2026093","20260914","20260918","32","1",0,0,0,0,0
"433","1","2026093","20260914","20260918","32","2",0,0,0,0,0
"433","1","2026093","20260914","20260918","33","1",0,0,0,0,0
"433","1","2026093","20260914","20260918","33","2",0,0,0,0,0
"433","1","2026093","20260914","20260918","41","1",0,0,0,0,0
"433","1","2026093","20260914","20260918","41","2",0,0,0,0,0
"433","1","2026093","20260914","20260918","51","1",0,0,0,0,0
"433","1","2026093","20260914","20260918","51","2",0,0,0,0,0
"433","1","2026093","20260914","20260918","60","1",0,0,0,0,0
"433","1","2026093","20260914","20260918","60","2",0,0,0,0,0
"432","1","2026093","20260914","20260918","11","1",0,0,0,0,0
"432","1","2026093","20260914","20260918","11","2",0,0,0,0,0
"432","1","2026093","20260914","20260918","21","1",0,0,0,0,0
"432","1","2026093","20260914","20260918","21","2",0,0,0,0,0
"432","1","2026093","20260914","20260918","22","1",0,0,0,0,0
"432","1","2026093","20260914","20260918","22","2",0,0,0,0,0
"432","1","2026093","20260914","20260918","23","1",0,0,0,0,0
"432","1","2026093","20260914","20260918","23","2",0,0,0,0,0
"432","1","2026093","20260914","20260918","24","1",0,0,0,0,0
"432","1","2026093","20260914","20260918","24","2",0,0,0,0,0
"432","1","2026093","20260914","20260918","31","1",0,0,0,0,0
"432","1","2026093","20260914","20260918","31","2",0,0,0,0,0
"432","1","2026093","20260914","20260918","32","1",0,0,0,0,0
"432","1","2026093","20260914","20260918","32","2",0,0,0,0,0
"432","1","2026093","20260914","20260918","33","1",0,0,0,0,0
"432","1","2026093","20260914","20260918","33","2",0,0,0,0,0
"432","1","2026093","20260914","20260918","41","1",0,0,0,0,0
"432","1","2026093","20260914","20260918","41","2",0,0,0,0,0
"432","1","2026093","20260914","20260918","51","1",0,0,0,0,0
"432","1","2026093","20260914","20260918","51","2",0,0,0,0,0
"432","1","2026093","20260914","20260918","60","1",0,0,0,0,0
"432","1","2026093","20260914","20260918","60","2",0,0,0,0,0
"447","1","2026093","20260914","20260918","11","1",0,0,0,0,0
"447","1","2026093","20260914","20260918","11","2",0,0,0,0,0
"447","1","2026093","20260914","20260918","21","1",0,0,0,0,0
"447","1","2026093","20260914","20260918","21","2",0,0,0,0,0
"447","1","2026093","20260914","20260918","22","1",0,0,0,0,0
"447","1","2026093","20260914","20260918","22","2",0,0,0,0,0
"447","1","2026093","20260914","20260918","23","1",0,0,0,0,0
"447","1","2026093","20260914","20260918","23","2",0,0,0,0,0
"447","1","2026093","20260914","20260918","24","1",0,0,0,0,0
"447","1","2026093","20260914","20260918","24","2",0,0,0,0,0
"447","1","2026093","20260914","20260918","31","1",0,0,0,0,0
"447","1","2026093","20260914","20260918","31","2",0,0,0,0,0
"447","1","2026093","20260914","20260918","32","1",0,0,0,0,0
"447","1","2026093","20260914","20260918","32","2",0,0,0,0,0
"447","1","2026093","20260914","20260918","33","1",0,0,0,0,0
"447","1","2026093","20260914","20260918","33","2",0,0,0,0,0
"447","1","2026093","20260914","20260918","41","1",0,0,0,0,0
"447","1","2026093","20260914","20260918","41","2",0,0,0,0,0
"447","1","2026093","20260914","20260918","51","1",0,0,0,0,0
"447","1","2026093","20260914","20260918","51","2",0,0,0,0,0
"447","1","2026093","20260914","20260918","60","1",0,0,0,0,0
"447","1","2026093","20260914","20260918","60","2",0,0,0,0,0
"435","1","2026093","20260914","20260918","11","1",0,0,0,0,0
"435","1","2026093","20260914","20260918","11","2",0,0,0,0,0
"435","1","2026093","20260914","20260918","21","1",0,0,0,0,0
"435","1","2026093","20260914","20260918","21","2",0,0,0,0,0
"435","1","2026093","20260914","20260918","22","1",0,0,0,0,0
"435","1","2026093","20260914","20260918","22","2",0,0,0,0,0
"435","1","2026093","20260914","20260918","23","1",0,0,0,0,0
"435","1","2026093","20260914","20260918","23","2",0,0,0,0,0
"435","1","2026093","20260914","20260918","24","1",0,0,0,0,0
"435","1","2026093","20260914","20260918","24","2",0,0,0,0,0
"435","1","2026093","20260914","20260918","31","1",0,0,0,0,0
"435","1","2026093","20260914","20260918","31","2",0,0,0,0,0
"435","1","2026093","20260914","20260918","32","1",0,0,0,0,0
"435","1","2026093","20260914","20260918","32","2",0,0,0,0,0
"435","1","2026093","20260914","20260918","33","1",0,0,0,0,0
"435","1","2026093","20260914","20260918","33","2",0,0,0,0,0
"435","1","2026093","20260914","20260918","41","1",0,0,0,0,0
"435","1","2026093","20260914","20260918","41","2",0,0,0,0,0
"435","1","2026093","20260914","20260918","51","1",0,0,0,0,0
"435","1","2026093","20260914","20260918","51","2",0,0,0,0,0
"435","1","2026093","20260914","20260918","60","1",0,0,0,0,0
"435","1","2026093","20260914","20260918","60","2",0,0,0,0,0
"434","1","2026093","20260914","20260918","11","1",0,0,0,0,0
"434","1","2026093","20260914","20260918","11","2",0,0,0,0,0
"434","1","2026093","20260914","20260918","21","1",0,0,0,0,0
"434","1","2026093","20260914","20260918","21","2",0,0,0,0,0
"434","1","2026093","20260914","20260918","22","1",0,0,0,0,0
"434","1","2026093","20260914","20260918","22","2",0,0,0,0,0
"434","1","2026093","20260914","20260918","23","1",0,0,0,0,0
"434","1","2026093","20260914","20260918","23","2",0,0,0,0,0
"434","1","2026093","20260914","20260918","24","1",0,0,0,0,0
"434","1","2026093","20260914","20260918","24","2",0,0,0,0,0
"434","1","2026093","20260914","20260918","31","1",0,0,0,0,0
"434","1","2026093","20260914","20260918","31","2",0,0,0,0,0
"434","1","2026093","20260914","20260918","32","1",0,0,0,0,0
"434","1","2026093","20260914","20260918","32","2",0,0,0,0,0
"434","1","2026093","20260914","20260918","33","1",0,0,0,0,0
"434","1","2026093","20260914","20260918","33","2",0,0,0,0,0
"434","1","2026093","20260914","20260918","41","1",0,0,0,0,0
"434","1","2026093","20260914","20260918","41","2",0,0,0,0,0
"434","1","2026093","20260914","20260918","51","1",0,0,0,0,0
"434","1","2026093","20260914","20260918","51","2",0,0,0,0,0
"434","1","2026093","20260914","20260918","60","1",0,0,0,0,0
"434","1","2026093","20260914","20260918","60","2",0,0,0,0,0
"448","1","2026093","20260914","20260918","11","1",0,0,0,0,0
"448","1","2026093","20260914","20260918","11","2",0,0,0,0,0
"448","1","2026093","20260914","20260918","21","1",0,0,0,0,0
"448","1","2026093","20260914","20260918","21","2",0,0,0,0,0
"448","1","2026093","20260914","20260918","22","1",0,0,0,0,0
"448","1","2026093","20260914","20260918","22","2",0,0,0,0,0
"448","1","2026093","20260914","20260918","23","1",0,0,0,0,0
"448","1","2026093","20260914","20260918","23","2",0,0,0,0,0
"448","1","2026093","20260914","20260918","24","1",0,0,0,0,0
"448","1","2026093","20260914","20260918","24","2",0,0,0,0,0
"448","1","2026093","20260914","20260918","31","1",0,0,0,0,0
"448","1","2026093","20260914","20260918","31","2",0,0,0,0,0
"448","1","2026093","20260914","20260918","32","1",0,0,0,0,0
"448","1","2026093","20260914","20260918","32","2",0,0,0,0,0
"448","1","2026093","20260914","20260918","33","1",0,0,0,0,0
"448","1","2026093","20260914","20260918","33","2",0,0,0,0,0
"448","1","2026093","20260914","20260918","41","1",0,0,0,0,0
"448","1","2026093","20260914","20260918","41","2",0,0,0,0,0
"448","1","2026093","20260914","20260918","51","1",0,0,0,0,0
"448","1","2026093","20260914","20260918","51","2",0,0,0,0,0
"448","1","2026093","20260914","20260918","60","1",0,0,0,0,0
"448","1","2026093","20260914","20260918","60","2",0,0,0,0,0
"426","1","2026093","20260914","20260918","11","1",0,0,0,0,0
"426","1","2026093","20260914","20260918","11","2",0,0,0,0,0
"426","1","2026093","20260914","20260918","21","1",0,0,0,0,0
"426","1","2026093","20260914","20260918","21","2",0,0,0,0,0
"426","1","2026093","20260914","20260918","22","1",0,0,0,0,0
"426","1","2026093","20260914","20260918","22","2",0,0,0,0,0
"426","1","2026093","20260914","20260918","23","1",0,0,0,0,0
"426","1","2026093","20260914","20260918","23","2",0,0,0,0,0
"426","1","2026093","20260914","20260918","24","1",0,0,0,0,0
"426","1","2026093","20260914","20260918","24","2",0,0,0,0,0
"426","1","2026093","20260914","20260918","31","1",0,0,0,0,0
"426","1","2026093","20260914","20260918","31","2",0,0,0,0,0
"426","1","2026093","20260914","20260918","32","1",0,0,0,0,0
"426","1","2026093","20260914","20260918","32","2",0,0,0,0,0
"426","1","2026093","20260914","20260918","33","1",0,0,0,0,0
"426","1","2026093","20260914","20260918","33","2",0,0,0,0,0
"426","1","2026093","20260914","20260918","41","1",0,0,0,0,0
"426","1","2026093","20260914","20260918","41","2",0,0,0,0,0
"426","1","2026093","20260914","20260918","51","1",0,0,0,0,0
"426","1","2026093","20260914","20260918","51","2",0,0,0,0,0
"426","1","2026093","20260914","20260918","60","1",0,0,0,0,0
"426","1","2026093","20260914","20260918","60","2",0,0,0,0,0
"420","1","2026093","20260914","20260918","11","1",0,0,0,0,0
"420","1","2026093","20260914","20260918","11","2",0,0,0,0,0
"420","1","2026093","20260914","20260918","21","1",0,0,0,0,0
"420","1","2026093","20260914","20260918","21","2",0,0,0,0,0
"420","1","2026093","20260914","20260918","22","1",0,0,0,0,0
"420","1","2026093","20260914","20260918","22","2",0,0,0,0,0
"420","1","2026093","20260914","20260918","23","1",0,0,0,0,0
"420","1","2026093","20260914","20260918","23","2",0,0,0,0,0
"420","1","2026093","20260914","20260918","24","1",0,0,0,0,0
"420","1","2026093","20260914","20260918","24","2",0,0,0,0,0
"420","1","2026093","20260914","20260918","31","1",0,0,0,0,0
"420","1","2026093","20260914","20260918","31","2",0,0,0,0,0
"420","1","2026093","20260914","20260918","32","1",0,0,0,0,0
"420","1","2026093","20260914","20260918","32","2",0,0,0,0,0
"420","1","2026093","20260914","20260918","33","1",0,0,0,0,0
"420","1","2026093","20260914","20260918","33","2",0,0,0,0,0
"420","1","2026093","20260914","20260918","41","1",0,0,0,0,0
"420","1","2026093","20260914","20260918","41","2",0,0,0,0,0
"420","1","2026093","20260914","20260918","51","1",0,0,0,0,0
"420","1","2026093","20260914","20260918","51","2",0,0,0,0,0
"420","1","2026093","20260914","20260918","60","1",0,0,0,0,0
"420","1","2026093","20260914","20260918","60","2",0,0,0,0,0
"421","1","2026093","20260914","20260918","11","1",0,0,0,0,0
"421","1","2026093","20260914","20260918","11","2",0,0,0,0,0
"421","1","2026093","20260914","20260918","21","1",0,0,0,0,0
"421","1","2026093","20260914","20260918","21","2",0,0,0,0,0
"421","1","2026093","20260914","20260918","22","1",0,0,0,0,0
"421","1","2026093","20260914","20260918","22","2",0,0,0,0,0
"421","1","2026093","20260914","20260918","23","1",0,0,0,0,0
"421","1","2026093","20260914","20260918","23","2",0,0,0,0,0
"421","1","2026093","20260914","20260918","24","1",0,0,0,0,0
"421","1","2026093","20260914","20260918","24","2",0,0,0,0,0
"421","1","2026093","20260914","20260918","31","1",0,0,0,0,0
"421","1","2026093","20260914","20260918","31","2",0,0,0,0,0
"421","1","2026093","20260914","20260918","32","1",0,0,0,0,0
"421","1","2026093","20260914","20260918","32","2",0,0,0,0,0
"421","1","2026093","20260914","20260918","33","1",0,0,0,0,0
"421","1","2026093","20260914","20260918","33","2",0,0,0,0,0
"421","1","2026093","20260914","20260918","41","1",0,0,0,0,0
"421","1","2026093","20260914","20260918","41","2",0,0,0,0,0
"421","1","2026093","20260914","20260918","51","1",0,0,0,0,0
"421","1","2026093","20260914","20260918","51","2",0,0,0,0,0
"421","1","2026093","20260914","20260918","60","1",0,0,0,0,0
"421","1","2026093","20260914","20260918","60","2",0,0,0,0,0
"303","1","2026093","20260914","20260918","11","1",14150,-2747,11403,0,25553
"303","1","2026093","20260914","20260918","11","2",9801201851,-1846171851,7955030000,0,17756231851
"303","1","2026093","20260914","20260918","21","1",0,0,1354,1354,1354
"303","1","2026093","20260914","20260918","21","2",0,0,1761572956,1761572956,1761572956
"303","1","2026093","20260914","20260918","22","1",71,-63,8,0,79
"303","1","2026093","20260914","20260918","22","2",44497000,-37857000,6640000,0,51137000
"303","1","2026093","20260914","20260918","23","1",94,0,106,12,200
"303","1","2026093","20260914","20260918","23","2",68796000,0,90538000,21742000,159334000
"303","1","2026093","20260914","20260918","24","1",10,0,20,10,30
"303","1","2026093","20260914","20260918","24","2",1790000,0,8250000,6460000,10040000
"303","1","2026093","20260914","20260918","31","1",5,-5,0,0,5
"303","1","2026093","20260914","20260918","31","2",3750000,-3750000,0,0,3750000
"303","1","2026093","20260914","20260918","32","1",370,0,1355,985,1725
"303","1","2026093","20260914","20260918","32","2",93659080,0,139475160,45816080,233134240
"303","1","2026093","20260914","20260918","33","1",119,0,126,7,245
"303","1","2026093","20260914","20260918","33","2",38377000,-3401000,34976000,0,73353000
"303","1","2026093","20260914","20260918","41","1",0,0,0,0,0
"303","1","2026093","20260914","20260918","41","2",0,0,0,0,0
"303","1","2026093","20260914","20260918","51","1",9411,0,9642,231,19053
"303","1","2026093","20260914","20260918","51","2",1950695420,-214436360,1736259060,0,3686954480
"303","1","2026093","20260914","20260918","60","1",68194,0,68902,708,137096
"303","1","2026093","20260914","20260918","60","2",53888174815,-834243826,53053930989,0,106942105804
"304","1","2026093","20260914","20260918","11","1",4946,0,6558,1612,11504
"304","1","2026093","20260914","20260918","11","2",2516204000,0,3263986426,747782426,5780190426
"304","1","2026093","20260914","20260918","21","1",1354,-1354,0,0,1354
"304","1","2026093","20260914","20260918","21","2",904565426,-904565426,0,0,904565426
"304","1","2026093","20260914","20260918","22","1",25,-25,0,0,25
"304","1","2026093","20260914","20260918","22","2",10100000,-10100000,0,0,10100000
"304","1","2026093","20260914","20260918","23","1",122,-23,99,0,221
"304","1","2026093","20260914","20260918","23","2",88786000,0,107913000,19127000,196699000
"304","1","2026093","20260914","20260918","24","1",0,0,0,0,0
"304","1","2026093","20260914","20260918","24","2",0,0,0,0,0
"304","1","2026093","20260914","20260918","31","1",0,0,5,5,5
"304","1","2026093","20260914","20260918","31","2",0,0,1900000,1900000,1900000
"304","1","2026093","20260914","20260918","32","1",453,-102,351,0,804
"304","1","2026093","20260914","20260918","32","2",59903090,0,166426770,106523680,226329860
"304","1","2026093","20260914","20260918","33","1",280,-208,72,0,352
"304","1","2026093","20260914","20260918","33","2",29000000,-8022000,20978000,0,49978000
"304","1","2026093","20260914","20260918","41","1",0,0,0,0,0
"304","1","2026093","20260914","20260918","41","2",0,0,0,0,0
"304","1","2026093","20260914","20260918","51","1",8813,-635,8178,0,16991
"304","1","2026093","20260914","20260918","51","2",1549031650,-211339780,1337691870,0,2886723520
"304","1","2026093","20260914","20260918","60","1",40667,0,41733,1066,82400
"304","1","2026093","20260914","20260918","60","2",34563554102,0,34922532203,358978101,69486086305
"332","1","2026093","20260914","20260918","11","1",1354,-446,908,0,2262
"332","1","2026093","20260914","20260918","11","2",6524700,-992800,5531900,0,12056600
"332","1","2026093","20260914","20260918","21","1",0,0,0,0,0
"332","1","2026093","20260914","20260918","21","2",0,0,0,0,0
"332","1","2026093","20260914","20260918","22","1",0,0,0,0,0
"332","1","2026093","20260914","20260918","22","2",0,0,0,0,0
"332","1","2026093","20260914","20260918","23","1",0,0,0,0,0
"332","1","2026093","20260914","20260918","23","2",0,0,0,0,0
"332","1","2026093","20260914","20260918","24","1",0,0,0,0,0
"332","1","2026093","20260914","20260918","24","2",0,0,0,0,0
"332","1","2026093","20260914","20260918","31","1",0,0,0,0,0
"332","1","2026093","20260914","20260918","31","2",0,0,0,0,0
"332","1","2026093","20260914","20260918","32","1",1318,-392,926,0,2244
"332","1","2026093","20260914","20260918","32","2",27449980,-88520,27361460,0,54811440
"332","1","2026093","20260914","20260918","33","1",384,-34,350,0,734
"332","1","2026093","20260914","20260918","33","2",35964700,-535000,35429700,0,71394400
"332","1","2026093","20260914","20260918","41","1",0,0,0,0,0
"332","1","2026093","20260914","20260918","41","2",0,0,0,0,0
"332","1","2026093","20260914","20260918","51","1",42450,-4082,38368,0,80818
"332","1","2026093","20260914","20260918","51","2",1759569890,0,1985006710,225436820,3744576600
"332","1","2026093","20260914","20260918","60","1",60404,0,66564,6160,126968
"332","1","2026093","20260914","20260918","60","2",3031880890,-57014900,2974865990,0,6006746880
"333","1","2026093","20260914","20260918","11","1",1601,-589,1012,0,2613
"333","1","2026093","20260914","20260918","11","2",3150900,-1271000,1879900,0,5030800
"333","1","2026093","20260914","20260918","21","1",0,0,0,0,0
"333","1","2026093","20260914","20260918","21","2",0,0,0,0,0
"333","1","2026093","20260914","20260918","22","1",0,0,0,0,0
"333","1","2026093","20260914","20260918","22","2",0,0,0,0,0
"333","1","2026093","20260914","20260918","23","1",0,0,0,0,0
"333","1","2026093","20260914","20260918","23","2",0,0,0,0,0
"333","1","2026093","20260914","20260918","24","1",0,0,0,0,0
"333","1","2026093","20260914","20260918","24","2",0,0,0,0,0
"333","1","2026093","20260914","20260918","31","1",0,0,0,0,0
"333","1","2026093","20260914","20260918","31","2",0,0,0,0,0
"333","1","2026093","20260914","20260918","32","1",1138,-90,1048,0,2186
"333","1","2026093","20260914","20260918","32","2",25753940,0,29930300,4176360,55684240
"333","1","2026093","20260914","20260918","33","1",449,-33,416,0,865
"333","1","2026093","20260914","20260918","33","2",35296400,0,37669400,2373000,72965800
"333","1","2026093","20260914","20260918","41","1",0,0,0,0,0
"333","1","2026093","20260914","20260918","41","2",0,0,0,0,0
"333","1","2026093","20260914","20260918","51","1",46617,-7863,38754,0,85371
"333","1","2026093","20260914","20260918","51","2",1287800520,0,1393292600,105492080,2681093120
"333","1","2026093","20260914","20260918","60","1",59074,0,67201,8127,126275
"333","1","2026093","20260914","20260918","60","2",2460768980,-92718040,2368050940,0,4828819920
"319","1","2026093","20260914","20260918","11","1",60,-60,0,0,60
"319","1","2026093","20260914","20260918","11","2",44400000,-44400000,0,0,44400000
"319","1","2026093","20260914","20260918","21","1",0,0,0,0,0
"319","1","2026093","20260914","20260918","21","2",0,0,0,0,0
"319","1","2026093","20260914","20260918","22","1",0,0,0,0,0
"319","1","2026093","20260914","20260918","22","2",0,0,0,0,0
"319","1","2026093","20260914","20260918","23","1",0,0,0,0,0
"319","1","2026093","20260914","20260918","23","2",0,0,0,0,0
"319","1","2026093","20260914","20260918","24","1",0,0,0,0,0
"319","1","2026093","20260914","20260918","24","2",0,0,0,0,0
"319","1","2026093","20260914","20260918","31","1",0,0,0,0,0
"319","1","2026093","20260914","20260918","31","2",0,0,0,0,0
"319","1","2026093","20260914","20260918","32","1",0,0,0,0,0
"319","1","2026093","20260914","20260918","32","2",0,0,0,0,0
"319","1","2026093","20260914","20260918","33","1",0,0,0,0,0
"319","1","2026093","20260914","20260918","33","2",0,0,0,0,0
"319","1","2026093","20260914","20260918","41","1",0,0,0,0,0
"319","1","2026093","20260914","20260918","41","2",0,0,0,0,0
"319","1","2026093","20260914","20260918","51","1",0,0,0,0,0
"319","1","2026093","20260914","20260918","51","2",0,0,0,0,0
"319","1","2026093","20260914","20260918","60","1",3772,0,4032,260,7804
"319","1","2026093","20260914","20260918","60","2",4037106104,0,4526156104,489050000,8563262208
"320","1","2026093","20260914","20260918","11","1",260,-260,0,0,260
"320","1","2026093","20260914","20260918","11","2",442040000,-442040000,0,0,442040000
"320","1","2026093","20260914","20260918","21","1",0,0,0,0,0
"320","1","2026093","20260914","20260918","21","2",0,0,0,0,0
"320","1","2026093","20260914","20260918","22","1",0,0,0,0,0
"320","1","2026093","20260914","20260918","22","2",0,0,0,0,0
"320","1","2026093","20260914","20260918","23","1",0,0,0,0,0
"320","1","2026093","20260914","20260918","23","2",0,0,0,0,0
"320","1","2026093","20260914","20260918","24","1",0,0,0,0,0
"320","1","2026093","20260914","20260918","24","2",0,0,0,0,0
"320","1","2026093","20260914","20260918","31","1",0,0,0,0,0
"320","1","2026093","20260914","20260918","31","2",0,0,0,0,0
"320","1","2026093","20260914","20260918","32","1",0,0,0,0,0
"320","1","2026093","20260914","20260918","32","2",0,0,0,0,0
"320","1","2026093","20260914","20260918","33","1",0,0,0,0,0
"320","1","2026093","20260914","20260918","33","2",0,0,0,0,0
"320","1","2026093","20260914","20260918","41","1",0,0,0,0,0
"320","1","2026093","20260914","20260918","41","2",0,0,0,0,0
"320","1","2026093","20260914","20260918","51","1",0,0,0,0,0
"320","1","2026093","20260914","20260918","51","2",0,0,0,0,0
"320","1","2026093","20260914","20260918","60","1",3484,0,3844,360,7328
"320","1","2026093","20260914","20260918","60","2",6786339244,0,7553379244,767040000,14339718488
"327","1","2026093","20260914","20260918","11","1",0,0,0,0,0
"327","1","2026093","20260914","20260918","11","2",0,0,0,0,0
"327","1","2026093","20260914","20260918","21","1",0,0,0,0,0
"327","1","2026093","20260914","20260918","21","2",0,0,0,0,0
"327","1","2026093","20260914","20260918","22","1",0,0,0,0,0
"327","1","2026093","20260914","20260918","22","2",0,0,0,0,0
"327","1","2026093","20260914","20260918","23","1",0,0,0,0,0
"327","1","2026093","20260914","20260918","23","2",0,0,0,0,0
"327","1","2026093","20260914","20260918","24","1",0,0,0,0,0
"327","1","2026093","20260914","20260918","24","2",0,0,0,0,0
"327","1","2026093","20260914","20260918","31","1",0,0,0,0,0
"327","1","2026093","20260914","20260918","31","2",0,0,0,0,0
"327","1","2026093","20260914","20260918","32","1",0,0,0,0,0
"327","1","2026093","20260914","20260918","32","2",0,0,0,0,0
"327","1","2026093","20260914","20260918","33","1",0,0,0,0,0
"327","1","2026093","20260914","20260918","33","2",0,0,0,0,0
"327","1","2026093","20260914","20260918","41","1",0,0,0,0,0
"327","1","2026093","20260914","20260918","41","2",0,0,0,0,0
"327","1","2026093","20260914","20260918","51","1",0,0,0,0,0
"327","1","2026093","20260914","20260918","51","2",0,0,0,0,0
"327","1","2026093","20260914","20260918","60","1",0,0,0,0,0
"327","1","2026093","20260914","20260918","60","2",0,0,0,0,0
"328","1","2026093","20260914","20260918","11","1",0,0,0,0,0
"328","1","2026093","20260914","20260918","11","2",0,0,0,0,0
"328","1","2026093","20260914","20260918","21","1",0,0,0,0,0
"328","1","2026093","20260914","20260918","21","2",0,0,0,0,0
"328","1","2026093","20260914","20260918","22","1",0,0,0,0,0
"328","1","2026093","20260914","20260918","22","2",0,0,0,0,0
"328","1","2026093","20260914","20260918","23","1",0,0,0,0,0
"328","1","2026093","20260914","20260918","23","2",0,0,0,0,0
"328","1","2026093","20260914","20260918","24","1",0,0,0,0,0
"328","1","2026093","20260914","20260918","24","2",0,0,0,0,0
"328","1","2026093","20260914","20260918","31","1",0,0,0,0,0
"328","1","2026093","20260914","20260918","31","2",0,0,0,0,0
"328","1","2026093","20260914","20260918","32","1",0,0,0,0,0
"328","1","2026093","20260914","20260918","32","2",0,0,0,0,0
"328","1","2026093","20260914","20260918","33","1",0,0,0,0,0
"328","1","2026093","20260914","20260918","33","2",0,0,0,0,0
"328","1","2026093","20260914","20260918","41","1",0,0,0,0,0
"328","1","2026093","20260914","20260918","41","2",0,0,0,0,0
"328","1","2026093","20260914","20260918","51","1",0,0,0,0,0
"328","1","2026093","20260914","20260918","51","2",0,0,0,0,0
"328","1","2026093","20260914","20260918","60","1",0,0,0,0,0
"328","1","2026093","20260914","20260918","60","2",0,0,0,0,0
"439","1","2026093","20260914","20260918","11","1",0,0,0,0,0
"439","1","2026093","20260914","20260918","11","2",0,0,0,0,0
"439","1","2026093","20260914","20260918","21","1",0,0,0,0,0
"439","1","2026093","20260914","20260918","21","2",0,0,0,0,0
"439","1","2026093","20260914","20260918","22","1",0,0,0,0,0
"439","1","2026093","20260914","20260918","22","2",0,0,0,0,0
"439","1","2026093","20260914","20260918","23","1",0,0,0,0,0
"439","1","2026093","20260914","20260918","23","2",0,0,0,0,0
"439","1","2026093","20260914","20260918","24","1",0,0,0,0,0
"439","1","2026093","20260914","20260918","24","2",0,0,0,0,0
"439","1","2026093","20260914","20260918","31","1",0,0,0,0,0
"439","1","2026093","20260914","20260918","31","2",0,0,0,0,0
"439","1","2026093","20260914","20260918","32","1",0,0,0,0,0
"439","1","2026093","20260914","20260918","32","2",0,0,0,0,0
"439","1","2026093","20260914","20260918","33","1",0,0,0,0,0
"439","1","2026093","20260914","20260918","33","2",0,0,0,0,0
"439","1","2026093","20260914","20260918","41","1",0,0,0,0,0
"439","1","2026093","20260914","20260918","41","2",0,0,0,0,0
"439","1","2026093","20260914","20260918","51","1",0,0,0,0,0
"439","1","2026093","20260914","20260918","51","2",0,0,0,0,0
"439","1","2026093","20260914","20260918","60","1",0,0,0,0,0
"439","1","2026093","20260914","20260918","60","2",0,0,0,0,0
"440","1","2026093","20260914","20260918","11","1",0,0,0,0,0
"440","1","2026093","20260914","20260918","11","2",0,0,0,0,0
"440","1","2026093","20260914","20260918","21","1",0,0,0,0,0
"440","1","2026093","20260914","20260918","21","2",0,0,0,0,0
"440","1","2026093","20260914","20260918","22","1",0,0,0,0,0
"440","1","2026093","20260914","20260918","22","2",0,0,0,0,0
"440","1","2026093","20260914","20260918","23","1",0,0,0,0,0
"440","1","2026093","20260914","20260918","23","2",0,0,0,0,0
"440","1","2026093","20260914","20260918","24","1",0,0,0,0,0
"440","1","2026093","20260914","20260918","24","2",0,0,0,0,0
"440","1","2026093","20260914","20260918","31","1",0,0,0,0,0
"440","1","2026093","20260914","20260918","31","2",0,0,0,0,0
"440","1","2026093","20260914","20260918","32","1",0,0,0,0,0
"440","1","2026093","20260914","20260918","32","2",0,0,0,0,0
"440","1","2026093","20260914","20260918","33","1",0,0,0,0,0
"440","1","2026093","20260914","20260918","33","2",0,0,0,0,0
"440","1","2026093","20260914","20260918","41","1",0,0,0,0,0
"440","1","2026093","20260914","20260918","41","2",0,0,0,0,0
"440","1","2026093","20260914","20260918","51","1",0,0,0,0,0
"440","1","2026093","20260914","20260918","51","2",0,0,0,0,0
"440","1","2026093","20260914","20260918","60","1",0,0,0,0,0
"440","1","2026093","20260914","20260918","60","2",0,0,0,0,0
"441","1","2026093","20260914","20260918","11","1",0,0,0,0,0
"441","1","2026093","20260914","20260918","11","2",0,0,0,0,0
"441","1","2026093","20260914","20260918","21","1",0,0,0,0,0
"441","1","2026093","20260914","20260918","21","2",0,0,0,0,0
"441","1","2026093","20260914","20260918","22","1",0,0,0,0,0
"441","1","2026093","20260914","20260918","22","2",0,0,0,0,0
"441","1","2026093","20260914","20260918","23","1",0,0,0,0,0
"441","1","2026093","20260914","20260918","23","2",0,0,0,0,0
"441","1","2026093","20260914","20260918","24","1",0,0,0,0,0
"441","1","2026093","20260914","20260918","24","2",0,0,0,0,0
"441","1","2026093","20260914","20260918","31","1",0,0,0,0,0
"441","1","2026093","20260914","20260918","31","2",0,0,0,0,0
"441","1","2026093","20260914","20260918","32","1",0,0,0,0,0
"441","1","2026093","20260914","20260918","32","2",0,0,0,0,0
"441","1","2026093","20260914","20260918","33","1",0,0,0,0,0
"441","1","2026093","20260914","20260918","33","2",0,0,0,0,0
"441","1","2026093","20260914","20260918","41","1",0,0,0,0,0
"441","1","2026093","20260914","20260918","41","2",0,0,0,0,0
"441","1","2026093","20260914","20260918","51","1",0,0,0,0,0
"441","1","2026093","20260914","20260918","51","2",0,0,0,0,0
"441","1","2026093","20260914","20260918","60","1",0,0,0,0,0
"441","1","2026093","20260914","20260918","60","2",0,0,0,0,0
"442","1","2026093","20260914","20260918","11","1",0,0,0,0,0
"442","1","2026093","20260914","20260918","11","2",0,0,0,0,0
"442","1","2026093","20260914","20260918","21","1",0,0,0,0,0
"442","1","2026093","20260914","20260918","21","2",0,0,0,0,0
"442","1","2026093","20260914","20260918","22","1",0,0,0,0,0
"442","1","2026093","20260914","20260918","22","2",0,0,0,0,0
"442","1","2026093","20260914","20260918","23","1",0,0,0,0,0
"442","1","2026093","20260914","20260918","23","2",0,0,0,0,0
"442","1","2026093","20260914","20260918","24","1",0,0,0,0,0
"442","1","2026093","20260914","20260918","24","2",0,0,0,0,0
"442","1","2026093","20260914","20260918","31","1",0,0,0,0,0
"442","1","2026093","20260914","20260918","31","2",0,0,0,0,0
"442","1","2026093","20260914","20260918","32","1",0,0,0,0,0
"442","1","2026093","20260914","20260918","32","2",0,0,0,0,0
"442","1","2026093","20260914","20260918","33","1",0,0,0,0,0
"442","1","2026093","20260914","20260918","33","2",0,0,0,0,0
"442","1","2026093","20260914","20260918","41","1",0,0,0,0,0
"442","1","2026093","20260914","20260918","41","2",0,0,0,0,0
"442","1","2026093","20260914","20260918","51","1",0,0,0,0,0
"442","1","2026093","20260914","20260918","51","2",0,0,0,0,0
"442","1","2026093","20260914","20260918","60","1",0,0,0,0,0
"442","1","2026093","20260914","20260918","60","2",0,0,0,0,0
"321","1","2026093","20260914","20260918","11","1",120,-70,50,0,170
"321","1","2026093","20260914","20260918","11","2",19700000,-11050000,8650000,0,28350000
"321","1","2026093","20260914","20260918","21","1",0,0,0,0,0
"321","1","2026093","20260914","20260918","21","2",0,0,0,0,0
"321","1","2026093","20260914","20260918","22","1",0,0,0,0,0
"321","1","2026093","20260914","20260918","22","2",0,0,0,0,0
"321","1","2026093","20260914","20260918","23","1",0,0,9,9,9
"321","1","2026093","20260914","20260918","23","2",0,0,720000,720000,720000
"321","1","2026093","20260914","20260918","24","1",0,0,0,0,0
"321","1","2026093","20260914","20260918","24","2",0,0,0,0,0
"321","1","2026093","20260914","20260918","31","1",0,0,0,0,0
"321","1","2026093","20260914","20260918","31","2",0,0,0,0,0
"321","1","2026093","20260914","20260918","32","1",0,0,47,47,47
"321","1","2026093","20260914","20260918","32","2",0,0,980000,980000,980000
"321","1","2026093","20260914","20260918","33","1",0,0,0,0,0
"321","1","2026093","20260914","20260918","33","2",0,0,0,0,0
"321","1","2026093","20260914","20260918","41","1",0,0,0,0,0
"321","1","2026093","20260914","20260918","41","2",0,0,0,0,0
"321","1","2026093","20260914","20260918","51","1",0,0,0,0,0
"321","1","2026093","20260914","20260918","51","2",0,0,0,0,0
"321","1","2026093","20260914","20260918","60","1",355,-15,340,0,695
"321","1","2026093","20260914","20260918","60","2",73475000,0,76265000,2790000,149740000
"322","1","2026093","20260914","20260918","11","1",211,-119,92,0,303
"322","1","2026093","20260914","20260918","11","2",35070000,-14140000,20930000,0,56000000
"322","1","2026093","20260914","20260918","21","1",0,0,0,0,0
"322","1","2026093","20260914","20260918","21","2",0,0,0,0,0
"322","1","2026093","20260914","20260918","22","1",15,0,15,0,30
"322","1","2026093","20260914","20260918","22","2",900000,0,2700000,1800000,3600000
"322","1","2026093","20260914","20260918","23","1",0,0,16,16,16
"322","1","2026093","20260914","20260918","23","2",0,0,1120000,1120000,1120000
"322","1","2026093","20260914","20260918","24","1",0,0,0,0,0
"322","1","2026093","20260914","20260918","24","2",0,0,0,0,0
"322","1","2026093","20260914","20260918","31","1",0,0,0,0,0
"322","1","2026093","20260914","20260918","31","2",0,0,0,0,0
"322","1","2026093","20260914","20260918","32","1",0,0,0,0,0
"322","1","2026093","20260914","20260918","32","2",0,0,0,0,0
"322","1","2026093","20260914","20260918","33","1",0,0,0,0,0
"322","1","2026093","20260914","20260918","33","2",0,0,0,0,0
"322","1","2026093","20260914","20260918","41","1",0,0,0,0,0
"322","1","2026093","20260914","20260918","41","2",0,0,0,0,0
"322","1","2026093","20260914","20260918","51","1",0,0,0,0,0
"322","1","2026093","20260914","20260918","51","2",0,0,0,0,0
"322","1","2026093","20260914","20260918","60","1",382,0,586,204,968
"322","1","2026093","20260914","20260918","60","2",56370000,0,78950000,22580000,135320000
"307","1","2026093","20260914","20260918","11","1",4950,0,5263,313,10213
"307","1","2026093","20260914","20260918","11","2",59443500,-46039550,13403950,0,72847450
"307","1","2026093","20260914","20260918","21","1",0,0,0,0,0
"307","1","2026093","20260914","20260918","21","2",0,0,0,0,0
"307","1","2026093","20260914","20260918","22","1",0,0,0,0,0
"307","1","2026093","20260914","20260918","22","2",0,0,0,0,0
"307","1","2026093","20260914","20260918","23","1",0,0,0,0,0
"307","1","2026093","20260914","20260918","23","2",0,0,0,0,0
"307","1","2026093","20260914","20260918","24","1",0,0,0,0,0
"307","1","2026093","20260914","20260918","24","2",0,0,0,0,0
"307","1","2026093","20260914","20260918","31","1",0,0,0,0,0
"307","1","2026093","20260914","20260918","31","2",0,0,0,0,0
"307","1","2026093","20260914","20260918","32","1",7,-7,0,0,7
"307","1","2026093","20260914","20260918","32","2",72950,-72950,0,0,72950
"307","1","2026093","20260914","20260918","33","1",0,0,0,0,0
"307","1","2026093","20260914","20260918","33","2",0,0,0,0,0
"307","1","2026093","20260914","20260918","41","1",0,0,0,0,0
"307","1","2026093","20260914","20260918","41","2",0,0,0,0,0
"307","1","2026093","20260914","20260918","51","1",1403,-748,655,0,2058
"307","1","2026093","20260914","20260918","51","2",6327109,-5865759,461350,0,6788459
"307","1","2026093","20260914","20260918","60","1",7716,0,9502,1786,17218
"307","1","2026093","20260914","20260918","60","2",82272010,0,149527364,67255354,231799374
"308","1","2026093","20260914","20260918","11","1",5665,-5355,310,0,5975
"308","1","2026093","20260914","20260918","11","2",34778000,-14166000,20612000,0,55390000
"308","1","2026093","20260914","20260918","21","1",0,0,0,0,0
"308","1","2026093","20260914","20260918","21","2",0,0,0,0,0
"308","1","2026093","20260914","20260918","22","1",0,0,0,0,0
"308","1","2026093","20260914","20260918","22","2",0,0,0,0,0
"308","1","2026093","20260914","20260918","23","1",0,0,0,0,0
"308","1","2026093","20260914","20260918","23","2",0,0,0,0,0
"308","1","2026093","20260914","20260918","24","1",0,0,0,0,0
"308","1","2026093","20260914","20260918","24","2",0,0,0,0,0
"308","1","2026093","20260914","20260918","31","1",0,0,0,0,0
"308","1","2026093","20260914","20260918","31","2",0,0,0,0,0
"308","1","2026093","20260914","20260918","32","1",11024,-5021,6003,0,17027
"308","1","2026093","20260914","20260918","32","2",7895030,-5308210,2586820,0,10481850
"308","1","2026093","20260914","20260918","33","1",0,0,0,0,0
"308","1","2026093","20260914","20260918","33","2",0,0,0,0,0
"308","1","2026093","20260914","20260918","41","1",0,0,0,0,0
"308","1","2026093","20260914","20260918","41","2",0,0,0,0,0
"308","1","2026093","20260914","20260918","51","1",2950,-2813,137,0,3087
"308","1","2026093","20260914","20260918","51","2",3134035,-1622902,1511133,0,4645168
"308","1","2026093","20260914","20260918","60","1",7356,0,20964,13608,28320
"308","1","2026093","20260914","20260918","60","2",58856473,0,81936009,23079536,140792482
"413","1","2026093","20260914","20260918","11","1",0,0,0,0,0
"413","1","2026093","20260914","20260918","11","2",0,0,0,0,0
"413","1","2026093","20260914","20260918","21","1",0,0,0,0,0
"413","1","2026093","20260914","20260918","21","2",0,0,0,0,0
"413","1","2026093","20260914","20260918","22","1",0,0,0,0,0
"413","1","2026093","20260914","20260918","22","2",0,0,0,0,0
"413","1","2026093","20260914","20260918","23","1",0,0,0,0,0
"413","1","2026093","20260914","20260918","23","2",0,0,0,0,0
"413","1","2026093","20260914","20260918","24","1",0,0,0,0,0
"413","1","2026093","20260914","20260918","24","2",0,0,0,0,0
"413","1","2026093","20260914","20260918","31","1",0,0,0,0,0
"413","1","2026093","20260914","20260918","31","2",0,0,0,0,0
"413","1","2026093","20260914","20260918","32","1",0,0,0,0,0
"413","1","2026093","20260914","20260918","32","2",0,0,0,0,0
"413","1","2026093","20260914","20260918","33","1",0,0,0,0,0
"413","1","2026093","20260914","20260918","33","2",0,0,0,0,0
"413","1","2026093","20260914","20260918","41","1",0,0,0,0,0
"413","1","2026093","20260914","20260918","41","2",0,0,0,0,0
"413","1","2026093","20260914","20260918","51","1",0,0,0,0,0
"413","1","2026093","20260914","20260918","51","2",0,0,0,0,0
"413","1","2026093","20260914","20260918","60","1",0,0,0,0,0
"413","1","2026093","20260914","20260918","60","2",0,0,0,0,0
"414","1","2026093","20260914","20260918","11","1",0,0,0,0,0
"414","1","2026093","20260914","20260918","11","2",0,0,0,0,0
"414","1","2026093","20260914","20260918","21","1",0,0,0,0,0
"414","1","2026093","20260914","20260918","21","2",0,0,0,0,0
"414","1","2026093","20260914","20260918","22","1",0,0,0,0,0
"414","1","2026093","20260914","20260918","22","2",0,0,0,0,0
"414","1","2026093","20260914","20260918","23","1",0,0,0,0,0
"414","1","2026093","20260914","20260918","23","2",0,0,0,0,0
"414","1","2026093","20260914","20260918","24","1",0,0,0,0,0
"414","1","2026093","20260914","20260918","24","2",0,0,0,0,0
"414","1","2026093","20260914","20260918","31","1",0,0,0,0,0
"414","1","2026093","20260914","20260918","31","2",0,0,0,0,0
"414","1","2026093","20260914","20260918","32","1",0,0,0,0,0
"414","1","2026093","20260914","20260918","32","2",0,0,0,0,0
"414","1","2026093","20260914","20260918","33","1",0,0,0,0,0
"414","1","2026093","20260914","20260918","33","2",0,0,0,0,0
"414","1","2026093","20260914","20260918","41","1",0,0,0,0,0
"414","1","2026093","20260914","20260918","41","2",0,0,0,0,0
"414","1","2026093","20260914","20260918","51","1",0,0,0,0,0
"414","1","2026093","20260914","20260918","51","2",0,0,0,0,0
"414","1","2026093","20260914","20260918","60","1",0,0,0,0,0
"414","1","2026093","20260914","20260918","60","2",0,0,0,0,0
