"帳票種別 Product type","サイクル区分 Cycle","年月週 Year, Month, Week","報告年月日（自）Period covered - from","報告年月日（至）Period covered - to","投資部門コード Type of Investor","数量金額区分 Volume/Value","売 Sales","売-差引 Balance","買 Purchases","買-差引 Balance","合計 Total"
"301","1","2026043","20260413","20260417","11","1",0,0,0,0,0
"301","1","2026043","20260413","20260417","11","2",0,0,0,0,0
"301","1","2026043","20260413","20260417","21","1",0,0,0,0,0
"301","1","2026043","20260413","20260417","21","2",0,0,0,0,0
"301","1","2026043","20260413","20260417","22","1",0,0,0,0,0
"301","1","2026043","20260413","20260417","22","2",0,0,0,0,0
"301","1","2026043","20260413","20260417","23","1",0,0,0,0,0
"301","1","2026043","20260413","20260417","23","2",0,0,0,0,0
"301","1","2026043","20260413","20260417","24","1",0,0,0,0,0
"301","1","2026043","20260413","20260417","24","2",0,0,0,0,0
"301","1","2026043","20260413","20260417","31","1",0,0,0,0,0
"301","1","2026043","20260413","20260417","31","2",0,0,0,0,0
"301","1","2026043","20260413","20260417","32","1",0,0,0,0,0
"301","1","2026043","20260413","20260417","32","2",0,0,0,0,0
"301","1","2026043","20260413","20260417","33","1",0,0,0,0,0
"301","1","2026043","20260413","20260417","33","2",0,0,0,0,0
"301","1","2026043","20260413","20260417","41","1",0,0,0,0,0
"301","1","2026043","20260413","20260417","41","2",0,0,0,0,0
"301","1","2026043","20260413","20260417","51","1",0,0,0,0,0
"301","1","2026043","20260413","20260417","51","2",0,0,0,0,0
"301","1","2026043","20260413","20260417","60","1",0,0,0,0,0
"301","1","2026043","20260413","20260417","60","2",0,0,0,0,0
"313","1","2026043","20260413","20260417","11","1",0,0,0,0,0
"313","1","2026043","20260413","20260417","11","2",0,0,0,0,0
"313","1","2026043","20260413","20260417","21","1",0,0,0,0,0
"313","1","2026043","20260413","20260417","21","2",0,0,0,0,0
"313","1","2026043","20260413","20260417","22","1",0,0,0,0,0
"313","1","2026043","20260413","20260417","22","2",0,0,0,0,0
"313","1","2026043","20260413","20260417","23","1",0,0,0,0,0
"313","1","2026043","20260413","20260417","23","2",0,0,0,0,0
"313","1","2026043","20260413","20260417","24","1",0,0,0,0,0
"313","1","2026043","20260413","20260417","24","2",0,0,0,0,0
"313","1","2026043","20260413","20260417","31","1",0,0,0,0,0
"313","1","2026043","20260413","20260417","31","2",0,0,0,0,0
"313","1","2026043","20260413","20260417","32","1",0,0,0,0,0
"313","1","2026043","20260413","20260417","32","2",0,0,0,0,0
"313","1","2026043","20260413","20260417","33","1",0,0,0,0,0
"313","1","2026043","20260413","20260417","33","2",0,0,0,0,0
"313","1","2026043","20260413","20260417","41","1",0,0,0,0,0
"313","1","2026043","20260413","20260417","41","2",0,0,0,0,0
"313","1","2026043","20260413","20260417","51","1",0,0,0,0,0
"313","1","2026043","20260413","20260417","51","2",0,0,0,0,0
"313","1","2026043","20260413","20260417","60","1",0,0,0,0,0
"313","1","2026043","20260413","20260417","60","2",0,0,0,0,0
"331","1","2026043","20260413","20260417","11","1",0,0,0,0,0
"331","1","2026043","20260413","20260417","11","2",0,0,0,0,0
"331","1","2026043","20260413","20260417","21","1",0,0,0,0,0
"331","1","2026043","20260413","20260417","21","2",0,0,0,0,0
"331","1","2026043","20260413","20260417","22","1",0,0,0,0,0
"331","1","2026043","20260413","20260417","22","2",0,0,0,0,0
"331","1","2026043","20260413","20260417","23","1",0,0,0,0,0
"331","1","2026043","20260413","20260417","23","2",0,0,0,0,0
"331","1","2026043","20260413","20260417","24","1",0,0,0,0,0
"331","1","2026043","20260413","20260417","24","2",0,0,0,0,0
"331","1","2026043","20260413","20260417","31","1",0,0,0,0,0
"331","1","2026043","20260413","20260417","31","2",0,0,0,0,0
"331","1","2026043","20260413","20260417","32","1",0,0,0,0,0
"331","1","2026043","20260413","20260417","32","2",0,0,0,0,0
"331","1","2026043","20260413","20260417","33","1",0,0,0,0,0
"331","1","2026043","20260413","20260417","33","2",0,0,0,0,0
"331","1","2026043","20260413","20260417","41","1",0,0,0,0,0
"331","1","2026043","20260413","20260417","41","2",0,0,0,0,0
"331","1","2026043","20260413","20260417","51","1",0,0,0,0,0
"331","1","2026043","20260413","20260417","51","2",0,0,0,0,0
"331","1","2026043","20260413","20260417","60","1",0,0,0,0,0
"331","1","2026043","20260413","20260417","60","2",0,0,0,0,0
"314","1","2026043","20260413","20260417","11","1",0,0,0,0,0
"314","1","2026043","20260413","20260417","11","2",0,0,0,0,0
"314","1","2026043","20260413","20260417","21","1",0,0,0,0,0
"314","1","2026043","20260413","20260417","21","2",0,0,0,0,0
"314","1","2026043","20260413","20260417","22","1",0,0,0,0,0
"314","1","2026043","20260413","20260417","22","2",0,0,0,0,0
"314","1","2026043","20260413","20260417","23","1",0,0,0,0,0
"314","1","2026043","20260413","20260417","23","2",0,0,0,0,0
"314","1","2026043","20260413","20260417","24","1",0,0,0,0,0
"314","1","2026043","20260413","20260417","24","2",0,0,0,0,0
"314","1","2026043","20260413","20260417","31","1",0,0,0,0,0
"314","1","2026043","20260413","20260417","31","2",0,0,0,0,0
"314","1","2026043","20260413","20260417","32","1",0,0,0,0,0
"314","1","2026043","20260413","20260417","32","2",0,0,0,0,0
"314","1","2026043","20260413","20260417","33","1",0,0,0,0,0
"314","1","2026043","20260413","20260417","33","2",0,0,0,0,0
"314","1","2026043","20260413","20260417","41","1",0,0,0,0,0
"314","1","2026043","20260413","20260417","41","2",0,0,0,0,0
"314","1","2026043","20260413","20260417","51","1",0,0,0,0,0
"314","1","2026043","20260413","20260417","51","2",0,0,0,0,0
"314","1","2026043","20260413","20260417","60","1",0,0,0,0,0
"314","1","2026043","20260413","20260417","60","2",0,0,0,0,0
"316","1","2026043","20260413","20260417","11","1",0,0,0,0,0
"316","1","2026043","20260413","20260417","11","2",0,0,0,0,0
"316","1","2026043","20260413","20260417","21","1",0,0,0,0,0
"316","1","2026043","20260413","20260417","21","2",0,0,0,0,0
"316","1","2026043","20260413","20260417","22","1",0,0,0,0,0
"316","1","2026043","20260413","20260417","22","2",0,0,0,0,0
"316","1","2026043","20260413","20260417","23","1",0,0,0,0,0
"316","1","2026043","20260413","20260417","23","2",0,0,0,0,0
"316","1","2026043","20260413","20260417","24","1",0,0,0,0,0
"316","1","2026043","20260413","20260417","24","2",0,0,0,0,0
"316","1","2026043","20260413","20260417","31","1",0,0,0,0,0
"316","1","2026043","20260413","20260417","31","2",0,0,0,0,0
"316","1","2026043","20260413","20260417","32","1",0,0,0,0,0
"316","1","2026043","20260413","20260417","32","2",0,0,0,0,0
"316","1","2026043","20260413","20260417","33","1",0,0,0,0,0
"316","1","2026043","20260413","20260417","33","2",0,0,0,0,0
"316","1","2026043","20260413","20260417","41","1",0,0,0,0,0
"316","1","2026043","20260413","20260417","41","2",0,0,0,0,0
"316","1","2026043","20260413","20260417","51","1",0,0,0,0,0
"316","1","2026043","20260413","20260417","51","2",0,0,0,0,0
"316","1","2026043","20260413","20260417","60","1",0,0,0,0,0
"316","1","2026043","20260413","20260417","60","2",0,0,0,0,0
"335","1","2026043","20260413","20260417","11","1",0,0,0,0,0
"335","1","2026043","20260413","20260417","11","2",0,0,0,0,0
"335","1","2026043","20260413","20260417","21","1",0,0,0,0,0
"335","1","2026043","20260413","20260417","21","2",0,0,0,0,0
"335","1","2026043","20260413","20260417","22","1",0,0,0,0,0
"335","1","2026043","20260413","20260417","22","2",0,0,0,0,0
"335","1","2026043","20260413","20260417","23","1",0,0,0,0,0
"335","1","2026043","20260413","20260417","23","2",0,0,0,0,0
"335","1","2026043","20260413","20260417","24","1",0,0,0,0,0
"335","1","2026043","20260413","20260417","24","2",0,0,0,0,0
"335","1","2026043","20260413","20260417","31","1",0,0,0,0,0
"335","1","2026043","20260413","20260417","31","2",0,0,0,0,0
"335","1","2026043","20260413","20260417","32","1",0,0,0,0,0
"335","1","2026043","20260413","20260417","32","2",0,0,0,0,0
"335","1","2026043","20260413","20260417","33","1",0,0,0,0,0
"335","1","2026043","20260413","20260417","33","2",0,0,0,0,0
"335","1","2026043","20260413","20260417","41","1",0,0,0,0,0
"335","1","2026043","20260413","20260417","41","2",0,0,0,0,0
"335","1","2026043","20260413","20260417","51","1",0,0,0,0,0
"335","1","2026043","20260413","20260417","51","2",0,0,0,0,0
"335","1","2026043","20260413","20260417","60","1",0,0,0,0,0
"335","1","2026043","20260413","20260417","60","2",0,0,0,0,0
"323","1","2026043","20260413","20260417","11","1",0,0,0,0,0
"323","1","2026043","20260413","20260417","11","2",0,0,0,0,0
"323","1","2026043","20260413","20260417","21","1",0,0,0,0,0
"323","1","2026043","20260413","20260417","21","2",0,0,0,0,0
"323","1","2026043","20260413","20260417","22","1",0,0,0,0,0
"323","1","2026043","20260413","20260417","22","2",0,0,0,0,0
"323","1","2026043","20260413","20260417","23","1",0,0,0,0,0
"323","1","2026043","20260413","20260417","23","2",0,0,0,0,0
"323","1","2026043","20260413","20260417","24","1",0,0,0,0,0
"323","1","2026043","20260413","20260417","24","2",0,0,0,0,0
"323","1","2026043","20260413","20260417","31","1",0,0,0,0,0
"323","1","2026043","20260413","20260417","31","2",0,0,0,0,0
"323","1","2026043","20260413","20260417","32","1",0,0,0,0,0
"323","1","2026043","20260413","20260417","32","2",0,0,0,0,0
"323","1","2026043","20260413","20260417","33","1",0,0,0,0,0
"323","1","2026043","20260413","20260417","33","2",0,0,0,0,0
"323","1","2026043","20260413","20260417","41","1",0,0,0,0,0
"323","1","2026043","20260413","20260417","41","2",0,0,0,0,0
"323","1","2026043","20260413","20260417","51","1",0,0,0,0,0
"323","1","2026043","20260413","20260417","51","2",0,0,0,0,0
"323","1","2026043","20260413","20260417","60","1",0,0,0,0,0
"323","1","2026043","20260413","20260417","60","2",0,0,0,0,0
"449","1","2026043","20260413","20260417","11","1",1013,0,3012,1999,4025
"449","1","2026043","20260413","20260417","11","2",3013,0,4013,1000,7026
"449","1","2026043","20260413","20260417","21","1",1004,0,2004,1000,3008
"449","1","2026043","20260413","20260417","21","2",3004,0,4004,1000,7008
"449","1","2026043","20260413","20260417","22","1",1005,0,2005,1000,3010
"449","1","2026043","20260413","20260417","22","2",3005,0,4005,1000,7010
"449","1","2026043","20260413","20260417","23","1",1006,0,2006,1000,3012
"449","1","2026043","20260413","20260417","23","2",3006,0,4006,1000,7012
"449","1","2026043","20260413","20260417","24","1",1007,0,2007,1000,3014
"449","1","2026043","20260413","20260417","24","2",3007,0,4007,1000,7014
"449","1","2026043","20260413","20260417","31","1",1008,0,2008,1000,3016
"449","1","2026043","20260413","20260417","31","2",3008,0,4008,1000,7016
"449","1","2026043","20260413","20260417","32","1",1009,0,2009,1000,3018
"449","1","2026043","20260413","20260417","32","2",3009,0,4009,1000,7018
"449","1","2026043","20260413","20260417","33","1",1010,0,2010,1000,3020
"449","1","2026043","20260413","20260417","33","2",3010,0,4010,1000,7020
"449","1","2026043","20260413","20260417","41","1",1011,0,2011,1000,3022
"449","1","2026043","20260413","20260417","41","2",3011,0,4011,1000,7022
"449","1","2026043","20260413","20260417","51","1",1012,0,2012,1000,3024
"449","1","2026043","20260413","20260417","51","2",3012,0,4012,1000,7024
"449","1","2026043","20260413","20260417","60","1",2027,0,4027,2000,6054
"449","1","2026043","20260413","20260417","60","2",6027,0,8027,2000,14054
"329","1","2026043","20260413","20260417","11","1",0,0,0,0,0
"329","1","2026043","20260413","20260417","11","2",0,0,0,0,0
"329","1","2026043","20260413","20260417","21","1",0,0,0,0,0
"329","1","2026043","20260413","20260417","21","2",0,0,0,0,0
"329","1","2026043","20260413","20260417","22","1",0,0,0,0,0
"329","1","2026043","20260413","20260417","22","2",0,0,0,0,0
"329","1","2026043","20260413","20260417","23","1",0,0,0,0,0
"329","1","2026043","20260413","20260417","23","2",0,0,0,0,0
"329","1","2026043","20260413","20260417","24","1",0,0,0,0,0
"329","1","2026043","20260413","20260417","24","2",0,0,0,0,0
"329","1","2026043","20260413","20260417","31","1",0,0,0,0,0
"329","1","2026043","20260413","20260417","31","2",0,0,0,0,0
"329","1","2026043","20260413","20260417","32","1",0,0,0,0,0
"329","1","2026043","20260413","20260417","32","2",0,0,0,0,0
"329","1","2026043","20260413","20260417","33","1",0,0,0,0,0
"329","1","2026043","20260413","20260417","33","2",0,0,0,0,0
"329","1","2026043","20260413","20260417","41","1",0,0,0,0,0
"329","1","2026043","20260413","20260417","41","2",0,0,0,0,0
"329","1","2026043","20260413","20260417","51","1",0,0,0,0,0
"329","1","2026043","20260413","20260417","51","2",0,0,0,0,0
"329","1","2026043","20260413","20260417","60","1",0,0,0,0,0
"329","1","2026043","20260413","20260417","60","2",0,0,0,0,0
"312","1","2026043","20260413","20260417","11","1",0,0,0,0,0
"312","1","2026043","20260413","20260417","11","2",0,0,0,0,0
"312","1","2026043","20260413","20260417","21","1",0,0,0,0,0
"312","1","2026043","20260413","20260417","21","2",0,0,0,0,0
"312","1","2026043","20260413","20260417","22","1",0,0,0,0,0
"312","1","2026043","20260413","20260417","22","2",0,0,0,0,0
"312","1","2026043","20260413","20260417","23","1",0,0,0,0,0
"312","1","2026043","20260413","20260417","23","2",0,0,0,0,0
"312","1","2026043","20260413","20260417","24","1",0,0,0,0,0
"312","1","2026043","20260413","20260417","24","2",0,0,0,0,0
"312","1","2026043","20260413","20260417","31","1",0,0,0,0,0
"312","1","2026043","20260413","20260417","31","2",0,0,0,0,0
"312","1","2026043","20260413","20260417","32","1",0,0,0,0,0
"312","1","2026043","20260413","20260417","32","2",0,0,0,0,0
"312","1","2026043","20260413","20260417","33","1",0,0,0,0,0
"312","1","2026043","20260413","20260417","33","2",0,0,0,0,0
"312","1","2026043","20260413","20260417","41","1",0,0,0,0,0
"312","1","2026043","20260413","20260417","41","2",0,0,0,0,0
"312","1","2026043","20260413","20260417","51","1",0,0,0,0,0
"312","1","2026043","20260413","20260417","51","2",0,0,0,0,0
"312","1","2026043","20260413","20260417","60","1",0,0,0,0,0
"312","1","2026043","20260413","20260417","60","2",0,0,0,0,0
"324","1","2026043","20260413","20260417","11","1",0,0,0,0,0
"324","1","2026043","20260413","20260417","11","2",0,0,0,0,0
"324","1","2026043","20260413","20260417","21","1",0,0,0,0,0
"324","1","2026043","20260413","20260417","21","2",0,0,0,0,0
"324","1","2026043","20260413","20260417","22","1",0,0,0,0,0
"324","1","2026043","20260413","20260417","22","2",0,0,0,0,0
"324","1","2026043","20260413","20260417","23","1",0,0,0,0,0
"324","1","2026043","20260413","20260417","23","2",0,0,0,0,0
"324","1","2026043","20260413","20260417","24","1",0,0,0,0,0
"324","1","2026043","20260413","20260417","24","2",0,0,0,0,0
"324","1","2026043","20260413","20260417","31","1",0,0,0,0,0
"324","1","2026043","20260413","20260417","31","2",0,0,0,0,0
"324","1","2026043","20260413","20260417","32","1",0,0,0,0,0
"324","1","2026043","20260413","20260417","32","2",0,0,0,0,0
"324","1","2026043","20260413","20260417","33","1",0,0,0,0,0
"324","1","2026043","20260413","20260417","33","2",0,0,0,0,0
"324","1","2026043","20260413","20260417","41","1",0,0,0,0,0
"324","1","2026043","20260413","20260417","41","2",0,0,0,0,0
"324","1","2026043","20260413","20260417","51","1",0,0,0,0,0
"324","1","2026043","20260413","20260417","51","2",0,0,0,0,0
"324","1","2026043","20260413","20260417","60","1",0,0,0,0,0
"324","1","2026043","20260413","20260417","60","2",0,0,0,0,0
"309","1","2026043","20260413","20260417","11","1",0,0,0,0,0
"309","1","2026043","20260413","20260417","11","2",0,0,0,0,0
"309","1","2026043","20260413","20260417","21","1",0,0,0,0,0
"309","1","2026043","20260413","20260417","21","2",0,0,0,0,0
"309","1","2026043","20260413","20260417","22","1",0,0,0,0,0
"309","1","2026043","20260413","20260417","22","2",0,0,0,0,0
"309","1","2026043","20260413","20260417","23","1",0,0,0,0,0
"309","1","2026043","20260413","20260417","23","2",0,0,0,0,0
"309","1","2026043","20260413","20260417","24","1",0,0,0,0,0
"309","1","2026043","20260413","20260417","24","2",0,0,0,0,0
"309","1","2026043","20260413","20260417","31","1",0,0,0,0,0
"309","1","2026043","20260413","20260417","31","2",0,0,0,0,0
"309","1","2026043","20260413","20260417","32","1",0,0,0,0,0
"309","1","2026043","20260413","20260417","32","2",0,0,0,0,0
"309","1","2026043","20260413","20260417","33","1",0,0,0,0,0
"309","1","2026043","20260413","20260417","33","2",0,0,0,0,0
"309","1","2026043","20260413","20260417","41","1",0,0,0,0,0
"309","1","2026043","20260413","20260417","41","2",0,0,0,0,0
"309","1","2026043","20260413","20260417","51","1",0,0,0,0,0
"309","1","2026043","20260413","20260417","51","2",0,0,0,0,0
"309","1","2026043","20260413","20260417","60","1",0,0,0,0,0
"309","1","2026043","20260413","20260417","60","2",0,0,0,0,0
"325","1","2026043","20260413","20260417","11","1",0,0,0,0,0
"325","1","2026043","20260413","20260417","11","2",0,0,0,0,0
"325","1","2026043","20260413","20260417","21","1",0,0,0,0,0
"325","1","2026043","20260413","20260417","21","2",0,0,0,0,0
"325","1","2026043","20260413","20260417","22","1",0,0,0,0,0
"325","1","2026043","20260413","20260417","22","2",0,0,0,0,0
"325","1","2026043","20260413","20260417","23","1",0,0,0,0,0
"325","1","2026043","20260413","20260417","23","2",0,0,0,0,0
"325","1","2026043","20260413","20260417","24","1",0,0,0,0,0
"325","1","2026043","20260413","20260417","24","2",0,0,0,0,0
"325","1","2026043","20260413","20260417","31","1",0,0,0,0,0
"325","1","2026043","20260413","20260417","31","2",0,0,0,0,0
"325","1","2026043","20260413","20260417","32","1",0,0,0,0,0
"325","1","2026043","20260413","20260417","32","2",0,0,0,0,0
"325","1","2026043","20260413","20260417","33","1",0,0,0,0,0
"325","1","2026043","20260413","20260417","33","2",0,0,0,0,0
"325","1","2026043","20260413","20260417","41","1",0,0,0,0,0
"325","1","2026043","20260413","20260417","41","2",0,0,0,0,0
"325","1","2026043","20260413","20260417","51","1",0,0,0,0,0
"325","1","2026043","20260413","20260417","51","2",0,0,0,0,0
"325","1","2026043","20260413","20260417","60","1",0,0,0,0,0
"325","1","2026043","20260413","20260417","60","2",0,0,0,0,0
"326","1","2026043","20260413","20260417","11","1",0,0,0,0,0
"326","1","2026043","20260413","20260417","11","2",0,0,0,0,0
"326","1","2026043","20260413","20260417","21","1",0,0,0,0,0
"326","1","2026043","20260413","20260417","21","2",0,0,0,0,0
"326","1","2026043","20260413","20260417","22","1",0,0,0,0,0
"326","1","2026043","20260413","20260417","22","2",0,0,0,0,0
"326","1","2026043","20260413","20260417","23","1",0,0,0,0,0
"326","1","2026043","20260413","20260417","23","2",0,0,0,0,0
"326","1","2026043","20260413","20260417","24","1",0,0,0,0,0
"326","1","2026043","20260413","20260417","24","2",0,0,0,0,0
"326","1","2026043","20260413","20260417","31","1",0,0,0,0,0
"326","1","2026043","20260413","20260417","31","2",0,0,0,0,0
"326","1","2026043","20260413","20260417","32","1",0,0,0,0,0
"326","1","2026043","20260413","20260417","32","2",0,0,0,0,0
"326","1","2026043","20260413","20260417","33","1",0,0,0,0,0
"326","1","2026043","20260413","20260417","33","2",0,0,0,0,0
"326","1","2026043","20260413","20260417","41","1",0,0,0,0,0
"326","1","2026043","20260413","20260417","41","2",0,0,0,0,0
"326","1","2026043","20260413","20260417","51","1",0,0,0,0,0
"326","1","2026043","20260413","20260417","51","2",0,0,0,0,0
"326","1","2026043","20260413","20260417","60","1",0,0,0,0,0
"326","1","2026043","20260413","20260417","60","2",0,0,0,0,0
"315","1","2026043","20260413","20260417","11","1",0,0,0,0,0
"315","1","2026043","20260413","20260417","11","2",0,0,0,0,0
"315","1","2026043","20260413","20260417","21","1",0,0,0,0,0
"315","1","2026043","20260413","20260417","21","2",0,0,0,0,0
"315","1","2026043","20260413","20260417","22","1",0,0,0,0,0
"315","1","2026043","20260413","20260417","22","2",0,0,0,0,0
"315","1","2026043","20260413","20260417","23","1",0,0,0,0,0
"315","1","2026043","20260413","20260417","23","2",0,0,0,0,0
"315","1","2026043","20260413","20260417","24","1",0,0,0,0,0
"315","1","2026043","20260413","20260417","24","2",0,0,0,0,0
"315","1","2026043","20260413","20260417","31","1",0,0,0,0,0
"315","1","2026043","20260413","20260417","31","2",0,0,0,0,0
"315","1","2026043","20260413","20260417","32","1",0,0,0,0,0
"315","1","2026043","20260413","20260417","32","2",0,0,0,0,0
"315","1","2026043","20260413","20260417","33","1",0,0,0,0,0
"315","1","2026043","20260413","20260417","33","2",0,0,0,0,0
"315","1","2026043","20260413","20260417","41","1",0,0,0,0,0
"315","1","2026043","20260413","20260417","41","2",0,0,0,0,0
"315","1","2026043","20260413","20260417","51","1",0,0,0,0,0
"315","1","2026043","20260413","20260417","51","2",0,0,0,0,0
"315","1","2026043","20260413","20260417","60","1",0,0,0,0,0
"315","1","2026043","20260413","20260417","60","2",0,0,0,0,0
"436","1","2026043","20260413","20260417","11","1",1001,0,3000,1999,4001
"436","1","2026043","20260413","20260417","11","2",3001,0,4001,1000,7002
"436","1","2026043","20260413","20260417","21","1",1001,0,2001,1000,3002
"436","1","2026043","20260413","20260417","21","2",3001,0,4001,1000,7002
"436","1","2026043","20260413","20260417","22","1",1002,0,2002,1000,3004
"436","1","2026043","20260413","20260417","22","2",3002,0,4002,1000,7004
"436","1","2026043","20260413","20260417","23","1",1003,0,2003,1000,3006
"436","1","2026043","20260413","20260417","23","2",3003,0,4003,1000,7006
"436","1","2026043","20260413","20260417","24","1",1004,0,2004,1000,3008
"436","1","2026043","20260413","20260417","24","2",3004,0,4004,1000,7008
"436","1","2026043","20260413","20260417","31","1",1005,0,2005,1000,3010
"436","1","2026043","20260413","20260417","31","2",3005,0,4005,1000,7010
"436","1","2026043","20260413","20260417","32","1",1006,0,2006,1000,3012
"436","1","2026043","20260413","20260417","32","2",3006,0,4006,1000,7012
"436","1","2026043","20260413","20260417","33","1",1007,0,2007,1000,3014
"436","1","2026043","20260413","20260417","33","2",3007,0,4007,1000,7014
"436","1","2026043","20260413","20260417","41","1",1008,0,2008,1000,3016
"436","1","2026043","20260413","20260417","41","2",3008,0,4008,1000,7016
"436","1","2026043","20260413","20260417","51","1",1009,0,2009,1000,3018
"436","1","2026043","20260413","20260417","51","2",3009,0,4009,1000,7018
"436","1","2026043","20260413","20260417","60","1",2021,0,4021,2000,6042
"436","1","2026043","20260413","20260417","60","2",6021,0,8021,2000,14042
"437","1","2026043","20260413","20260417","11","1",1003,0,3002,1999,4005
"437","1","2026043","20260413","20260417","11","2",3003,0,4003,1000,7006
"437","1","2026043","20260413","20260417","21","1",1002,0,2002,1000,3004
"437","1","2026043","20260413","20260417","21","2",3002,0,4002,1000,7004
"437","1","2026043","20260413","20260417","22","1",1003,0,2003,1000,3006
"437","1","2026043","20260413","20260417","22","2",3003,0,4003,1000,7006
"437","1","2026043","20260413","20260417","23","1",1004,0,2004,1000,3008
"437","1","2026043","20260413","20260417","23","2",3004,0,4004,1000,7008
"437","1","2026043","20260413","20260417","24","1",1005,0,2005,1000,3010
"437","1","2026043","20260413","20260417","24","2",3005,0,4005,1000,7010
"437","1","2026043","20260413","20260417","31","1",1006,0,2006,1000,3012
"437","1","2026043","20260413","20260417","31","2",3006,0,4006,1000,7012
"437","1","2026043","20260413","20260417","32","1",1007,0,2007,1000,3014
"437","1","2026043","20260413","20260417","32","2",3007,0,4007,1000,7014
"437","1","2026043","20260413","20260417","33","1",1008,0,2008,1000,3016
"437","1","2026043","20260413","20260417","33","2",3008,0,4008,1000,7016
"437","1","2026043","20260413","20260417","41","1",1009,0,2009,1000,3018
"437","1","2026043","20260413","20260417","41","2",3009,0,4009,1000,7018
"437","1","2026043","20260413","20260417","51","1",1010,0,2010,1000,3020
"437","1","2026043","20260413","20260417","51","2",3010,0,4010,1000,7020
"437","1","2026043","20260413","20260417","60","1",2023,0,4023,2000,6046
"437","1","2026043","20260413","20260417","60","2",6023,0,8023,2000,14046
"438","1","2026043","20260413","20260417","11","1",1005,0,3004,1999,4009
"438","1","2026043","20260413","20260417","11","2",3005,0,4005,1000,7010
"438","1","2026043","20260413","20260417","21","1",1003,0,2003,1000,3006
"438","1","2026043","20260413","20260417","21","2",3003,0,4003,1000,7006
"438","1","2026043","20260413","20260417","22","1",1004,0,2004,1000,3008
"438","1","2026043","20260413","20260417","22","2",3004,0,4004,1000,7008
"438","1","2026043","20260413","20260417","23","1",1005,0,2005,1000,3010
"438","1","2026043","20260413","20260417","23","2",3005,0,4005,1000,7010
"438","1","2026043","20260413","20260417","24","1",1006,0,2006,1000,3012
"438","1","2026043","20260413","20260417","24","2",3006,0,4006,1000,7012
"438","1","2026043","20260413","20260417","31","1",1007,0,2007,1000,3014
"438","1","2026043","20260413","20260417","31","2",3007,0,4007,1000,7014
"438","1","2026043","20260413","20260417","32","1",1008,0,2008,1000,3016
"438","1","2026043","20260413","20260417","32","2",3008,0,4008,1000,7016
"438","1","2026043","20260413","20260417","33","1",1009,0,2009,1000,3018
"438","1","2026043","20260413","20260417","33","2",3009,0,4009,1000,7018
"438","1","2026043","20260413","20260417","41","1",1010,0,2010,1000,3020
"438","1","2026043","20260413","20260417","41","2",3010,0,4010,1000,7020
"438","1","2026043","20260413","20260417","51","1",1011,0,2011,1000,3022
"438","1","2026043","20260413","20260417","51","2",3011,0,4011,1000,7022
"438","1","2026043","20260413","20260417","60","1",2025,0,4025,2000,6050
"438","1","2026043","20260413","20260417","60","2",6025,0,8025,2000,14050
"317","1","2026043","20260413","20260417","11","1",0,0,0,0,0
"317","1","2026043","20260413","20260417","11","2",0,0,0,0,0
"317","1","2026043","20260413","20260417","21","1",0,0,0,0,0
"317","1","2026043","20260413","20260417","21","2",0,0,0,0,0
"317","1","2026043","20260413","20260417","22","1",0,0,0,0,0
"317","1","2026043","20260413","20260417","22","2",0,0,0,0,0
"317","1","2026043","20260413","20260417","23","1",0,0,0,0,0
"317","1","2026043","20260413","20260417","23","2",0,0,0,0,0
"317","1","2026043","20260413","20260417","24","1",0,0,0,0,0
"317","1","2026043","20260413","20260417","24","2",0,0,0,0,0
"317","1","2026043","20260413","20260417","31","1",0,0,0,0,0
"317","1","2026043","20260413","20260417","31","2",0,0,0,0,0
"317","1","2026043","20260413","20260417","32","1",0,0,0,0,0
"317","1","2026043","20260413","20260417","32","2",0,0,0,0,0
"317","1","2026043","20260413","20260417","33","1",0,0,0,0,0
"317","1","2026043","20260413","20260417","33","2",0,0,0,0,0
"317","1","2026043","20260413","20260417","41","1",0,0,0,0,0
"317","1","2026043","20260413","20260417","41","2",0,0,0,0,0
"317","1","2026043","20260413","20260417","51","1",0,0,0,0,0
"317","1","2026043","20260413","20260417","51","2",0,0,0,0,0
"317","1","2026043","20260413","20260417","60","1",0,0,0,0,0
"317","1","2026043","20260413","20260417","60","2",0,0,0,0,0
"330","1","2026043","20260413","20260417","11","1",0,0,0,0,0
"330","1","2026043","20260413","20260417","11","2",0,0,0,0,0
"330","1","2026043","20260413","20260417","21","1",0,0,0,0,0
"330","1","2026043","20260413","20260417","21","2",0,0,0,0,0
"330","1","2026043","20260413","20260417","22","1",0,0,0,0,0
"330","1","2026043","20260413","20260417","22","2",0,0,0,0,0
"330","1","2026043","20260413","20260417","23","1",0,0,0,0,0
"330","1","2026043","20260413","20260417","23","2",0,0,0,0,0
"330","1","2026043","20260413","20260417","24","1",0,0,0,0,0
"330","1","2026043","20260413","20260417","24","2",0,0,0,0,0
"330","1","2026043","20260413","20260417","31","1",0,0,0,0,0
"330","1","2026043","20260413","20260417","31","2",0,0,0,0,0
"330","1","2026043","20260413","20260417","32","1",0,0,0,0,0
"330","1","2026043","20260413","20260417","32","2",0,0,0,0,0
"330","1","2026043","20260413","20260417","33","1",0,0,0,0,0
"330","1","2026043","20260413","20260417","33","2",0,0,0,0,0
"330","1","2026043","20260413","20260417","41","1",0,0,0,0,0
"330","1","2026043","20260413","20260417","41","2",0,0,0,0,0
"330","1","2026043","20260413","20260417","51","1",0,0,0,0,0
"330","1","2026043","20260413","20260417","51","2",0,0,0,0,0
"330","1","2026043","20260413","20260417","60","1",0,0,0,0,0
"330","1","2026043","20260413","20260417","60","2",0,0,0,0,0
"318","1","2026043","20260413","20260417","11","1",0,0,0,0,0
"318","1","2026043","20260413","20260417","11","2",0,0,0,0,0
"318","1","2026043","20260413","20260417","21","1",0,0,0,0,0
"318","1","2026043","20260413","20260417","21","2",0,0,0,0,0
"318","1","2026043","20260413","20260417","22","1",0,0,0,0,0
"318","1","2026043","20260413","20260417","22","2",0,0,0,0,0
"318","1","2026043","20260413","20260417","23","1",0,0,0,0,0
"318","1","2026043","20260413","20260417","23","2",0,0,0,0,0
"318","1","2026043","20260413","20260417","24","1",0,0,0,0,0
"318","1","2026043","20260413","20260417","24","2",0,0,0,0,0
"318","1","2026043","20260413","20260417","31","1",0,0,0,0,0
"318","1","2026043","20260413","20260417","31","2",0,0,0,0,0
"318","1","2026043","20260413","20260417","32","1",0,0,0,0,0
"318","1","2026043","20260413","20260417","32","2",0,0,0,0,0
"318","1","2026043","20260413","20260417","33","1",0,0,0,0,0
"318","1","2026043","20260413","20260417","33","2",0,0,0,0,0
"318","1","2026043","20260413","20260417","41","1",0,0,0,0,0
"318","1","2026043","20260413","20260417","41","2",0,0,0,0,0
"318","1","2026043","20260413","20260417","51","1",0,0,0,0,0
"318","1","2026043","20260413","20260417","51","2",0,0,0,0,0
"318","1","2026043","20260413","20260417","60","1",0,0,0,0,0
"318","1","2026043","20260413","20260417","60","2",0,0,0,0,0
"334","1","2026043","20260413","20260417","11","1",0,0,0,0,0
"334","1","2026043","20260413","20260417","11","2",0,0,0,0,0
"334","1","2026043","20260413","20260417","21","1",0,0,0,0,0
"334","1","2026043","20260413","20260417","21","2",0,0,0,0,0
"334","1","2026043","20260413","20260417","22","1",0,0,0,0,0
"334","1","2026043","20260413","20260417","22","2",0,0,0,0,0
"334","1","2026043","20260413","20260417","23","1",0,0,0,0,0
"334","1","2026043","20260413","20260417","23","2",0,0,0,0,0
"334","1","2026043","20260413","20260417","24","1",0,0,0,0,0
"334","1","2026043","20260413","20260417","24","2",0,0,0,0,0
"334","1","2026043","20260413","20260417","31","1",0,0,0,0,0
"334","1","2026043","20260413","20260417","31","2",0,0,0,0,0
"334","1","2026043","20260413","20260417","32","1",0,0,0,0,0
"334","1","2026043","20260413","20260417","32","2",0,0,0,0,0
"334","1","2026043","20260413","20260417","33","1",0,0,0,0,0
"334","1","2026043","20260413","20260417","33","2",0,0,0,0,0
"334","1","2026043","20260413","20260417","41","1",0,0,0,0,0
"334","1","2026043","20260413","20260417","41","2",0,0,0,0,0
"334","1","2026043","20260413","20260417","51","1",0,0,0,0,0
"334","1","2026043","20260413","20260417","51","2",0,0,0,0,0
"334","1","2026043","20260413","20260417","60","1",0,0,0,0,0
"334","1","2026043","20260413","20260417","60","2",0,0,0,0,0
"400","1","2026043","20260413","20260417","11","1",0,0,0,0,0
"400","1","2026043","20260413","20260417","11","2",0,0,0,0,0
"400","1","2026043","20260413","20260417","21","1",0,0,0,0,0
"400","1","2026043","20260413","20260417","21","2",0,0,0,0,0
"400","1","2026043","20260413","20260417","22","1",0,0,0,0,0
"400","1","2026043","20260413","20260417","22","2",0,0,0,0,0
"400","1","2026043","20260413","20260417","23","1",0,0,0,0,0
"400","1","2026043","20260413","20260417","23","2",0,0,0,0,0
"400","1","2026043","20260413","20260417","24","1",0,0,0,0,0
"400","1","2026043","20260413","20260417","24","2",0,0,0,0,0
"400","1","2026043","20260413","20260417","31","1",0,0,0,0,0
"400","1","2026043","20260413","20260417","31","2",0,0,0,0,0
"400","1","2026043","20260413","20260417","32","1",0,0,0,0,0
"400","1","2026043","20260413","20260417","32","2",0,0,0,0,0
"400","1","2026043","20260413","20260417","33","1",0,0,0,0,0
"400","1","2026043","20260413","20260417","33","2",0,0,0,0,0
"400","1","2026043","20260413","20260417","41","1",0,0,0,0,0
"400","1","2026043","20260413","20260417","41","2",0,0,0,0,0
"400","1","2026043","20260413","20260417","51","1",0,0,0,0,0
"400","1","2026043","20260413","20260417","51","2",0,0,0,0,0
"400","1","2026043","20260413","20260417","60","1",0,0,0,0,0
"400","1","2026043","20260413","20260417","60","2",0,0,0,0,0
"443","1","2026043","20260413","20260417","11","1",1008,0,3007,1999,4015
"443","1","2026043","20260413","20260417","11","2",3008,0,4008,1000,7016
"443","1","2026043","20260413","20260417","21","1",1005,0,2005,1000,3010
"443","1","2026043","20260413","20260417","21","2",3005,0,4005,1000,7010
"443","1","2026043","20260413","20260417","22","1",1006,0,2006,1000,3012
"443","1","2026043","20260413","20260417","22","2",3006,0,4006,1000,7012
"443","1","2026043","20260413","20260417","23","1",1007,0,2007,1000,3014
"443","1","2026043","20260413","20260417","23","2",3007,0,4007,1000,7014
"443","1","2026043","20260413","20260417","24","1",1008,0,2008,1000,3016
"443","1","2026043","20260413","20260417","24","2",3008,0,4008,1000,7016
"443","1","2026043","20260413","20260417","31","1",1009,0,2009,1000,3018
"443","1","2026043","20260413","20260417","31","2",3009,0,4009,1000,7018
"443","1","2026043","20260413","20260417","32","1",1010,0,2010,1000,3020
"443","1","2026043","20260413","20260417","32","2",3010,0,4010,1000,7020
"443","1","2026043","20260413","20260417","33","1",1011,0,2011,1000,3022
"443","1","2026043","20260413","20260417","33","2",3011,0,4011,1000,7022
"443","1","2026043","20260413","20260417","41","1",1012,0,2012,1000,3024
"443","1","2026043","20260413","20260417","41","2",3012,0,4012,1000,7024
"443","1","2026043","20260413","20260417","51","1",1013,0,2013,1000,3026
"443","1","2026043","20260413","20260417","51","2",3013,0,4013,1000,7026
"443","1","2026043","20260413","20260417","60","1",2029,0,4029,2000,6058
"443","1","2026043","20260413","20260417","60","2",6029,0,8029,2000,14058
"401","1","2026043","20260413","20260417","11","1",0,0,0,0,0
"401","1","2026043","20260413","20260417","11","2",0,0,0,0,0
"401","1","2026043","20260413","20260417","21","1",0,0,0,0,0
"401","1","2026043","20260413","20260417","21","2",0,0,0,0,0
"401","1","2026043","20260413","20260417","22","1",0,0,0,0,0
"401","1","2026043","20260413","20260417","22","2",0,0,0,0,0
"401","1","2026043","20260413","20260417","23","1",0,0,0,0,0
"401","1","2026043","20260413","20260417","23","2",0,0,0,0,0
"401","1","2026043","20260413","20260417","24","1",0,0,0,0,0
"401","1","2026043","20260413","20260417","24","2",0,0,0,0,0
"401","1","2026043","20260413","20260417","31","1",0,0,0,0,0
"401","1","2026043","20260413","20260417","31","2",0,0,0,0,0
"401","1","2026043","20260413","20260417","32","1",0,0,0,0,0
"401","1","2026043","20260413","20260417","32","2",0,0,0,0,0
"401","1","2026043","20260413","20260417","33","1",0,0,0,0,0
"401","1","2026043","20260413","20260417","33","2",0,0,0,0,0
"401","1","2026043","20260413","20260417","41","1",0,0,0,0,0
"401","1","2026043","20260413","20260417","41","2",0,0,0,0,0
"401","1","2026043","20260413","20260417","51","1",0,0,0,0,0
"401","1","2026043","20260413","20260417","51","2",0,0,0,0,0
"401","1","2026043","20260413","20260417","60","1",0,0,0,0,0
"401","1","2026043","20260413","20260417","60","2",0,0,0,0,0
"402","1","2026043","20260413","20260417","11","1",0,0,0,0,0
"402","1","2026043","20260413","20260417","11","2",0,0,0,0,0
"402","1","2026043","20260413","20260417","21","1",0,0,0,0,0
"402","1","2026043","20260413","20260417","21","2",0,0,0,0,0
"402","1","2026043","20260413","20260417","22","1",0,0,0,0,0
"402","1","2026043","20260413","20260417","22","2",0,0,0,0,0
"402","1","2026043","20260413","20260417","23","1",0,0,0,0,0
"402","1","2026043","20260413","20260417","23","2",0,0,0,0,0
"402","1","2026043","20260413","20260417","24","1",0,0,0,0,0
"402","1","2026043","20260413","20260417","24","2",0,0,0,0,0
"402","1","2026043","20260413","20260417","31","1",0,0,0,0,0
"402","1","2026043","20260413","20260417","31","2",0,0,0,0,0
"402","1","2026043","20260413","20260417","32","1",0,0,0,0,0
"402","1","2026043","20260413","20260417","32","2",0,0,0,0,0
"402","1","2026043","20260413","20260417","33","1",0,0,0,0,0
"402","1","2026043","20260413","20260417","33","2",0,0,0,0,0
"402","1","2026043","20260413","20260417","41","1",0,0,0,0,0
"402","1","2026043","20260413","20260417","41","2",0,0,0,0,0
"402","1","2026043","20260413","20260417","51","1",0,0,0,0,0
"402","1","2026043","20260413","20260417","51","2",0,0,0,0,0
"402","1","2026043","20260413","20260417","60","1",0,0,0,0,0
"402","1","2026043","20260413","20260417","60","2",0,0,0,0,0
"403","1","2026043","20260413","20260417","11","1",0,0,0,0,0
"403","1","2026043","20260413","20260417","11","2",0,0,0,0,0
"403","1","2026043","20260413","20260417","21","1",0,0,0,0,0
"403","1","2026043","20260413","20260417","21","2",0,0,0,0,0
"403","1","2026043","20260413","20260417","22","1",0,0,0,0,0
"403","1","2026043","20260413","20260417","22","2",0,0,0,0,0
"403","1","2026043","20260413","20260417","23","1",0,0,0,0,0
"403","1","2026043","20260413","20260417","23","2",0,0,0,0,0
"403","1","2026043","20260413","20260417","24","1",0,0,0,0,0
"403","1","2026043","20260413","20260417","24","2",0,0,0,0,0
"403","1","2026043","20260413","20260417","31","1",0,0,0,0,0
"403","1","2026043","20260413","20260417","31","2",0,0,0,0,0
"403","1","2026043","20260413","20260417","32","1",0,0,0,0,0
"403","1","2026043","20260413","20260417","32","2",0,0,0,0,0
"403","1","2026043","20260413","20260417","33","1",0,0,0,0,0
"403","1","2026043","20260413","20260417","33","2",0,0,0,0,0
"403","1","2026043","20260413","20260417","41","1",0,0,0,0,0
"403","1","2026043","20260413","20260417","41","2",0,0,0,0,0
"403","1","2026043","20260413","20260417","51","1",0,0,0,0,0
"403","1","2026043","20260413","20260417","51","2",0,0,0,0,0
"403","1","2026043","20260413","20260417","60","1",0,0,0,0,0
"403","1","2026043","20260413","20260417","60","2",0,0,0,0,0
"404","1","2026043","20260413","20260417","11","1",0,0,0,0,0
"404","1","2026043","20260413","20260417","11","2",0,0,0,0,0
"404","1","2026043","20260413","20260417","21","1",0,0,0,0,0
"404","1","2026043","20260413","20260417","21","2",0,0,0,0,0
"404","1","2026043","20260413","20260417","22","1",0,0,0,0,0
"404","1","2026043","20260413","20260417","22","2",0,0,0,0,0
"404","1","2026043","20260413","20260417","23","1",0,0,0,0,0
"404","1","2026043","20260413","20260417","23","2",0,0,0,0,0
"404","1","2026043","20260413","20260417","24","1",0,0,0,0,0
"404","1","2026043","20260413","20260417","24","2",0,0,0,0,0
"404","1","2026043","20260413","20260417","31","1",0,0,0,0,0
"404","1","2026043","20260413","20260417","31","2",0,0,0,0,0
"404","1","2026043","20260413","20260417","32","1",0,0,0,0,0
"404","1","2026043","20260413","20260417","32","2",0,0,0,0,0
"404","1","2026043","20260413","20260417","33","1",0,0,0,0,0
"404","1","2026043","20260413","20260417","33","2",0,0,0,0,0
"404","1","2026043","20260413","20260417","41","1",0,0,0,0,0
"404","1","2026043","20260413","20260417","41","2",0,0,0,0,0
"404","1","2026043","20260413","20260417","51","1",0,0,0,0,0
"404","1","2026043","20260413","20260417","51","2",0,0,0,0,0
"404","1","2026043","20260413","20260417","60","1",0,0,0,0,0
"404","1","2026043","20260413","20260417","60","2",0,0,0,0,0
"444","1","2026043","20260413","20260417","11","1",1010,0,3009,1999,4019
"444","1","2026043","20260413","20260417","11","2",3010,0,4010,1000,7020
"444","1","2026043","20260413","20260417","21","1",1006,0,2006,1000,3012
"444","1","2026043","20260413","20260417","21","2",3006,0,4006,1000,7012
"444","1","2026043","20260413","20260417","22","1",1007,0,2007,1000,3014
"444","1","2026043","20260413","20260417","22","2",3007,0,4007,1000,7014
"444","1","2026043","20260413","20260417","23","1",1008,0,2008,1000,3016
"444","1","2026043","20260413","20260417","23","2",3008,0,4008,1000,7016
"444","1","2026043","20260413","20260417","24","1",1009,0,2009,1000,3018
"444","1","2026043","20260413","20260417","24","2",3009,0,4009,1000,7018
"444","1","2026043","20260413","20260417","31","1",1010,0,2010,1000,3020
"444","1","2026043","20260413","20260417","31","2",3010,0,4010,1000,7020
"444","1","2026043","20260413","20260417","32","1",1011,0,2011,1000,3022
"444","1","2026043","20260413","20260417","32","2",3011,0,4011,1000,7022
"444","1","2026043","20260413","20260417","33","1",1012,0,2012,1000,3024
"444","1","2026043","20260413","20260417","33","2",3012,0,4012,1000,7024
"444","1","2026043","20260413","20260417","41","1",1013,0,2013,1000,3026
"444","1","2026043","20260413","20260417","41","2",3013,0,4013,1000,7026
"444","1","2026043","20260413","20260417","51","1",1014,0,2014,1000,3028
"444","1","2026043","20260413","20260417","51","2",3014,0,4014,1000,7028
"444","1","2026043","20260413","20260417","60","1",2031,0,4031,2000,6062
"444","1","2026043","20260413","20260417","60","2",6031,0,8031,2000,14062
"405","1","2026043","20260413","20260417","11","1",0,0,0,0,0
"405","1","2026043","20260413","20260417","11","2",0,0,0,0,0
"405","1","2026043","20260413","20260417","21","1",0,0,0,0,0
"405","1","2026043","20260413","20260417","21","2",0,0,0,0,0
"405","1","2026043","20260413","20260417","22","1",0,0,0,0,0
"405","1","2026043","20260413","20260417","22","2",0,0,0,0,0
"405","1","2026043","20260413","20260417","23","1",0,0,0,0,0
"405","1","2026043","20260413","20260417","23","2",0,0,0,0,0
"405","1","2026043","20260413","20260417","24","1",0,0,0,0,0
"405","1","2026043","20260413","20260417","24","2",0,0,0,0,0
"405","1","2026043","20260413","20260417","31","1",0,0,0,0,0
"405","1","2026043","20260413","20260417","31","2",0,0,0,0,0
"405","1","2026043","20260413","20260417","32","1",0,0,0,0,0
"405","1","2026043","20260413","20260417","32","2",0,0,0,0,0
"405","1","2026043","20260413","20260417","33","1",0,0,0,0,0
"405","1","2026043","20260413","20260417","33","2",0,0,0,0,0
"405","1","2026043","20260413","20260417","41","1",0,0,0,0,0
"405","1","2026043","20260413","20260417","41","2",0,0,0,0,0
"405","1","2026043","20260413","20260417","51","1",0,0,0,0,0
"405","1","2026043","20260413","20260417","51","2",0,0,0,0,0
"405","1","2026043","20260413","20260417","60","1",0,0,0,0,0
"405","1","2026043","20260413","20260417","60","2",0,0,0,0,0
"406","1","2026043","20260413","20260417","11","1",0,0,0,0,0
"406","1","2026043","20260413","20260417","11","2",0,0,0,0,0
"406","1","2026043","20260413","20260417","21","1",0,0,0,0,0
"406","1","2026043","20260413","20260417","21","2",0,0,0,0,0
"406","1","2026043","20260413","20260417","22","1",0,0,0,0,0
"406","1","2026043","20260413","20260417","22","2",0,0,0,0,0
"406","1","2026043","20260413","20260417","23","1",0,0,0,0,0
"406","1","2026043","20260413","20260417","23","2",0,0,0,0,0
"406","1","2026043","20260413","20260417","24","1",0,0,0,0,0
"406","1","2026043","20260413","20260417","24","2",0,0,0,0,0
"406","1","2026043","20260413","20260417","31","1",0,0,0,0,0
"406","1","2026043","20260413","20260417","31","2",0,0,0,0,0
"406","1","2026043","20260413","20260417","32","1",0,0,0,0,0
"406","1","2026043","20260413","20260417","32","2",0,0,0,0,0
"406","1","2026043","20260413","20260417","33","1",0,0,0,0,0
"406","1","2026043","20260413","20260417","33","2",0,0,0,0,0
"406","1","2026043","20260413","20260417","41","1",0,0,0,0,0
"406","1","2026043","20260413","20260417","41","2",0,0,0,0,0
"406","1","2026043","20260413","20260417","51","1",0,0,0,0,0
"406","1","2026043","20260413","20260417","51","2",0,0,0,0,0
"406","1","2026043","20260413","20260417","60","1",0,0,0,0,0
"406","1","2026043","20260413","20260417","60","2",0,0,0,0,0
"407","1","2026043","20260413","20260417","11","1",0,0,0,0,0
"407","1","2026043","20260413","20260417","11","2",0,0,0,0,0
"407","1","2026043","20260413","20260417","21","1",0,0,0,0,0
"407","1","2026043","20260413","20260417","21","2",0,0,0,0,0
"407","1","2026043","20260413","20260417","22","1",0,0,0,0,0
"407","1","2026043","20260413","20260417","22","2",0,0,0,0,0
"407","1","2026043","20260413","20260417","23","1",0,0,0,0,0
"407","1","2026043","20260413","20260417","23","2",0,0,0,0,0
"407","1","2026043","20260413","20260417","24","1",0,0,0,0,0
"407","1","2026043","20260413","20260417","24","2",0,0,0,0,0
"407","1","2026043","20260413","20260417","31","1",0,0,0,0,0
"407","1","2026043","20260413","20260417","31","2",0,0,0,0,0
"407","1","2026043","20260413","20260417","32","1",0,0,0,0,0
"407","1","2026043","20260413","20260417","32","2",0,0,0,0,0
"407","1","2026043","20260413","20260417","33","1",0,0,0,0,0
"407","1","2026043","20260413","20260417","33","2",0,0,0,0,0
"407","1","2026043","20260413","20260417","41","1",0,0,0,0,0
"407","1","2026043","20260413","20260417","41","2",0,0,0,0,0
"407","1","2026043","20260413","20260417","51","1",0,0,0,0,0
"407","1","2026043","20260413","20260417","51","2",0,0,0,0,0
"407","1","2026043","20260413","20260417","60","1",0,0,0,0,0
"407","1","2026043","20260413","20260417","60","2",0,0,0,0,0
"415","1","2026043","20260413","20260417","11","1",0,0,0,0,0
"415","1","2026043","20260413","20260417","11","2",0,0,0,0,0
"415","1","2026043","20260413","20260417","21","1",0,0,0,0,0
"415","1","2026043","20260413","20260417","21","2",0,0,0,0,0
"415","1","2026043","20260413","20260417","22","1",0,0,0,0,0
"415","1","2026043","20260413","20260417","22","2",0,0,0,0,0
"415","1","2026043","20260413","20260417","23","1",0,0,0,0,0
"415","1","2026043","20260413","20260417","23","2",0,0,0,0,0
"415","1","2026043","20260413","20260417","24","1",0,0,0,0,0
"415","1","2026043","20260413","20260417","24","2",0,0,0,0,0
"415","1","2026043","20260413","20260417","31","1",0,0,0,0,0
"415","1","2026043","20260413","20260417","31","2",0,0,0,0,0
"415","1","2026043","20260413","20260417","32","1",0,0,0,0,0
"415","1","2026043","20260413","20260417","32","2",0,0,0,0,0
"415","1","2026043","20260413","20260417","33","1",0,0,0,0,0
"415","1","2026043","20260413","20260417","33","2",0,0,0,0,0
"415","1","2026043","20260413","20260417","41","1",0,0,0,0,0
"415","1","2026043","20260413","20260417","41","2",0,0,0,0,0
"415","1","2026043","20260413","20260417","51","1",0,0,0,0,0
"415","1","2026043","20260413","20260417","51","2",0,0,0,0,0
"415","1","2026043","20260413","20260417","60","1",0,0,0,0,0
"415","1","2026043","20260413","20260417","60","2",0,0,0,0,0
"408","1","2026043","20260413","20260417","11","1",0,0,0,0,0
"408","1","2026043","20260413","20260417","11","2",0,0,0,0,0
"408","1","2026043","20260413","20260417","21","1",0,0,0,0,0
"408","1","2026043","20260413","20260417","21","2",0,0,0,0,0
"408","1","2026043","20260413","20260417","22","1",0,0,0,0,0
"408","1","2026043","20260413","20260417","22","2",0,0,0,0,0
"408","1","2026043","20260413","20260417","23","1",0,0,0,0,0
"408","1","2026043","20260413","20260417","23","2",0,0,0,0,0
"408","1","2026043","20260413","20260417","24","1",0,0,0,0,0
"408","1","2026043","20260413","20260417","24","2",0,0,0,0,0
"408","1","2026043","20260413","20260417","31","1",0,0,0,0,0
"408","1","2026043","20260413","20260417","31","2",0,0,0,0,0
"408","1","2026043","20260413","20260417","32","1",0,0,0,0,0
"408","1","2026043","20260413","20260417","32","2",0,0,0,0,0
"408","1","2026043","20260413","20260417","33","1",0,0,0,0,0
"408","1","2026043","20260413","20260417","33","2",0,0,0,0,0
"408","1","2026043","20260413","20260417","41","1",0,0,0,0,0
"408","1","2026043","20260413","20260417","41","2",0,0,0,0,0
"408","1","2026043","20260413","20260417","51","1",0,0,0,0,0
"408","1","2026043","20260413","20260417","51","2",0,0,0,0,0
"408","1","2026043","20260413","20260417","60","1",0,0,0,0,0
"408","1","2026043","20260413","20260417","60","2",0,0,0,0,0
"409","1","2026043","20260413","20260417","11","1",0,0,0,0,0
"409","1","2026043","20260413","20260417","11","2",0,0,0,0,0
"409","1","2026043","20260413","20260417","21","1",0,0,0,0,0
"409","1","2026043","20260413","20260417","21","2",0,0,0,0,0
"409","1","2026043","20260413","20260417","22","1",0,0,0,0,0
"409","1","2026043","20260413","20260417","22","2",0,0,0,0,0
"409","1","2026043","20260413","20260417","23","1",0,0,0,0,0
"409","1","2026043","20260413","20260417","23","2",0,0,0,0,0
"409","1","2026043","20260413","20260417","24","1",0,0,0,0,0
"409","1","2026043","20260413","20260417","24","2",0,0,0,0,0
"409","1","2026043","20260413","20260417","31","1",0,0,0,0,0
"409","1","2026043","20260413","20260417","31","2",0,0,0,0,0
"409","1","2026043","20260413","20260417","32","1",0,0,0,0,0
"409","1","2026043","20260413","20260417","32","2",0,0,0,0,0
"409","1","2026043","20260413","20260417","33","1",0,0,0,0,0
"409","1","2026043","20260413","20260417","33","2",0,0,0,0,0
"409","1","2026043","20260413","20260417","41","1",0,0,0,0,0
"409","1","2026043","20260413","20260417","41","2",0,0,0,0,0
"409","1","2026043","20260413","20260417","51","1",0,0,0,0,0
"409","1","2026043","20260413","20260417","51","2",0,0,0,0,0
"409","1","2026043","20260413","20260417","60","1",0,0,0,0,0
"409","1","2026043","20260413","20260417","60","2",0,0,0,0,0
"431","1","2026043","20260413","20260417","11","1",0,0,0,0,0
"431","1","2026043","20260413","20260417","11","2",0,0,0,0,0
"431","1","2026043","20260413","20260417","21","1",0,0,0,0,0
"431","1","2026043","20260413","20260417","21","2",0,0,0,0,0
"431","1","2026043","20260413","20260417","22","1",0,0,0,0,0
"431","1","2026043","20260413","20260417","22","2",0,0,0,0,0
"431","1","2026043","20260413","20260417","23","1",0,0,0,0,0
"431","1","2026043","20260413","20260417","23","2",0,0,0,0,0
"431","1","2026043","20260413","20260417","24","1",0,0,0,0,0
"431","1","2026043","20260413","20260417","24","2",0,0,0,0,0
"431","1","2026043","20260413","20260417","31","1",0,0,0,0,0
"431","1","2026043","20260413","20260417","31","2",0,0,0,0,0
"431","1","2026043","20260413","20260417","32","1",0,0,0,0,0
"431","1","2026043","20260413","20260417","32","2",0,0,0,0,0
"431","1","2026043","20260413","20260417","33","1",0,0,0,0,0
"431","1","2026043","20260413","20260417","33","2",0,0,0,0,0
"431","1","2026043","20260413","20260417","41","1",0,0,0,0,0
"431","1","2026043","20260413","20260417","41","2",0,0,0,0,0
"431","1","2026043","20260413","20260417","51","1",0,0,0,0,0
"431","1","2026043","20260413","20260417","51","2",0,0,0,0,0
"431","1","2026043","20260413","20260417","60","1",0,0,0,0,0
"431","1","2026043","20260413","20260417","60","2",0,0,0,0,0
"410","1","2026043","20260413","20260417","11","1",0,0,0,0,0
"410","1","2026043","20260413","20260417","11","2",0,0,0,0,0
"410","1","2026043","20260413","20260417","21","1",0,0,0,0,0
"410","1","2026043","20260413","20260417","21","2",0,0,0,0,0
"410","1","2026043","20260413","20260417","22","1",0,0,0,0,0
"410","1","2026043","20260413","20260417","22","2",0,0,0,0,0
"410","1","2026043","20260413","20260417","23","1",0,0,0,0,0
"410","1","2026043","20260413","20260417","23","2",0,0,0,0,0
"410","1","2026043","20260413","20260417","24","1",0,0,0,0,0
"410","1","2026043","20260413","20260417","24","2",0,0,0,0,0
"410","1","2026043","20260413","20260417","31","1",0,0,0,0,0
"410","1","2026043","20260413","20260417","31","2",0,0,0,0,0
"410","1","2026043","20260413","20260417","32","1",0,0,0,0,0
"410","1","2026043","20260413","20260417","32","2",0,0,0,0,0
"410","1","2026043","20260413","20260417","33","1",0,0,0,0,0
"410","1","2026043","20260413","20260417","33","2",0,0,0,0,0
"410","1","2026043","20260413","20260417","41","1",0,0,0,0,0
"410","1","2026043","20260413","20260417","41","2",0,0,0,0,0
"410","1","2026043","20260413","20260417","51","1",0,0,0,0,0
"410","1","2026043","20260413","20260417","51","2",0,0,0,0,0
"410","1","2026043","20260413","20260417","60","1",0,0,0,0,0
"410","1","2026043","20260413","20260417","60","2",0,0,0,0,0
"411","1","2026043","20260413","20260417","11","1",0,0,0,0,0
"411","1","2026043","20260413","20260417","11","2",0,0,0,0,0
"411","1","2026043","20260413","20260417","21","1",0,0,0,0,0
"411","1","2026043","20260413","20260417","21","2",0,0,0,0,0
"411","1","2026043","20260413","20260417","22","1",0,0,0,0,0
"411","1","2026043","20260413","20260417","22","2",0,0,0,0,0
"411","1","2026043","20260413","20260417","23","1",0,0,0,0,0
"411","1","2026043","20260413","20260417","23","2",0,0,0,0,0
"411","1","2026043","20260413","20260417","24","1",0,0,0,0,0
"411","1","2026043","20260413","20260417","24","2",0,0,0,0,0
"411","1","2026043","20260413","20260417","31","1",0,0,0,0,0
"411","1","2026043","20260413","20260417","31","2",0,0,0,0,0
"411","1","2026043","20260413","20260417","32","1",0,0,0,0,0
"411","1","2026043","20260413","20260417","32","2",0,0,0,0,0
"411","1","2026043","20260413","20260417","33","1",0,0,0,0,0
"411","1","2026043","20260413","20260417","33","2",0,0,0,0,0
"411","1","2026043","20260413","20260417","41","1",0,0,0,0,0
"411","1","2026043","20260413","20260417","41","2",0,0,0,0,0
"411","1","2026043","20260413","20260417","51","1",0,0,0,0,0
"411","1","2026043","20260413","20260417","51","2",0,0,0,0,0
"411","1","2026043","20260413","20260417","60","1",0,0,0,0,0
"411","1","2026043","20260413","20260417","60","2",0,0,0,0,0
"412","1","2026043","20260413","20260417","11","1",0,0,0,0,0
"412","1","2026043","20260413","20260417","11","2",0,0,0,0,0
"412","1","2026043","20260413","20260417","21","1",0,0,0,0,0
"412","1","2026043","20260413","20260417","21","2",0,0,0,0,0
"412","1","2026043","20260413","20260417","22","1",0,0,0,0,0
"412","1","2026043","20260413","20260417","22","2",0,0,0,0,0
"412","1","2026043","20260413","20260417","23","1",0,0,0,0,0
"412","1","2026043","20260413","20260417","23","2",0,0,0,0,0
"412","1","2026043","20260413","20260417","24","1",0,0,0,0,0
"412","1","2026043","20260413","20260417","24","2",0,0,0,0,0
"412","1","2026043","20260413","20260417","31","1",0,0,0,0,0
"412","1","2026043","20260413","20260417","31","2",0,0,0,0,0
"412","1","2026043","20260413","20260417","32","1",0,0,0,0,0
"412","1","2026043","20260413","20260417","32","2",0,0,0,0,0
"412","1","2026043","20260413","20260417","33","1",0,0,0,0,0
"412","1","2026043","20260413","20260417","33","2",0,0,0,0,0
"412","1","2026043","20260413","20260417","41","1",0,0,0,0,0
"412","1","2026043","20260413","20260417","41","2",0,0,0,0,0
"412","1","2026043","20260413","20260417","51","1",0,0,0,0,0
"412","1","2026043","20260413","20260417","51","2",0,0,0,0,0
"412","1","2026043","20260413","20260417","60","1",0,0,0,0,0
"412","1","2026043","20260413","20260417","60","2",0,0,0,0,0
"416","1","2026043","20260413","20260417","11","1",0,0,0,0,0
"416","1","2026043","20260413","20260417","11","2",0,0,0,0,0
"416","1","2026043","20260413","20260417","21","1",0,0,0,0,0
"416","1","2026043","20260413","20260417","21","2",0,0,0,0,0
"416","1","2026043","20260413","20260417","22","1",0,0,0,0,0
"416","1","2026043","20260413","20260417","22","2",0,0,0,0,0
"416","1","2026043","20260413","20260417","23","1",0,0,0,0,0
"416","1","2026043","20260413","20260417","23","2",0,0,0,0,0
"416","1","2026043","20260413","20260417","24","1",0,0,0,0,0
"416","1","2026043","20260413","20260417","24","2",0,0,0,0,0
"416","1","2026043","20260413","20260417","31","1",0,0,0,0,0
"416","1","2026043","20260413","20260417","31","2",0,0,0,0,0
"416","1","2026043","20260413","20260417","32","1",0,0,0,0,0
"416","1","2026043","20260413","20260417","32","2",0,0,0,0,0
"416","1","2026043","20260413","20260417","33","1",0,0,0,0,0
"416","1","2026043","20260413","20260417","33","2",0,0,0,0,0
"416","1","2026043","20260413","20260417","41","1",0,0,0,0,0
"416","1","2026043","20260413","20260417","41","2",0,0,0,0,0
"416","1","2026043","20260413","20260417","51","1",0,0,0,0,0
"416","1","2026043","20260413","20260417","51","2",0,0,0,0,0
"416","1","2026043","20260413","20260417","60","1",0,0,0,0,0
"416","1","2026043","20260413","20260417","60","2",0,0,0,0,0
"417","1","2026043","20260413","20260417","11","1",0,0,0,0,0
"417","1","2026043","20260413","20260417","11","2",0,0,0,0,0
"417","1","2026043","20260413","20260417","21","1",0,0,0,0,0
"417","1","2026043","20260413","20260417","21","2",0,0,0,0,0
"417","1","2026043","20260413","20260417","22","1",0,0,0,0,0
"417","1","2026043","20260413","20260417","22","2",0,0,0,0,0
"417","1","2026043","20260413","20260417","23","1",0,0,0,0,0
"417","1","2026043","20260413","20260417","23","2",0,0,0,0,0
"417","1","2026043","20260413","20260417","24","1",0,0,0,0,0
"417","1","2026043","20260413","20260417","24","2",0,0,0,0,0
"417","1","2026043","20260413","20260417","31","1",0,0,0,0,0
"417","1","2026043","20260413","20260417","31","2",0,0,0,0,0
"417","1","2026043","20260413","20260417","32","1",0,0,0,0,0
"417","1","2026043","20260413","20260417","32","2",0,0,0,0,0
"417","1","2026043","20260413","20260417","33","1",0,0,0,0,0
"417","1","2026043","20260413","20260417","33","2",0,0,0,0,0
"417","1","2026043","20260413","20260417","41","1",0,0,0,0,0
"417","1","2026043","20260413","20260417","41","2",0,0,0,0,0
"417","1","2026043","20260413","20260417","51","1",0,0,0,0,0
"417","1","2026043","20260413","20260417","51","2",0,0,0,0,0
"417","1","2026043","20260413","20260417","60","1",0,0,0,0,0
"417","1","2026043","20260413","20260417","60","2",0,0,0,0,0
"418","1","2026043","20260413","20260417","11","1",0,0,0,0,0
"418","1","2026043","20260413","20260417","11","2",0,0,0,0,0
"418","1","2026043","20260413","20260417","21","1",0,0,0,0,0
"418","1","2026043","20260413","20260417","21","2",0,0,0,0,0
"418","1","2026043","20260413","20260417","22","1",0,0,0,0,0
"418","1","2026043","20260413","20260417","22","2",0,0,0,0,0
"418","1","2026043","20260413","20260417","23","1",0,0,0,0,0
"418","1","2026043","20260413","20260417","23","2",0,0,0,0,0
"418","1","2026043","20260413","20260417","24","1",0,0,0,0,0
"418","1","2026043","20260413","20260417","24","2",0,0,0,0,0
"418","1","2026043","20260413","20260417","31","1",0,0,0,0,0
"418","1","2026043","20260413","20260417","31","2",0,0,0,0,0
"418","1","2026043","20260413","20260417","32","1",0,0,0,0,0
"418","1","2026043","20260413","20260417","32","2",0,0,0,0,0
"418","1","2026043","20260413","20260417","33","1",0,0,0,0,0
"418","1","2026043","20260413","20260417","33","2",0,0,0,0,0
"418","1","2026043","20260413","20260417","41","1",0,0,0,0,0
"418","1","2026043","20260413","20260417","41","2",0,0,0,0,0
"418","1","2026043","20260413","20260417","51","1",0,0,0,0,0
"418","1","2026043","20260413","20260417","51","2",0,0,0,0,0
"418","1","2026043","20260413","20260417","60","1",0,0,0,0,0
"418","1","2026043","20260413","20260417","60","2",0,0,0,0,0
"419","1","2026043","20260413","20260417","11","1",0,0,0,0,0
"419","1","2026043","20260413","20260417","11","2",0,0,0,0,0
"419","1","2026043","20260413","20260417","21","1",0,0,0,0,0
"419","1","2026043","20260413","20260417","21","2",0,0,0,0,0
"419","1","2026043","20260413","20260417","22","1",0,0,0,0,0
"419","1","2026043","20260413","20260417","22","2",0,0,0,0,0
"419","1","2026043","20260413","20260417","23","1",0,0,0,0,0
"419","1","2026043","20260413","20260417","23","2",0,0,0,0,0
"419","1","2026043","20260413","20260417","24","1",0,0,0,0,0
"419","1","2026043","20260413","20260417","24","2",0,0,0,0,0
"419","1","2026043","20260413","20260417","31","1",0,0,0,0,0
"419","1","2026043","20260413","20260417","31","2",0,0,0,0,0
"419","1","2026043","20260413","20260417","32","1",0,0,0,0,0
"419","1","2026043","20260413","20260417","32","2",0,0,0,0,0
"419","1","2026043","20260413","20260417","33","1",0,0,0,0,0
"419","1","2026043","20260413","20260417","33","2",0,0,0,0,0
"419","1","2026043","20260413","20260417","41","1",0,0,0,0,0
"419","1","2026043","20260413","20260417","41","2",0,0,0,0,0
"419","1","2026043","20260413","20260417","51","1",0,0,0,0,0
"419","1","2026043","20260413","20260417","51","2",0,0,0,0,0
"419","1","2026043","20260413","20260417","60","1",0,0,0,0,0
"419","1","2026043","20260413","20260417","60","2",0,0,0,0,0
"423","1","2026043","20260413","20260417","11","1",0,0,0,0,0
"423","1","2026043","20260413","20260417","11","2",0,0,0,0,0
"423","1","2026043","20260413","20260417","21","1",0,0,0,0,0
"423","1","2026043","20260413","20260417","21","2",0,0,0,0,0
"423","1","2026043","20260413","20260417","22","1",0,0,0,0,0
"423","1","2026043","20260413","20260417","22","2",0,0,0,0,0
"423","1","2026043","20260413","20260417","23","1",0,0,0,0,0
"423","1","2026043","20260413","20260417","23","2",0,0,0,0,0
"423","1","2026043","20260413","20260417","24","1",0,0,0,0,0
"423","1","2026043","20260413","20260417","24","2",0,0,0,0,0
"423","1","2026043","20260413","20260417","31","1",0,0,0,0,0
"423","1","2026043","20260413","20260417","31","2",0,0,0,0,0
"423","1","2026043","20260413","20260417","32","1",0,0,0,0,0
"423","1","2026043","20260413","20260417","32","2",0,0,0,0,0
"423","1","2026043","20260413","20260417","33","1",0,0,0,0,0
"423","1","2026043","20260413","20260417","33","2",0,0,0,0,0
"423","1","2026043","20260413","20260417","41","1",0,0,0,0,0
"423","1","2026043","20260413","20260417","41","2",0,0,0,0,0
"423","1","2026043","20260413","20260417","51","1",0,0,0,0,0
"423","1","2026043","20260413","20260417","51","2",0,0,0,0,0
"423","1","2026043","20260413","20260417","60","1",0,0,0,0,0
"423","1","2026043","20260413","20260417","60","2",0,0,0,0,0
"422","1","2026043","20260413","20260417","11","1",0,0,0,0,0
"422","1","2026043","20260413","20260417","11","2",0,0,0,0,0
"422","1","2026043","20260413","20260417","21","1",0,0,0,0,0
"422","1","2026043","20260413","20260417","21","2",0,0,0,0,0
"422","1","2026043","20260413","20260417","22","1",0,0,0,0,0
"422","1","2026043","20260413","20260417","22","2",0,0,0,0,0
"422","1","2026043","20260413","20260417","23","1",0,0,0,0,0
"422","1","2026043","20260413","20260417","23","2",0,0,0,0,0
"422","1","2026043","20260413","20260417","24","1",0,0,0,0,0
"422","1","2026043","20260413","20260417","24","2",0,0,0,0,0
"422","1","2026043","20260413","20260417","31","1",0,0,0,0,0
"422","1","2026043","20260413","20260417","31","2",0,0,0,0,0
"422","1","2026043","20260413","20260417","32","1",0,0,0,0,0
"422","1","2026043","20260413","20260417","32","2",0,0,0,0,0
"422","1","2026043","20260413","20260417","33","1",0,0,0,0,0
"422","1","2026043","20260413","20260417","33","2",0,0,0,0,0
"422","1","2026043","20260413","20260417","41","1",0,0,0,0,0
"422","1","2026043","20260413","20260417","41","2",0,0,0,0,0
"422","1","2026043","20260413","20260417","51","1",0,0,0,0,0
"422","1","2026043","20260413","20260417","51","2",0,0,0,0,0
"422","1","2026043","20260413","20260417","60","1",0,0,0,0,0
"422","1","2026043","20260413","20260417","60","2",0,0,0,0,0
"445","1","2026043","20260413","20260417","11","1",1016,0,3015,1999,4031
"445","1","2026043","20260413","20260417","11","2",3016,0,4016,1000,7032
"445","1","2026043","20260413","20260417","21","1",1011,0,2011,1000,3022
"445","1","2026043","20260413","20260417","21","2",3011,0,4011,1000,7022
"445","1","2026043","20260413","20260417","22","1",1012,0,2012,1000,3024
"445","1","2026043","20260413","20260417","22","2",3012,0,4012,1000,7024
"445","1","2026043","20260413","20260417","23","1",1013,0,2013,1000,3026
"445","1","2026043","20260413","20260417","23","2",3013,0,4013,1000,7026
"445","1","2026043","20260413","20260417","24","1",1014,0,2014,1000,3028
"445","1","2026043","20260413","20260417","24","2",3014,0,4014,1000,7028
"445","1","2026043","20260413","20260417","31","1",1015,0,2015,1000,3030
"445","1","2026043","20260413","20260417","31","2",3015,0,4015,1000,7030
"445","1","2026043","20260413","20260417","32","1",1016,0,2016,1000,3032
"445","1","2026043","20260413","20260417","32","2",3016,0,4016,1000,7032
"445","1","2026043","20260413","20260417","33","1",1017,0,2017,1000,3034
"445","1","2026043","20260413","20260417","33","2",3017,0,4017,1000,7034
"445","1","2026043","20260413","20260417","41","1",1018,0,2018,1000,3036
"445","1","2026043","20260413","20260417","41","2",3018,0,4018,1000,7036
"445","1","2026043","20260413","20260417","51","1",1019,0,2019,1000,3038
"445","1","2026043","20260413","20260417","51","2",3019,0,4019,1000,7038
"445","1","2026043","20260413","20260417","60","1",2041,0,4041,2000,6082
"445","1","2026043","20260413","20260417","60","2",6041,0,8041,2000,14082
"425","1","2026043","20260413","20260417","11","1",0,0,0,0,0
"425","1","2026043","20260413","20260417","11","2",0,0,0,0,0
"425","1","2026043","20260413","20260417","21","1",0,0,0,0,0
"425","1","2026043","20260413","20260417","21","2",0,0,0,0,0
"425","1","2026043","20260413","20260417","22","1",0,0,0,0,0
"425","1","2026043","20260413","20260417","22","2",0,0,0,0,0
"425","1","2026043","20260413","20260417","23","1",0,0,0,0,0
"425","1","2026043","20260413","20260417","23","2",0,0,0,0,0
"425","1","2026043","20260413","20260417","24","1",0,0,0,0,0
"425","1","2026043","20260413","20260417","24","2",0,0,0,0,0
"425","1","2026043","20260413","20260417","31","1",0,0,0,0,0
"425","1","2026043","20260413","20260417","31","2",0,0,0,0,0
"425","1","2026043","20260413","20260417","32","1",0,0,0,0,0
"425","1","2026043","20260413","20260417","32","2",0,0,0,0,0
"425","1","2026043","20260413","20260417","33","1",0,0,0,0,0
"425","1","2026043","20260413","20260417","33","2",0,0,0,0,0
"425","1","2026043","20260413","20260417","41","1",0,0,0,0,0
"425","1","2026043","20260413","20260417","41","2",0,0,0,0,0
"425","1","2026043","20260413","20260417","51","1",0,0,0,0,0
"425","1","2026043","20260413","20260417","51","2",0,0,0,0,0
"425","1","2026043","20260413","20260417","60","1",0,0,0,0,0
"425","1","2026043","20260413","20260417","60","2",0,0,0,0,0
"424","1","2026043","20260413","20260417","11","1",0,0,0,0,0
"424","1","2026043","20260413","20260417","11","2",0,0,0,0,0
"424","1","2026043","20260413","20260417","21","1",0,0,0,0,0
"424","1","2026043","20260413","20260417","21","2",0,0,0,0,0
"424","1","2026043","20260413","20260417","22","1",0,0,0,0,0
"424","1","2026043","20260413","20260417","22","2",0,0,0,0,0
"424","1","2026043","20260413","20260417","23","1",0,0,0,0,0
"424","1","2026043","20260413","20260417","23","2",0,0,0,0,0
"424","1","2026043","20260413","20260417","24","1",0,0,0,0,0
"424","1","2026043","20260413","20260417","24","2",0,0,0,0,0
"424","1","2026043","20260413","20260417","31","1",0,0,0,0,0
"424","1","2026043","20260413","20260417","31","2",0,0,0,0,0
"424","1","2026043","20260413","20260417","32","1",0,0,0,0,0
"424","1","2026043","20260413","20260417","32","2",0,0,0,0,0
"424","1","2026043","20260413","20260417","33","1",0,0,0,0,0
"424","1","2026043","20260413","20260417","33","2",0,0,0,0,0
"424","1","2026043","20260413","20260417","41","1",0,0,0,0,0
"424","1","2026043","20260413","20260417","41","2",0,0,0,0,0
"424","1","2026043","20260413","20260417","51","1",0,0,0,0,0
"424","1","2026043","20260413","20260417","51","2",0,0,0,0,0
"424","1","2026043","20260413","20260417","60","1",0,0,0,0,0
"424","1","2026043","20260413","20260417","60","2",0,0,0,0,0
"446","1","2026043","20260413","20260417","11","1",1018,0,3017,1999,4035
"446","1","2026043","20260413","20260417","11","2",3018,0,4018,1000,7036
"446","1","2026043","20260413","20260417","21","1",1012,0,2012,1000,3024
"446","1","2026043","20260413","20260417","21","2",3012,0,4012,1000,7024
"446","1","2026043","20260413","20260417","22","1",1013,0,2013,1000,3026
"446","1","2026043","20260413","20260417","22","2",3013,0,4013,1000,7026
"446","1","2026043","20260413","20260417","23","1",1014,0,2014,1000,3028
"446","1","2026043","20260413","20260417","23","2",3014,0,4014,1000,7028
"446","1","2026043","20260413","20260417","24","1",1015,0,2015,1000,3030
"446","1","2026043","20260413","20260417","24","2",3015,0,4015,1000,7030
"446","1","2026043","20260413","20260417","31","1",1016,0,2016,1000,3032
"446","1","2026043","20260413","20260417","31","2",3016,0,4016,1000,7032
"446","1","2026043","20260413","20260417","32","1",1017,0,2017,1000,3034
"446","1","2026043","20260413","20260417","32","2",3017,0,4017,1000,7034
"446","1","2026043","20260413","20260417","33","1",1018,0,2018,1000,3036
"446","1","2026043","20260413","20260417","33","2",3018,0,4018,1000,7036
"446","1","2026043","20260413","20260417","41","1",1019,0,2019,1000,3038
"446","1","2026043","20260413","20260417","41","2",3019,0,4019,1000,7038
"446","1","2026043","20260413","20260417","51","1",1020,0,2020,1000,3040
"446","1","2026043","20260413","20260417","51","2",3020,0,4020,1000,7040
"446","1","2026043","20260413","20260417","60","1",2043,0,4043,2000,6086
"446","1","2026043","20260413","20260417","60","2",6043,0,8043,2000,14086
"428","1","2026043","20260413","20260417","11","1",0,0,0,0,0
"428","1","2026043","20260413","20260417","11","2",0,0,0,0,0
"428","1","2026043","20260413","20260417","21","1",0,0,0,0,0
"428","1","2026043","20260413","20260417","21","2",0,0,0,0,0
"428","1","2026043","20260413","20260417","22","1",0,0,0,0,0
"428","1","2026043","20260413","20260417","22","2",0,0,0,0,0
"428","1","2026043","20260413","20260417","23","1",0,0,0,0,0
"428","1","2026043","20260413","20260417","23","2",0,0,0,0,0
"428","1","2026043","20260413","20260417","24","1",0,0,0,0,0
"428","1","2026043","20260413","20260417","24","2",0,0,0,0,0
"428","1","2026043","20260413","20260417","31","1",0,0,0,0,0
"428","1","2026043","20260413","20260417","31","2",0,0,0,0,0
"428","1","2026043","20260413","20260417","32","1",0,0,0,0,0
"428","1","2026043","20260413","20260417","32","2",0,0,0,0,0
"428","1","2026043","20260413","20260417","33","1",0,0,0,0,0
"428","1","2026043","20260413","20260417","33","2",0,0,0,0,0
"428","1","2026043","20260413","20260417","41","1",0,0,0,0,0
"428","1","2026043","20260413","20260417","41","2",0,0,0,0,0
"428","1","2026043","20260413","20260417","51","1",0,0,0,0,0
"428","1","2026043","20260413","20260417","51","2",0,0,0,0,0
"428","1","2026043","20260413","20260417","60","1",0,0,0,0,0
"428","1","2026043","20260413","20260417","60","2",0,0,0,0,0
"427","1","2026043","20260413","20260417","11","1",0,0,0,0,0
"427","1","2026043","20260413","20260417","11","2",0,0,0,0,0
"427","1","2026043","20260413","20260417","21","1",0,0,0,0,0
"427","1","2026043","20260413","20260417","21","2",0,0,0,0,0
"427","1","2026043","20260413","20260417","22","1",0,0,0,0,0
"427","1","2026043","20260413","20260417","22","2",0,0,0,0,0
"427","1","2026043","20260413","20260417","23","1",0,0,0,0,0
"427","1","2026043","20260413","20260417","23","2",0,0,0,0,0
"427","1","2026043","20260413","20260417","24","1",0,0,0,0,0
"427","1","2026043","20260413","20260417","24","2",0,0,0,0,0
"427","1","2026043","20260413","20260417","31","1",0,0,0,0,0
"427","1","2026043","20260413","20260417","31","2",0,0,0,0,0
"427","1","2026043","20260413","20260417","32","1",0,0,0,0,0
"427","1","2026043","20260413","20260417","32","2",0,0,0,0,0
"427","1","2026043","20260413","20260417","33","1",0,0,0,0,0
"427","1","2026043","20260413","20260417","33","2",0,0,0,0,0
"427","1","2026043","20260413","20260417","41","1",0,0,0,0,0
"427","1","2026043","20260413","20260417","41","2",0,0,0,0,0
"427","1","2026043","20260413","20260417","51","1",0,0,0,0,0
"427","1","2026043","20260413","20260417","51","2",0,0,0,0,0
"427","1","2026043","20260413","20260417","60","1",0,0,0,0,0
"427","1","2026043","20260413","20260417","60","2",0,0,0,0,0
"430","1","2026043","20260413","20260417","11","1",0,0,0,0,0
"430","1","2026043","20260413","20260417","11","2",0,0,0,0,0
"430","1","2026043","20260413","20260417","21","1",0,0,0,0,0
"430","1","2026043","20260413","20260417","21","2",0,0,0,0,0
"430","1","2026043","20260413","20260417","22","1",0,0,0,0,0
"430","1","2026043","20260413","20260417","22","2",0,0,0,0,0
"430","1","2026043","20260413","20260417","23","1",0,0,0,0,0
"430","1","2026043","20260413","20260417","23","2",0,0,0,0,0
"430","1","2026043","20260413","20260417","24","1",0,0,0,0,0
"430","1","2026043","20260413","20260417","24","2",0,0,0,0,0
"430","1","2026043","20260413","20260417","31","1",0,0,0,0,0
"430","1","2026043","20260413","20260417","31","2",0,0,0,0,0
"430","1","2026043","20260413","20260417","32","1",0,0,0,0,0
"430","1","2026043","20260413","20260417","32","2",0,0,0,0,0
"430","1","2026043","20260413","20260417","33","1",0,0,0,0,0
"430","1","2026043","20260413","20260417","33","2",0,0,0,0,0
"430","1","2026043","20260413","20260417","41","1",0,0,0,0,0
"430","1","2026043","20260413","20260417","41","2",0,0,0,0,0
"430","1","2026043","20260413","20260417","51","1",0,0,0,0,0
"430","1","2026043","20260413","20260417","51","2",0,0,0,0,0
"430","1","2026043","20260413","20260417","60","1",0,0,0,0,0
"430","1","2026043","20260413","20260417","60","2",0,0,0,0,0
"429","1","2026043","20260413","20260417","11","1",0,0,0,0,0
"429","1","2026043","20260413","20260417","11","2",0,0,0,0,0
"429","1","2026043","20260413","20260417","21","1",0,0,0,0,0
"429","1","2026043","20260413","20260417","21","2",0,0,0,0,0
"429","1","2026043","20260413","20260417","22","1",0,0,0,0,0
"429","1","2026043","20260413","20260417","22","2",0,0,0,0,0
"429","1","2026043","20260413","20260417","23","1",0,0,0,0,0
"429","1","2026043","20260413","20260417","23","2",0,0,0,0,0
"429","1","2026043","20260413","20260417","24","1",0,0,0,0,0
"429","1","2026043","20260413","20260417","24","2",0,0,0,0,0
"429","1","2026043","20260413","20260417","31","1",0,0,0,0,0
"429","1","2026043","20260413","20260417","31","2",0,0,0,0,0
"429","1","2026043","20260413","20260417","32","1",0,0,0,0,0
"429","1","2026043","20260413","20260417","32","2",0,0,0,0,0
"429","1","2026043","20260413","20260417","33","1",0,0,0,0,0
"429","1","2026043","20260413","20260417","33","2",0,0,0,0,0
"429","1","2026043","20260413","20260417","41","1",0,0,0,0,0
"429","1","2026043","20260413","20260417","41","2",0,0,0,0,0
"429","1","2026043","20260413","20260417","51","1",0,0,0,0,0
"429","1","2026043","20260413","20260417","51","2",0,0,0,0,0
"429","1","2026043","20260413","20260417","60","1",0,0,0,0,0
"429","1","2026043","20260413","20260417","60","2",0,0,0,0,0
"433","1","2026043","20260413","20260417","11","1",0,0,0,0,0
"433","1","2026043","20260413","20260417","11","2",0,0,0,0,0
"433","1","2026043","20260413","20260417","21","1",0,0,0,0,0
"433","1","2026043","20260413","20260417","21","2",0,0,0,0,0
"433","1","2026043","20260413","20260417","22","1",0,0,0,0,0
"433","1","2026043","20260413","20260417","22","2",0,0,0,0,0
"433","1","2026043","20260413","20260417","23","1",0,0,0,0,0
"433","1","2026043","20260413","20260417","23","2",0,0,0,0,0
"433","1","2026043","20260413","20260417","24","1",0,0,0,0,0
"433","1","2026043","20260413","20260417","24","2",0,0,0,0,0
"433","1","2026043","20260413","20260417","31","1",0,0,0,0,0
"433","1","2026043","20260413","20260417","31","2",0,0,0,0,0
"433","1","2026043","20260413","20260417","32","1",0,0,0,0,0
"433","1","2026043","20260413","20260417","32","2",0,0,0,0,0
"433","1","2026043","20260413","20260417","33","1",0,0,0,0,0
"433","1","2026043","20260413","20260417","33","2",0,0,0,0,0
"433","1","2026043","20260413","20260417","41","1",0,0,0,0,0
"433","1","2026043","20260413","20260417","41","2",0,0,0,0,0
"433","1","2026043","20260413","20260417","51","1",0,0,0,0,0
"433","1","2026043","20260413","20260417","51","2",0,0,0,0,0
"433","1","2026043","20260413","20260417","60","1",0,0,0,0,0
"433","1","2026043","20260413","20260417","60","2",0,0,0,0,0
"432","1","2026043","20260413","20260417","11","1",0,0,0,0,0
"432","1","2026043","20260413","20260417","11","2",0,0,0,0,0
"432","1","2026043","20260413","20260417","21","1",0,0,0,0,0
"432","1","2026043","20260413","20260417","21","2",0,0,0,0,0
"432","1","2026043","20260413","20260417","22","1",0,0,0,0,0
"432","1","2026043","20260413","20260417","22","2",0,0,0,0,0
"432","1","2026043","20260413","20260417","23","1",0,0,0,0,0
"432","1","2026043","20260413","20260417","23","2",0,0,0,0,0
"432","1","2026043","20260413","20260417","24","1",0,0,0,0,0
"432","1","2026043","20260413","20260417","24","2",0,0,0,0,0
"432","1","2026043","20260413","20260417","31","1",0,0,0,0,0
"432","1","2026043","20260413","20260417","31","2",0,0,0,0,0
"432","1","2026043","20260413","20260417","32","1",0,0,0,0,0
"432","1","2026043","20260413","20260417","32","2",0,0,0,0,0
"432","1","2026043","20260413","20260417","33","1",0,0,0,0,0
"432","1","2026043","20260413","20260417","33","2",0,0,0,0,0
"432","1","2026043","20260413","20260417","41","1",0,0,0,0,0
"432","1","2026043","20260413","20260417","41","2",0,0,0,0,0
"432","1","2026043","20260413","20260417","51","1",0,0,0,0,0
"432","1","2026043","20260413","20260417","51","2",0,0,0,0,0
"432","1","2026043","20260413","20260417","60","1",0,0,0,0,0
"432","1","2026043","20260413","20260417","60","2",0,0,0,0,0
"447","1","2026043","20260413","20260417","11","1",1020,0,3019,1999,4039
"447","1","2026043","20260413","20260417","11","2",3020,0,4020,1000,7040
"447","1","2026043","20260413","20260417","21","1",1013,0,2013,1000,3026
"447","1","2026043","20260413","20260417","21","2",3013,0,4013,1000,7026
"447","1","2026043","20260413","20260417","22","1",1014,0,2014,1000,3028
"447","1","2026043","20260413","20260417","22","2",3014,0,4014,1000,7028
"447","1","2026043","20260413","20260417","23","1",1015,0,2015,1000,3030
"447","1","2026043","20260413","20260417","23","2",3015,0,4015,1000,7030
"447","1","2026043","20260413","20260417","24","1",1016,0,2016,1000,3032
"447","1","2026043","20260413","20260417","24","2",3016,0,4016,1000,7032
"447","1","2026043","20260413","20260417","31","1",1017,0,2017,1000,3034
"447","1","2026043","20260413","20260417","31","2",3017,0,4017,1000,7034
"447","1","2026043","20260413","20260417","32","1",1018,0,2018,1000,3036
"447","1","2026043","20260413","20260417","32","2",3018,0,4018,1000,7036
"447","1","2026043","20260413","20260417","33","1",1019,0,2019,1000,3038
"447","1","2026043","20260413","20260417","33","2",3019,0,4019,1000,7038
"447","1","2026043","20260413","20260417","41","1",1020,0,2020,1000,3040
"447","1","2026043","20260413","20260417","41","2",3020,0,4020,1000,7040
"447","1","2026043","20260413","20260417","51","1",1021,0,2021,1000,3042
"447","1","2026043","20260413","20260417","51","2",3021,0,4021,1000,7042
"447","1","2026043","20260413","20260417","60","1",2045,0,4045,2000,6090
"447","1","2026043","20260413","20260417","60","2",6045,0,8045,2000,14090
"435","1","2026043","20260413","20260417","11","1",0,0,0,0,0
"435","1","2026043","20260413","20260417","11","2",0,0,0,0,0
"435","1","2026043","20260413","20260417","21","1",0,0,0,0,0
"435","1","2026043","20260413","20260417","21","2",0,0,0,0,0
"435","1","2026043","20260413","20260417","22","1",0,0,0,0,0
"435","1","2026043","20260413","20260417","22","2",0,0,0,0,0
"435","1","2026043","20260413","20260417","23","1",0,0,0,0,0
"435","1","2026043","20260413","20260417","23","2",0,0,0,0,0
"435","1","2026043","20260413","20260417","24","1",0,0,0,0,0
"435","1","2026043","20260413","20260417","24","2",0,0,0,0,0
"435","1","2026043","20260413","20260417","31","1",0,0,0,0,0
"435","1","2026043","20260413","20260417","31","2",0,0,0,0,0
"435","1","2026043","20260413","20260417","32","1",0,0,0,0,0
"435","1","2026043","20260413","20260417","32","2",0,0,0,0,0
"435","1","2026043","20260413","20260417","33","1",0,0,0,0,0
"435","1","2026043","20260413","20260417","33","2",0,0,0,0,0
"435","1","2026043","20260413","20260417","41","1",0,0,0,0,0
"435","1","2026043","20260413","20260417","41","2",0,0,0,0,0
"435","1","2026043","20260413","20260417","51","1",0,0,0,0,0
"435","1","2026043","20260413","20260417","51","2",0,0,0,0,0
"435","1","2026043","20260413","20260417","60","1",0,0,0,0,0
"435","1","2026043","20260413","20260417","60","2",0,0,0,0,0
"434","1","2026043","20260413","20260417","11","1",0,0,0,0,0
"434","1","2026043","20260413","20260417","11","2",0,0,0,0,0
"434","1","2026043","20260413","20260417","21","1",0,0,0,0,0
"434","1","2026043","20260413","20260417","21","2",0,0,0,0,0
"434","1","2026043","20260413","20260417","22","1",0,0,0,0,0
"434","1","2026043","20260413","20260417","22","2",0,0,0,0,0
"434","1","2026043","20260413","20260417","23","1",0,0,0,0,0
"434","1","2026043","20260413","20260417","23","2",0,0,0,0,0
"434","1","2026043","20260413","20260417","24","1",0,0,0,0,0
"434","1","2026043","20260413","20260417","24","2",0,0,0,0,0
"434","1","2026043","20260413","20260417","31","1",0,0,0,0,0
"434","1","2026043","20260413","20260417","31","2",0,0,0,0,0
"434","1","2026043","20260413","20260417","32","1",0,0,0,0,0
"434","1","2026043","20260413","20260417","32","2",0,0,0,0,0
"434","1","2026043","20260413","20260417","33","1",0,0,0,0,0
"434","1","2026043","20260413","20260417","33","2",0,0,0,0,0
"434","1","2026043","20260413","20260417","41","1",0,0,0,0,0
"434","1","2026043","20260413","20260417","41","2",0,0,0,0,0
"434","1","2026043","20260413","20260417","51","1",0,0,0,0,0
"434","1","2026043","20260413","20260417","51","2",0,0,0,0,0
"434","1","2026043","20260413","20260417","60","1",0,0,0,0,0
"434","1","2026043","20260413","20260417","60","2",0,0,0,0,0
"448","1","2026043","20260413","20260417","11","1",1022,0,3021,1999,4043
"448","1","2026043","20260413","20260417","11","2",3022,0,4022,1000,7044
"448","1","2026043","20260413","20260417","21","1",1014,0,2014,1000,3028
"448","1","2026043","20260413","20260417","21","2",3014,0,4014,1000,7028
"448","1","2026043","20260413","20260417","22","1",1015,0,2015,1000,3030
"448","1","2026043","20260413","20260417","22","2",3015,0,4015,1000,7030
"448","1","2026043","20260413","20260417","23","1",1016,0,2016,1000,3032
"448","1","2026043","20260413","20260417","23","2",3016,0,4016,1000,7032
"448","1","2026043","20260413","20260417","24","1",1017,0,2017,1000,3034
"448","1","2026043","20260413","20260417","24","2",3017,0,4017,1000,7034
"448","1","2026043","20260413","20260417","31","1",1018,0,2018,1000,3036
"448","1","2026043","20260413","20260417","31","2",3018,0,4018,1000,7036
"448","1","2026043","20260413","20260417","32","1",1019,0,2019,1000,3038
"448","1","2026043","20260413","20260417","32","2",3019,0,4019,1000,7038
"448","1","2026043","20260413","20260417","33","1",1020,0,2020,1000,3040
"448","1","2026043","20260413","20260417","33","2",3020,0,4020,1000,7040
"448","1","2026043","20260413","20260417","41","1",1021,0,2021,1000,3042
"448","1","2026043","20260413","20260417","41","2",3021,0,4021,1000,7042
"448","1","2026043","20260413","20260417","51","1",1022,0,2022,1000,3044
"448","1","2026043","20260413","20260417","51","2",3022,0,4022,1000,7044
"448","1","2026043","20260413","20260417","60","1",2047,0,4047,2000,6094
"448","1","2026043","20260413","20260417","60","2",6047,0,8047,2000,14094
"426","1","2026043","20260413","20260417","11","1",0,0,0,0,0
"426","1","2026043","20260413","20260417","11","2",0,0,0,0,0
"426","1","2026043","20260413","20260417","21","1",0,0,0,0,0
"426","1","2026043","20260413","20260417","21","2",0,0,0,0,0
"426","1","2026043","20260413","20260417","22","1",0,0,0,0,0
"426","1","2026043","20260413","20260417","22","2",0,0,0,0,0
"426","1","2026043","20260413","20260417","23","1",0,0,0,0,0
"426","1","2026043","20260413","20260417","23","2",0,0,0,0,0
"426","1","2026043","20260413","20260417","24","1",0,0,0,0,0
"426","1","2026043","20260413","20260417","24","2",0,0,0,0,0
"426","1","2026043","20260413","20260417","31","1",0,0,0,0,0
"426","1","2026043","20260413","20260417","31","2",0,0,0,0,0
"426","1","2026043","20260413","20260417","32","1",0,0,0,0,0
"426","1","2026043","20260413","20260417","32","2",0,0,0,0,0
"426","1","2026043","20260413","20260417","33","1",0,0,0,0,0
"426","1","2026043","20260413","20260417","33","2",0,0,0,0,0
"426","1","2026043","20260413","20260417","41","1",0,0,0,0,0
"426","1","2026043","20260413","20260417","41","2",0,0,0,0,0
"426","1","2026043","20260413","20260417","51","1",0,0,0,0,0
"426","1","2026043","20260413","20260417","51","2",0,0,0,0,0
"426","1","2026043","20260413","20260417","60","1",0,0,0,0,0
"426","1","2026043","20260413","20260417","60","2",0,0,0,0,0
"420","1","2026043","20260413","20260417","11","1",0,0,0,0,0
"420","1","2026043","20260413","20260417","11","2",0,0,0,0,0
"420","1","2026043","20260413","20260417","21","1",0,0,0,0,0
"420","1","2026043","20260413","20260417","21","2",0,0,0,0,0
"420","1","2026043","20260413","20260417","22","1",0,0,0,0,0
"420","1","2026043","20260413","20260417","22","2",0,0,0,0,0
"420","1","2026043","20260413","20260417","23","1",0,0,0,0,0
"420","1","2026043","20260413","20260417","23","2",0,0,0,0,0
"420","1","2026043","20260413","20260417","24","1",0,0,0,0,0
"420","1","2026043","20260413","20260417","24","2",0,0,0,0,0
"420","1","2026043","20260413","20260417","31","1",0,0,0,0,0
"420","1","2026043","20260413","20260417","31","2",0,0,0,0,0
"420","1","2026043","20260413","20260417","32","1",0,0,0,0,0
"420","1","2026043","20260413","20260417","32","2",0,0,0,0,0
"420","1","2026043","20260413","20260417","33","1",0,0,0,0,0
"420","1","2026043","20260413","20260417","33","2",0,0,0,0,0
"420","1","2026043","20260413","20260417","41","1",0,0,0,0,0
"420","1","2026043","20260413","20260417","41","2",0,0,0,0,0
"420","1","2026043","20260413","20260417","51","1",0,0,0,0,0
"420","1","2026043","20260413","20260417","51","2",0,0,0,0,0
"420","1","2026043","20260413","20260417","60","1",0,0,0,0,0
"420","1","2026043","20260413","20260417","60","2",0,0,0,0,0
"421","1","2026043","20260413","20260417","11","1",0,0,0,0,0
"421","1","2026043","20260413","20260417","11","2",0,0,0,0,0
"421","1","2026043","20260413","20260417","21","1",0,0,0,0,0
"421","1","2026043","20260413","20260417","21","2",0,0,0,0,0
"421","1","2026043","20260413","20260417","22","1",0,0,0,0,0
"421","1","2026043","20260413","20260417","22","2",0,0,0,0,0
"421","1","2026043","20260413","20260417","23","1",0,0,0,0,0
"421","1","2026043","20260413","20260417","23","2",0,0,0,0,0
"421","1","2026043","20260413","20260417","24","1",0,0,0,0,0
"421","1","2026043","20260413","20260417","24","2",0,0,0,0,0
"421","1","2026043","20260413","20260417","31","1",0,0,0,0,0
"421","1","2026043","20260413","20260417","31","2",0,0,0,0,0
"421","1","2026043","20260413","20260417","32","1",0,0,0,0,0
"421","1","2026043","20260413","20260417","32","2",0,0,0,0,0
"421","1","2026043","20260413","20260417","33","1",0,0,0,0,0
"421","1","2026043","20260413","20260417","33","2",0,0,0,0,0
"421","1","2026043","20260413","20260417","41","1",0,0,0,0,0
"421","1","2026043","20260413","20260417","41","2",0,0,0,0,0
"421","1","2026043","20260413","20260417","51","1",0,0,0,0,0
"421","1","2026043","20260413","20260417","51","2",0,0,0,0,0
"421","1","2026043","20260413","20260417","60","1",0,0,0,0,0
"421","1","2026043","20260413","20260417","60","2",0,0,0,0,0
"303","1","2026043","20260413","20260417","11","1",0,0,0,0,0
"303","1","2026043","20260413","20260417","11","2",0,0,0,0,0
"303","1","2026043","20260413","20260417","21","1",0,0,0,0,0
"303","1","2026043","20260413","20260417","21","2",0,0,0,0,0
"303","1","2026043","20260413","20260417","22","1",0,0,0,0,0
"303","1","2026043","20260413","20260417","22","2",0,0,0,0,0
"303","1","2026043","20260413","20260417","23","1",0,0,0,0,0
"303","1","2026043","20260413","20260417","23","2",0,0,0,0,0
"303","1","2026043","20260413","20260417","24","1",0,0,0,0,0
"303","1","2026043","20260413","20260417","24","2",0,0,0,0,0
"303","1","2026043","20260413","20260417","31","1",0,0,0,0,0
"303","1","2026043","20260413","20260417","31","2",0,0,0,0,0
"303","1","2026043","20260413","20260417","32","1",0,0,0,0,0
"303","1","2026043","20260413","20260417","32","2",0,0,0,0,0
"303","1","2026043","20260413","20260417","33","1",0,0,0,0,0
"303","1","2026043","20260413","20260417","33","2",0,0,0,0,0
"303","1","2026043","20260413","20260417","41","1",0,0,0,0,0
"303","1","2026043","20260413","20260417","41","2",0,0,0,0,0
"303","1","2026043","20260413","20260417","51","1",0,0,0,0,0
"303","1","2026043","20260413","20260417","51","2",0,0,0,0,0
"303","1","2026043","20260413","20260417","60","1",0,0,0,0,0
"303","1","2026043","20260413","20260417","60","2",0,0,0,0,0
"304","1","2026043","20260413","20260417","11","1",0,0,0,0,0
"304","1","2026043","20260413","20260417","11","2",0,0,0,0,0
"304","1","2026043","20260413","20260417","21","1",0,0,0,0,0
"304","1","2026043","20260413","20260417","21","2",0,0,0,0,0
"304","1","2026043","20260413","20260417","22","1",0,0,0,0,0
"304","1","2026043","20260413","20260417","22","2",0,0,0,0,0
"304","1","2026043","20260413","20260417","23","1",0,0,0,0,0
"304","1","2026043","20260413","20260417","23","2",0,0,0,0,0
"304","1","2026043","20260413","20260417","24","1",0,0,0,0,0
"304","1","2026043","20260413","20260417","24","2",0,0,0,0,0
"304","1","2026043","20260413","20260417","31","1",0,0,0,0,0
"304","1","2026043","20260413","20260417","31","2",0,0,0,0,0
"304","1","2026043","20260413","20260417","32","1",0,0,0,0,0
"304","1","2026043","20260413","20260417","32","2",0,0,0,0,0
"304","1","2026043","20260413","20260417","33","1",0,0,0,0,0
"304","1","2026043","20260413","20260417","33","2",0,0,0,0,0
"304","1","2026043","20260413","20260417","41","1",0,0,0,0,0
"304","1","2026043","20260413","20260417","41","2",0,0,0,0,0
"304","1","2026043","20260413","20260417","51","1",0,0,0,0,0
"304","1","2026043","20260413","20260417","51","2",0,0,0,0,0
"304","1","2026043","20260413","20260417","60","1",0,0,0,0,0
"304","1","2026043","20260413","20260417","60","2",0,0,0,0,0
"332","1","2026043","20260413","20260417","11","1",0,0,0,0,0
"332","1","2026043","20260413","20260417","11","2",0,0,0,0,0
"332","1","2026043","20260413","20260417","21","1",0,0,0,0,0
"332","1","2026043","20260413","20260417","21","2",0,0,0,0,0
"332","1","2026043","20260413","20260417","22","1",0,0,0,0,0
"332","1","2026043","20260413","20260417","22","2",0,0,0,0,0
"332","1","2026043","20260413","20260417","23","1",0,0,0,0,0
"332","1","2026043","20260413","20260417","23","2",0,0,0,0,0
"332","1","2026043","20260413","20260417","24","1",0,0,0,0,0
"332","1","2026043","20260413","20260417","24","2",0,0,0,0,0
"332","1","2026043","20260413","20260417","31","1",0,0,0,0,0
"332","1","2026043","20260413","20260417","31","2",0,0,0,0,0
"332","1","2026043","20260413","20260417","32","1",0,0,0,0,0
"332","1","2026043","20260413","20260417","32","2",0,0,0,0,0
"332","1","2026043","20260413","20260417","33","1",0,0,0,0,0
"332","1","2026043","20260413","20260417","33","2",0,0,0,0,0
"332","1","2026043","20260413","20260417","41","1",0,0,0,0,0
"332","1","2026043","20260413","20260417","41","2",0,0,0,0,0
"332","1","2026043","20260413","20260417","51","1",0,0,0,0,0
"332","1","2026043","20260413","20260417","51","2",0,0,0,0,0
"332","1","2026043","20260413","20260417","60","1",0,0,0,0,0
"332","1","2026043","20260413","20260417","60","2",0,0,0,0,0
"333","1","2026043","20260413","20260417","11","1",0,0,0,0,0
"333","1","2026043","20260413","20260417","11","2",0,0,0,0,0
"333","1","2026043","20260413","20260417","21","1",0,0,0,0,0
"333","1","2026043","20260413","20260417","21","2",0,0,0,0,0
"333","1","2026043","20260413","20260417","22","1",0,0,0,0,0
"333","1","2026043","20260413","20260417","22","2",0,0,0,0,0
"333","1","2026043","20260413","20260417","23","1",0,0,0,0,0
"333","1","2026043","20260413","20260417","23","2",0,0,0,0,0
"333","1","2026043","20260413","20260417","24","1",0,0,0,0,0
"333","1","2026043","20260413","20260417","24","2",0,0,0,0,0
"333","1","2026043","20260413","20260417","31","1",0,0,0,0,0
"333","1","2026043","20260413","20260417","31","2",0,0,0,0,0
"333","1","2026043","20260413","20260417","32","1",0,0,0,0,0
"333","1","2026043","20260413","20260417","32","2",0,0,0,0,0
"333","1","2026043","20260413","20260417","33","1",0,0,0,0,0
"333","1","2026043","20260413","20260417","33","2",0,0,0,0,0
"333","1","2026043","20260413","20260417","41","1",0,0,0,0,0
"333","1","2026043","20260413","20260417","41","2",0,0,0,0,0
"333","1","2026043","20260413","20260417","51","1",0,0,0,0,0
"333","1","2026043","20260413","20260417","51","2",0,0,0,0,0
"333","1","2026043","20260413","20260417","60","1",0,0,0,0,0
"333","1","2026043","20260413","20260417","60","2",0,0,0,0,0
"319","1","2026043","20260413","20260417","11","1",0,0,0,0,0
"319","1","2026043","20260413","20260417","11","2",0,0,0,0,0
"319","1","2026043","20260413","20260417","21","1",0,0,0,0,0
"319","1","2026043","20260413","20260417","21","2",0,0,0,0,0
"319","1","2026043","20260413","20260417","22","1",0,0,0,0,0
"319","1","2026043","20260413","20260417","22","2",0,0,0,0,0
"319","1","2026043","20260413","20260417","23","1",0,0,0,0,0
"319","1","2026043","20260413","20260417","23","2",0,0,0,0,0
"319","1","2026043","20260413","20260417","24","1",0,0,0,0,0
"319","1","2026043","20260413","20260417","24","2",0,0,0,0,0
"319","1","2026043","20260413","20260417","31","1",0,0,0,0,0
"319","1","2026043","20260413","20260417","31","2",0,0,0,0,0
"319","1","2026043","20260413","20260417","32","1",0,0,0,0,0
"319","1","2026043","20260413","20260417","32","2",0,0,0,0,0
"319","1","2026043","20260413","20260417","33","1",0,0,0,0,0
"319","1","2026043","20260413","20260417","33","2",0,0,0,0,0
"319","1","2026043","20260413","20260417","41","1",0,0,0,0,0
"319","1","2026043","20260413","20260417","41","2",0,0,0,0,0
"319","1","2026043","20260413","20260417","51","1",0,0,0,0,0
"319","1","2026043","20260413","20260417","51","2",0,0,0,0,0
"319","1","2026043","20260413","20260417","60","1",0,0,0,0,0
"319","1","2026043","20260413","20260417","60","2",0,0,0,0,0
"320","1","2026043","20260413","20260417","11","1",0,0,0,0,0
"320","1","2026043","20260413","20260417","11","2",0,0,0,0,0
"320","1","2026043","20260413","20260417","21","1",0,0,0,0,0
"320","1","2026043","20260413","20260417","21","2",0,0,0,0,0
"320","1","2026043","20260413","20260417","22","1",0,0,0,0,0
"320","1","2026043","20260413","20260417","22","2",0,0,0,0,0
"320","1","2026043","20260413","20260417","23","1",0,0,0,0,0
"320","1","2026043","20260413","20260417","23","2",0,0,0,0,0
"320","1","2026043","20260413","20260417","24","1",0,0,0,0,0
"320","1","2026043","20260413","20260417","24","2",0,0,0,0,0
"320","1","2026043","20260413","20260417","31","1",0,0,0,0,0
"320","1","2026043","20260413","20260417","31","2",0,0,0,0,0
"320","1","2026043","20260413","20260417","32","1",0,0,0,0,0
"320","1","2026043","20260413","20260417","32","2",0,0,0,0,0
"320","1","2026043","20260413","20260417","33","1",0,0,0,0,0
"320","1","2026043","20260413","20260417","33","2",0,0,0,0,0
"320","1","2026043","20260413","20260417","41","1",0,0,0,0,0
"320","1","2026043","20260413","20260417","41","2",0,0,0,0,0
"320","1","2026043","20260413","20260417","51","1",0,0,0,0,0
"320","1","2026043","20260413","20260417","51","2",0,0,0,0,0
"320","1","2026043","20260413","20260417","60","1",0,0,0,0,0
"320","1","2026043","20260413","20260417","60","2",0,0,0,0,0
"327","1","2026043","20260413","20260417","11","1",0,0,0,0,0
"327","1","2026043","20260413","20260417","11","2",0,0,0,0,0
"327","1","2026043","20260413","20260417","21","1",0,0,0,0,0
"327","1","2026043","20260413","20260417","21","2",0,0,0,0,0
"327","1","2026043","20260413","20260417","22","1",0,0,0,0,0
"327","1","2026043","20260413","20260417","22","2",0,0,0,0,0
"327","1","2026043","20260413","20260417","23","1",0,0,0,0,0
"327","1","2026043","20260413","20260417","23","2",0,0,0,0,0
"327","1","2026043","20260413","20260417","24","1",0,0,0,0,0
"327","1","2026043","20260413","20260417","24","2",0,0,0,0,0
"327","1","2026043","20260413","20260417","31","1",0,0,0,0,0
"327","1","2026043","20260413","20260417","31","2",0,0,0,0,0
"327","1","2026043","20260413","20260417","32","1",0,0,0,0,0
"327","1","2026043","20260413","20260417","32","2",0,0,0,0,0
"327","1","2026043","20260413","20260417","33","1",0,0,0,0,0
"327","1","2026043","20260413","20260417","33","2",0,0,0,0,0
"327","1","2026043","20260413","20260417","41","1",0,0,0,0,0
"327","1","2026043","20260413","20260417","41","2",0,0,0,0,0
"327","1","2026043","20260413","20260417","51","1",0,0,0,0,0
"327","1","2026043","20260413","20260417","51","2",0,0,0,0,0
"327","1","2026043","20260413","20260417","60","1",0,0,0,0,0
"327","1","2026043","20260413","20260417","60","2",0,0,0,0,0
"328","1","2026043","20260413","20260417","11","1",0,0,0,0,0
"328","1","2026043","20260413","20260417","11","2",0,0,0,0,0
"328","1","2026043","20260413","20260417","21","1",0,0,0,0,0
"328","1","2026043","20260413","20260417","21","2",0,0,0,0,0
"328","1","2026043","20260413","20260417","22","1",0,0,0,0,0
"328","1","2026043","20260413","20260417","22","2",0,0,0,0,0
"328","1","2026043","20260413","20260417","23","1",0,0,0,0,0
"328","1","2026043","20260413","20260417","23","2",0,0,0,0,0
"328","1","2026043","20260413","20260417","24","1",0,0,0,0,0
"328","1","2026043","20260413","20260417","24","2",0,0,0,0,0
"328","1","2026043","20260413","20260417","31","1",0,0,0,0,0
"328","1","2026043","20260413","20260417","31","2",0,0,0,0,0
"328","1","2026043","20260413","20260417","32","1",0,0,0,0,0
"328","1","2026043","20260413","20260417","32","2",0,0,0,0,0
"328","1","2026043","20260413","20260417","33","1",0,0,0,0,0
"328","1","2026043","20260413","20260417","33","2",0,0,0,0,0
"328","1","2026043","20260413","20260417","41","1",0,0,0,0,0
"328","1","2026043","20260413","20260417","41","2",0,0,0,0,0
"328","1","2026043","20260413","20260417","51","1",0,0,0,0,0
"328","1","2026043","20260413","20260417","51","2",0,0,0,0,0
"328","1","2026043","20260413","20260417","60","1",0,0,0,0,0
"328","1","2026043","20260413","20260417","60","2",0,0,0,0,0
"439","1","2026043","20260413","20260417","11","1",1007,0,2007,1000,3014
"439","1","2026043","20260413","20260417","11","2",3007,0,4007,1000,7014
"439","1","2026043","20260413","20260417","21","1",1007,0,2007,1000,3014
"439","1","2026043","20260413","20260417","21","2",3007,0,4007,1000,7014
"439","1","2026043","20260413","20260417","22","1",1008,0,2008,1000,3016
"439","1","2026043","20260413","20260417","22","2",3008,0,4008,1000,7016
"439","1","2026043","20260413","20260417","23","1",1009,0,2009,1000,3018
"439","1","2026043","20260413","20260417","23","2",3009,0,4009,1000,7018
"439","1","2026043","20260413","20260417","24","1",1010,0,2010,1000,3020
"439","1","2026043","20260413","20260417","24","2",3010,0,4010,1000,7020
"439","1","2026043","20260413","20260417","31","1",1011,0,2011,1000,3022
"439","1","2026043","20260413","20260417","31","2",3011,0,4011,1000,7022
"439","1","2026043","20260413","20260417","32","1",1012,0,2012,1000,3024
"439","1","2026043","20260413","20260417","32","2",3012,0,4012,1000,7024
"439","1","2026043","20260413","20260417","33","1",1013,0,2013,1000,3026
"439","1","2026043","20260413","20260417","33","2",3013,0,4013,1000,7026
"439","1","2026043","20260413","20260417","41","1",1014,0,2014,1000,3028
"439","1","2026043","20260413","20260417","41","2",3014,0,4014,1000,7028
"439","1","2026043","20260413","20260417","51","1",1015,0,2015,1000,3030
"439","1","2026043","20260413","20260417","51","2",3015,0,4015,1000,7030
"439","1","2026043","20260413","20260417","60","1",2033,0,4033,2000,6066
"439","1","2026043","20260413","20260417","60","2",6033,0,8033,2000,14066
"440","1","2026043","20260413","20260417","11","1",1010,0,2010,1000,3020
"440","1","2026043","20260413","20260417","11","2",3010,0,4010,1000,7020
"440","1","2026043","20260413","20260417","21","1",1009,0,2009,1000,3018
"440","1","2026043","20260413","20260417","21","2",3009,0,4009,1000,7018
"440","1","2026043","20260413","20260417","22","1",1010,0,2010,1000,3020
"440","1","2026043","20260413","20260417","22","2",3010,0,4010,1000,7020
"440","1","2026043","20260413","20260417","23","1",1011,0,2011,1000,3022
"440","1","2026043","20260413","20260417","23","2",3011,0,4011,1000,7022
"440","1","2026043","20260413","20260417","24","1",1012,0,2012,1000,3024
"440","1","2026043","20260413","20260417","24","2",3012,0,4012,1000,7024
"440","1","2026043","20260413","20260417","31","1",1013,0,2013,1000,3026
"440","1","2026043","20260413","20260417","31","2",3013,0,4013,1000,7026
"440","1","2026043","20260413","20260417","32","1",1014,0,2014,1000,3028
"440","1","2026043","20260413","20260417","32","2",3014,0,4014,1000,7028
"440","1","2026043","20260413","20260417","33","1",1015,0,2015,1000,3030
"440","1","2026043","20260413","20260417","33","2",3015,0,4015,1000,7030
"440","1","2026043","20260413","20260417","41","1",1016,0,2016,1000,3032
"440","1","2026043","20260413","20260417","41","2",3016,0,4016,1000,7032
"440","1","2026043","20260413","20260417","51","1",1017,0,2017,1000,3034
"440","1","2026043","20260413","20260417","51","2",3017,0,4017,1000,7034
"440","1","2026043","20260413","20260417","60","1",2037,0,4037,2000,6074
"440","1","2026043","20260413","20260417","60","2",6037,0,8037,2000,14074
"441","1","2026043","20260413","20260417","11","1",1010,0,2010,1000,3020
"441","1","2026043","20260413","20260417","11","2",3010,0,4010,1000,7020
"441","1","2026043","20260413","20260417","21","1",1008,0,2008,1000,3016
"441","1","2026043","20260413","20260417","21","2",3008,0,4008,1000,7016
"441","1","2026043","20260413","20260417","22","1",1009,0,2009,1000,3018
"441","1","2026043","20260413","20260417","22","2",3009,0,4009,1000,7018
"441","1","2026043","20260413","20260417","23","1",1010,0,2010,1000,3020
"441","1","2026043","20260413","20260417","23","2",3010,0,4010,1000,7020
"441","1","2026043","20260413","20260417","24","1",1011,0,2011,1000,3022
"441","1","2026043","20260413","20260417","24","2",3011,0,4011,1000,7022
"441","1","2026043","20260413","20260417","31","1",1012,0,2012,1000,3024
"441","1","2026043","20260413","20260417","31","2",3012,0,4012,1000,7024
"441","1","2026043","20260413","20260417","32","1",1013,0,2013,1000,3026
"441","1","2026043","20260413","20260417","32","2",3013,0,4013,1000,7026
"441","1","2026043","20260413","20260417","33","1",1014,0,2014,1000,3028
"441","1","2026043","20260413","20260417","33","2",3014,0,4014,1000,7028
"441","1","2026043","20260413","20260417","41","1",1015,0,2015,1000,3030
"441","1","2026043","20260413","20260417","41","2",3015,0,4015,1000,7030
"441","1","2026043","20260413","20260417","51","1",1016,0,2016,1000,3032
"441","1","2026043","20260413","20260417","51","2",3016,0,4016,1000,7032
"441","1","2026043","20260413","20260417","60","1",2035,0,4035,2000,6070
"441","1","2026043","20260413","20260417","60","2",6035,0,8035,2000,14070
"442","1","2026043","20260413","20260417","11","1",1013,0,2013,1000,3026
"442","1","2026043","20260413","20260417","11","2",3013,0,4013,1000,7026
"442","1","2026043","20260413","20260417","21","1",1010,0,2010,1000,3020
"442","1","2026043","20260413","20260417","21","2",3010,0,4010,1000,7020
"442","1","2026043","20260413","20260417","22","1",1011,0,2011,1000,3022
"442","1","2026043","20260413","20260417","22","2",3011,0,4011,1000,7022
"442","1","2026043","20260413","20260417","23","1",1012,0,2012,1000,3024
"442","1","2026043","20260413","20260417","23","2",3012,0,4012,1000,7024
"442","1","2026043","20260413","20260417","24","1",1013,0,2013,1000,3026
"442","1","2026043","20260413","20260417","24","2",3013,0,4013,1000,7026
"442","1","2026043","20260413","20260417","31","1",1014,0,2014,1000,3028
"442","1","2026043","20260413","20260417","31","2",3014,0,4014,1000,7028
"442","1","2026043","20260413","20260417","32","1",1015,0,2015,1000,3030
"442","1","2026043","20260413","20260417","32","2",3015,0,4015,1000,7030
"442","1","2026043","20260413","20260417","33","1",1016,0,2016,1000,3032
"442","1","2026043","20260413","20260417","33","2",3016,0,4016,1000,7032
"442","1","2026043","20260413","20260417","41","1",1017,0,2017,1000,3034
"442","1","2026043","20260413","20260417","41","2",3017,0,4017,1000,7034
"442","1","2026043","20260413","20260417","51","1",1018,0,2018,1000,3036
"442","1","2026043","20260413","20260417","51","2",3018,0,4018,1000,7036
"442","1","2026043","20260413","20260417","60","1",2039,0,4039,2000,6078
"442","1","2026043","20260413","20260417","60","2",6039,0,8039,2000,14078
"321","1","2026043","20260413","20260417","11","1",0,0,0,0,0
"321","1","2026043","20260413","20260417","11","2",0,0,0,0,0
"321","1","2026043","20260413","20260417","21","1",0,0,0,0,0
"321","1","2026043","20260413","20260417","21","2",0,0,0,0,0
"321","1","2026043","20260413","20260417","22","1",0,0,0,0,0
"321","1","2026043","20260413","20260417","22","2",0,0,0,0,0
"321","1","2026043","20260413","20260417","23","1",0,0,0,0,0
"321","1","2026043","20260413","20260417","23","2",0,0,0,0,0
"321","1","2026043","20260413","20260417","24","1",0,0,0,0,0
"321","1","2026043","20260413","20260417","24","2",0,0,0,0,0
"321","1","2026043","20260413","20260417","31","1",0,0,0,0,0
"321","1","2026043","20260413","20260417","31","2",0,0,0,0,0
"321","1","2026043","20260413","20260417","32","1",0,0,0,0,0
"321","1","2026043","20260413","20260417","32","2",0,0,0,0,0
"321","1","2026043","20260413","20260417","33","1",0,0,0,0,0
"321","1","2026043","20260413","20260417","33","2",0,0,0,0,0
"321","1","2026043","20260413","20260417","41","1",0,0,0,0,0
"321","1","2026043","20260413","20260417","41","2",0,0,0,0,0
"321","1","2026043","20260413","20260417","51","1",0,0,0,0,0
"321","1","2026043","20260413","20260417","51","2",0,0,0,0,0
"321","1","2026043","20260413","20260417","60","1",0,0,0,0,0
"321","1","2026043","20260413","20260417","60","2",0,0,0,0,0
"322","1","2026043","20260413","20260417","11","1",0,0,0,0,0
"322","1","2026043","20260413","20260417","11","2",0,0,0,0,0
"322","1","2026043","20260413","20260417","21","1",0,0,0,0,0
"322","1","2026043","20260413","20260417","21","2",0,0,0,0,0
"322","1","2026043","20260413","20260417","22","1",0,0,0,0,0
"322","1","2026043","20260413","20260417","22","2",0,0,0,0,0
"322","1","2026043","20260413","20260417","23","1",0,0,0,0,0
"322","1","2026043","20260413","20260417","23","2",0,0,0,0,0
"322","1","2026043","20260413","20260417","24","1",0,0,0,0,0
"322","1","2026043","20260413","20260417","24","2",0,0,0,0,0
"322","1","2026043","20260413","20260417","31","1",0,0,0,0,0
"322","1","2026043","20260413","20260417","31","2",0,0,0,0,0
"322","1","2026043","20260413","20260417","32","1",0,0,0,0,0
"322","1","2026043","20260413","20260417","32","2",0,0,0,0,0
"322","1","2026043","20260413","20260417","33","1",0,0,0,0,0
"322","1","2026043","20260413","20260417","33","2",0,0,0,0,0
"322","1","2026043","20260413","20260417","41","1",0,0,0,0,0
"322","1","2026043","20260413","20260417","41","2",0,0,0,0,0
"322","1","2026043","20260413","20260417","51","1",0,0,0,0,0
"322","1","2026043","20260413","20260417","51","2",0,0,0,0,0
"322","1","2026043","20260413","20260417","60","1",0,0,0,0,0
"322","1","2026043","20260413","20260417","60","2",0,0,0,0,0
"307","1","2026043","20260413","20260417","11","1",0,0,0,0,0
"307","1","2026043","20260413","20260417","11","2",0,0,0,0,0
"307","1","2026043","20260413","20260417","21","1",0,0,0,0,0
"307","1","2026043","20260413","20260417","21","2",0,0,0,0,0
"307","1","2026043","20260413","20260417","22","1",0,0,0,0,0
"307","1","2026043","20260413","20260417","22","2",0,0,0,0,0
"307","1","2026043","20260413","20260417","23","1",0,0,0,0,0
"307","1","2026043","20260413","20260417","23","2",0,0,0,0,0
"307","1","2026043","20260413","20260417","24","1",0,0,0,0,0
"307","1","2026043","20260413","20260417","24","2",0,0,0,0,0
"307","1","2026043","20260413","20260417","31","1",0,0,0,0,0
"307","1","2026043","20260413","20260417","31","2",0,0,0,0,0
"307","1","2026043","20260413","20260417","32","1",0,0,0,0,0
"307","1","2026043","20260413","20260417","32","2",0,0,0,0,0
"307","1","2026043","20260413","20260417","33","1",0,0,0,0,0
"307","1","2026043","20260413","20260417","33","2",0,0,0,0,0
"307","1","2026043","20260413","20260417","41","1",0,0,0,0,0
"307","1","2026043","20260413","20260417","41","2",0,0,0,0,0
"307","1","2026043","20260413","20260417","51","1",0,0,0,0,0
"307","1","2026043","20260413","20260417","51","2",0,0,0,0,0
"307","1","2026043","20260413","20260417","60","1",0,0,0,0,0
"307","1","2026043","20260413","20260417","60","2",0,0,0,0,0
"308","1","2026043","20260413","20260417","11","1",0,0,0,0,0
"308","1","2026043","20260413","20260417","11","2",0,0,0,0,0
"308","1","2026043","20260413","20260417","21","1",0,0,0,0,0
"308","1","2026043","20260413","20260417","21","2",0,0,0,0,0
"308","1","2026043","20260413","20260417","22","1",0,0,0,0,0
"308","1","2026043","20260413","20260417","22","2",0,0,0,0,0
"308","1","2026043","20260413","20260417","23","1",0,0,0,0,0
"308","1","2026043","20260413","20260417","23","2",0,0,0,0,0
"308","1","2026043","20260413","20260417","24","1",0,0,0,0,0
"308","1","2026043","20260413","20260417","24","2",0,0,0,0,0
"308","1","2026043","20260413","20260417","31","1",0,0,0,0,0
"308","1","2026043","20260413","20260417","31","2",0,0,0,0,0
"308","1","2026043","20260413","20260417","32","1",0,0,0,0,0
"308","1","2026043","20260413","20260417","32","2",0,0,0,0,0
"308","1","2026043","20260413","20260417","33","1",0,0,0,0,0
"308","1","2026043","20260413","20260417","33","2",0,0,0,0,0
"308","1","2026043","20260413","20260417","41","1",0,0,0,0,0
"308","1","2026043","20260413","20260417","41","2",0,0,0,0,0
"308","1","2026043","20260413","20260417","51","1",0,0,0,0,0
"308","1","2026043","20260413","20260417","51","2",0,0,0,0,0
"308","1","2026043","20260413","20260417","60","1",0,0,0,0,0
"308","1","2026043","20260413","20260417","60","2",0,0,0,0,0
"413","1","2026043","20260413","20260417","11","1",0,0,0,0,0
"413","1","2026043","20260413","20260417","11","2",0,0,0,0,0
"413","1","2026043","20260413","20260417","21","1",0,0,0,0,0
"413","1","2026043","20260413","20260417","21","2",0,0,0,0,0
"413","1","2026043","20260413","20260417","22","1",0,0,0,0,0
"413","1","2026043","20260413","20260417","22","2",0,0,0,0,0
"413","1","2026043","20260413","20260417","23","1",0,0,0,0,0
"413","1","2026043","20260413","20260417","23","2",0,0,0,0,0
"413","1","2026043","20260413","20260417","24","1",0,0,0,0,0
"413","1","2026043","20260413","20260417","24","2",0,0,0,0,0
"413","1","2026043","20260413","20260417","31","1",0,0,0,0,0
"413","1","2026043","20260413","20260417","31","2",0,0,0,0,0
"413","1","2026043","20260413","20260417","32","1",0,0,0,0,0
"413","1","2026043","20260413","20260417","32","2",0,0,0,0,0
"413","1","2026043","20260413","20260417","33","1",0,0,0,0,0
"413","1","2026043","20260413","20260417","33","2",0,0,0,0,0
"413","1","2026043","20260413","20260417","41","1",0,0,0,0,0
"413","1","2026043","20260413","20260417","41","2",0,0,0,0,0
"413","1","2026043","20260413","20260417","51","1",0,0,0,0,0
"413","1","2026043","20260413","20260417","51","2",0,0,0,0,0
"413","1","2026043","20260413","20260417","60","1",0,0,0,0,0
"413","1","2026043","20260413","20260417","60","2",0,0,0,0,0
"414","1","2026043","20260413","20260417","11","1",0,0,0,0,0
"414","1","2026043","20260413","20260417","11","2",0,0,0,0,0
"414","1","2026043","20260413","20260417","21","1",0,0,0,0,0
"414","1","2026043","20260413","20260417","21","2",0,0,0,0,0
"414","1","2026043","20260413","20260417","22","1",0,0,0,0,0
"414","1","2026043","20260413","20260417","22","2",0,0,0,0,0
"414","1","2026043","20260413","20260417","23","1",0,0,0,0,0
"414","1","2026043","20260413","20260417","23","2",0,0,0,0,0
"414","1","2026043","20260413","20260417","24","1",0,0,0,0,0
"414","1","2026043","20260413","20260417","24","2",0,0,0,0,0
"414","1","2026043","20260413","20260417","31","1",0,0,0,0,0
"414","1","2026043","20260413","20260417","31","2",0,0,0,0,0
"414","1","2026043","20260413","20260417","32","1",0,0,0,0,0
"414","1","2026043","20260413","20260417","32","2",0,0,0,0,0
"414","1","2026043","20260413","20260417","33","1",0,0,0,0,0
"414","1","2026043","20260413","20260417","33","2",0,0,0,0,0
"414","1","2026043","20260413","20260417","41","1",0,0,0,0,0
"414","1","2026043","20260413","20260417","41","2",0,0,0,0,0
"414","1","2026043","20260413","20260417","51","1",0,0,0,0,0
"414","1","2026043","20260413","20260417","51","2",0,0,0,0,0
"414","1","2026043","20260413","20260417","60","1",0,0,0,0,0
"414","1","2026043","20260413","20260417","60","2",0,0,0,0,0
