"帳票種別 Product type","サイクル区分 Cycle","年月週 Year, Month, Week","報告年月日（自）Period covered - from","報告年月日（至）Period covered - to","投資部門コード Type of Investor","数量金額区分 Volume/Value","売 Sales","売-差引 Balance","買 Purchases","買-差引 Balance","合計 Total"
"301","1","2026083","20260817","20260821","11","1",15536,0,19221,3685,34757
"301","1","2026083","20260817","20260821","11","2",1039411569850,0,1282369994452,242958424602,2321781564302
"301","1","2026083","20260817","20260821","21","1",3,-3,0,0,3
"301","1","2026083","20260817","20260821","21","2",201400000,-201400000,0,0,201400000
"301","1","2026083","20260817","20260821","22","1",2299,-1639,660,0,2959
"301","1","2026083","20260817","20260821","22","2",151198230000,-106913930000,44284300000,0,195482530000
"301","1","2026083","20260817","20260821","23","1",5695,0,5709,14,11404
"301","1","2026083","20260817","20260821","23","2",381052473230,-1153296420,379899176810,0,760951650040
"301","1","2026083","20260817","20260821","24","1",21,0,50,29,71
"301","1","2026083","20260817","20260821","24","2",1402700000,0,3362330000,1959630000,4765030000
"301","1","2026083","20260817","20260821","31","1",1826,-714,1112,0,2938
"301","1","2026083","20260817","20260821","31","2",121691008540,-47681652450,74009356090,0,195700364630
"301","1","2026083","20260817","20260821","32","1",1063,0,1281,218,2344
"301","1","2026083","20260817","20260821","32","2",70378600800,0,84546992000,14168391200,154925592800
"301","1","2026083","20260817","20260821","33","1",125,0,198,73,323
"301","1","2026083","20260817","20260821","33","2",8404272100,0,13193108800,4788836700,21597380900
"301","1","2026083","20260817","20260821","41","1",7,0,13,6,20
"301","1","2026083","20260817","20260821","41","2",475500000,0,891110000,415610000,1366610000
"301","1","2026083","20260817","20260821","51","1",15327,-41,15286,0,30613
"301","1","2026083","20260817","20260821","51","2",1021879255000,-655021400,1021224233600,0,2043103488600
"301","1","2026083","20260817","20260821","60","1",129006,-194,128812,0,257818
"301","1","2026083","20260817","20260821","60","2",8612029401590,-10994294930,8601035106660,0,17213064508250
"313","1","2026083","20260817","20260821","11","1",28117,0,32623,4506,60740
"313","1","2026083","20260817","20260821","11","2",187393759300,0,217835646092,30441886792,405229405392
"313","1","2026083","20260817","20260821","21","1",0,0,0,0,0
"313","1","2026083","20260817","20260821","21","2",0,0,0,0,0
"313","1","2026083","20260817","20260821","22","1",0,0,0,0,0
"313","1","2026083","20260817","20260821","22","2",0,0,0,0,0
"313","1","2026083","20260817","20260821","23","1",360,-213,147,0,507
"313","1","2026083","20260817","20260821","23","2",2405626874,-1427585124,978041750,0,3383668624
"313","1","2026083","20260817","20260821","24","1",0,0,0,0,0
"313","1","2026083","20260817","20260821","24","2",0,0,0,0,0
"313","1","2026083","20260817","20260821","31","1",424,-102,322,0,746
"313","1","2026083","20260817","20260821","31","2",2825002568,-659449518,2165553050,0,4990555618
"313","1","2026083","20260817","20260821","32","1",15980,0,16921,941,32901
"313","1","2026083","20260817","20260821","32","2",106887714440,0,113257314670,6369600230,220145029110
"313","1","2026083","20260817","20260821","33","1",1334,0,1369,35,2703
"313","1","2026083","20260817","20260821","33","2",8956616520,0,9205005110,248388590,18161621630
"313","1","2026083","20260817","20260821","41","1",93,-49,44,0,137
"313","1","2026083","20260817","20260821","41","2",619426500,-328810500,290616000,0,910042500
"313","1","2026083","20260817","20260821","51","1",512420,0,524118,11698,1036538
"313","1","2026083","20260817","20260821","51","2",3426460332230,0,3505390323660,78929991430,6931850655890
"313","1","2026083","20260817","20260821","60","1",1971648,-16052,1955596,0,3927244
"313","1","2026083","20260817","20260821","60","2",13171243843427,-108183044750,13063060798677,0,26234304642104
"331","1","2026083","20260817","20260821","11","1",0,0,0,0,0
"331","1","2026083","20260817","20260821","11","2",0,0,0,0,0
"331","1","2026083","20260817","20260821","21","1",0,0,0,0,0
"331","1","2026083","20260817","20260821","21","2",0,0,0,0,0
"331","1","2026083","20260817","20260821","22","1",0,0,0,0,0
"331","1","2026083","20260817","20260821","22","2",0,0,0,0,0
"331","1","2026083","20260817","20260821","23","1",0,0,0,0,0
"331","1","2026083","20260817","20260821","23","2",0,0,0,0,0
"331","1","2026083","20260817","20260821","24","1",0,0,0,0,0
"331","1","2026083","20260817","20260821","24","2",0,0,0,0,0
"331","1","2026083","20260817","20260821","31","1",0,0,0,0,0
"331","1","2026083","20260817","20260821","31","2",0,0,0,0,0
"331","1","2026083","20260817","20260821","32","1",6746,0,7432,686,14178
"331","1","2026083","20260817","20260821","32","2",4515843000,0,4976300750,460457750,9492143750
"331","1","2026083","20260817","20260821","33","1",2759,0,2812,53,5571
"331","1","2026083","20260817","20260821","33","2",1836537750,0,1871750900,35213150,3708288650
"331","1","2026083","20260817","20260821","41","1",0,0,0,0,0
"331","1","2026083","20260817","20260821","41","2",0,0,0,0,0
"331","1","2026083","20260817","20260821","51","1",1144099,0,1168687,24588,2312786
"331","1","2026083","20260817","20260821","51","2",765530538850,0,782109343600,16578804750,1547639882450
"331","1","2026083","20260817","20260821","60","1",2510052,-27096,2482956,0,4993008
"331","1","2026083","20260817","20260821","60","2",1678149815150,-18217551350,1659932263800,0,3338082078950
"314","1","2026083","20260817","20260821","11","1",25524,-6321,19203,0,44727
"314","1","2026083","20260817","20260821","11","2",1042951001162,-260558184600,782392816562,0,1825343817724
"314","1","2026083","20260817","20260821","21","1",113,-90,23,0,136
"314","1","2026083","20260817","20260821","21","2",4736000000,-3805910000,930090000,0,5666090000
"314","1","2026083","20260817","20260821","22","1",2241,-2187,54,0,2295
"314","1","2026083","20260817","20260821","22","2",90462505000,-88273235000,2189270000,0,92651775000
"314","1","2026083","20260817","20260821","23","1",7278,0,8891,1613,16169
"314","1","2026083","20260817","20260821","23","2",297377784800,0,363157397200,65779612400,660535182000
"314","1","2026083","20260817","20260821","24","1",0,0,50,50,50
"314","1","2026083","20260817","20260821","24","2",0,0,2086400000,2086400000,2086400000
"314","1","2026083","20260817","20260821","31","1",3632,-2405,1227,0,4859
"314","1","2026083","20260817","20260821","31","2",148180919600,-98035487200,50145432400,0,198326352000
"314","1","2026083","20260817","20260821","32","1",309,-53,256,0,565
"314","1","2026083","20260817","20260821","32","2",12651840000,-2160436000,10491404000,0,23143244000
"314","1","2026083","20260817","20260821","33","1",32,0,37,5,69
"314","1","2026083","20260817","20260821","33","2",1309881000,0,1514635000,204754000,2824516000
"314","1","2026083","20260817","20260821","41","1",0,0,0,0,0
"314","1","2026083","20260817","20260821","41","2",0,0,0,0,0
"314","1","2026083","20260817","20260821","51","1",2475,0,3041,566,5516
"314","1","2026083","20260817","20260821","51","2",101253577000,0,124764552000,23510975000,226018129000
"314","1","2026083","20260817","20260821","60","1",220436,0,229499,9063,449935
"314","1","2026083","20260817","20260821","60","2",9020891942900,0,9391895133300,371003190400,18412787076200
"316","1","2026083","20260817","20260821","11","1",2258,-514,1744,0,4002
"316","1","2026083","20260817","20260821","11","2",9232092160,-2115361600,7116730560,0,16348822720
"316","1","2026083","20260817","20260821","21","1",0,0,0,0,0
"316","1","2026083","20260817","20260821","21","2",0,0,0,0,0
"316","1","2026083","20260817","20260821","22","1",0,0,0,0,0
"316","1","2026083","20260817","20260821","22","2",0,0,0,0,0
"316","1","2026083","20260817","20260821","23","1",396,-217,179,0,575
"316","1","2026083","20260817","20260821","23","2",1642025940,-908142180,733883760,0,2375909700
"316","1","2026083","20260817","20260821","24","1",0,0,0,0,0
"316","1","2026083","20260817","20260821","24","2",0,0,0,0,0
"316","1","2026083","20260817","20260821","31","1",233,0,354,121,587
"316","1","2026083","20260817","20260821","31","2",953569870,0,1444475900,490906030,2398045770
"316","1","2026083","20260817","20260821","32","1",130,0,150,20,280
"316","1","2026083","20260817","20260821","32","2",535126500,0,615855200,80728700,1150981700
"316","1","2026083","20260817","20260821","33","1",123,0,162,39,285
"316","1","2026083","20260817","20260821","33","2",504898700,0,661288650,156389950,1166187350
"316","1","2026083","20260817","20260821","41","1",0,0,0,0,0
"316","1","2026083","20260817","20260821","41","2",0,0,0,0,0
"316","1","2026083","20260817","20260821","51","1",8076,0,8895,819,16971
"316","1","2026083","20260817","20260821","51","2",33125729900,0,36473440050,3347710150,69599169950
"316","1","2026083","20260817","20260821","60","1",76598,-79,76519,0,153117
"316","1","2026083","20260817","20260821","60","2",313633682300,-278695200,313354987100,0,626988669400
"335","1","2026083","20260817","20260821","11","1",0,0,0,0,0
"335","1","2026083","20260817","20260821","11","2",0,0,0,0,0
"335","1","2026083","20260817","20260821","21","1",0,0,0,0,0
"335","1","2026083","20260817","20260821","21","2",0,0,0,0,0
"335","1","2026083","20260817","20260821","22","1",0,0,0,0,0
"335","1","2026083","20260817","20260821","22","2",0,0,0,0,0
"335","1","2026083","20260817","20260821","23","1",0,0,0,0,0
"335","1","2026083","20260817","20260821","23","2",0,0,0,0,0
"335","1","2026083","20260817","20260821","24","1",0,0,0,0,0
"335","1","2026083","20260817","20260821","24","2",0,0,0,0,0
"335","1","2026083","20260817","20260821","31","1",0,0,0,0,0
"335","1","2026083","20260817","20260821","31","2",0,0,0,0,0
"335","1","2026083","20260817","20260821","32","1",0,0,0,0,0
"335","1","2026083","20260817","20260821","32","2",0,0,0,0,0
"335","1","2026083","20260817","20260821","33","1",0,0,0,0,0
"335","1","2026083","20260817","20260821","33","2",0,0,0,0,0
"335","1","2026083","20260817","20260821","41","1",0,0,0,0,0
"335","1","2026083","20260817","20260821","41","2",0,0,0,0,0
"335","1","2026083","20260817","20260821","51","1",0,0,0,0,0
"335","1","2026083","20260817","20260821","51","2",0,0,0,0,0
"335","1","2026083","20260817","20260821","60","1",0,0,0,0,0
"335","1","2026083","20260817","20260821","60","2",0,0,0,0,0
"323","1","2026083","20260817","20260821","11","1",1226,0,1877,651,3103
"323","1","2026083","20260817","20260821","11","2",4549180202,0,6898795146,2349614944,11447975348
"323","1","2026083","20260817","20260821","21","1",0,0,0,0,0
"323","1","2026083","20260817","20260821","21","2",0,0,0,0,0
"323","1","2026083","20260817","20260821","22","1",0,0,0,0,0
"323","1","2026083","20260817","20260821","22","2",0,0,0,0,0
"323","1","2026083","20260817","20260821","23","1",76,-20,56,0,132
"323","1","2026083","20260817","20260821","23","2",278923646,-71346146,207577500,0,486501146
"323","1","2026083","20260817","20260821","24","1",0,0,0,0,0
"323","1","2026083","20260817","20260821","24","2",0,0,0,0,0
"323","1","2026083","20260817","20260821","31","1",44,0,130,86,174
"323","1","2026083","20260817","20260821","31","2",162171000,0,489009702,326838702,651180702
"323","1","2026083","20260817","20260821","32","1",0,0,1,1,1
"323","1","2026083","20260817","20260821","32","2",0,0,3699000,3699000,3699000
"323","1","2026083","20260817","20260821","33","1",0,0,0,0,0
"323","1","2026083","20260817","20260821","33","2",0,0,0,0,0
"323","1","2026083","20260817","20260821","41","1",0,0,0,0,0
"323","1","2026083","20260817","20260821","41","2",0,0,0,0,0
"323","1","2026083","20260817","20260821","51","1",782,-86,696,0,1478
"323","1","2026083","20260817","20260821","51","2",2873378050,-310639080,2562738970,0,5436117020
"323","1","2026083","20260817","20260821","60","1",9973,-801,9172,0,19145
"323","1","2026083","20260817","20260821","60","2",36884008000,-2958935000,33925073000,0,70809081000
"449","1","2026083","20260817","20260821","11","1",218,-218,0,0,218
"449","1","2026083","20260817","20260821","11","2",1588675000,-1588675000,0,0,1588675000
"449","1","2026083","20260817","20260821","21","1",0,0,0,0,0
"449","1","2026083","20260817","20260821","21","2",0,0,0,0,0
"449","1","2026083","20260817","20260821","22","1",0,0,0,0,0
"449","1","2026083","20260817","20260821","22","2",0,0,0,0,0
"449","1","2026083","20260817","20260821","23","1",0,0,0,0,0
"449","1","2026083","20260817","20260821","23","2",0,0,0,0,0
"449","1","2026083","20260817","20260821","24","1",0,0,0,0,0
"449","1","2026083","20260817","20260821","24","2",0,0,0,0,0
"449","1","2026083","20260817","20260821","31","1",0,0,0,0,0
"449","1","2026083","20260817","20260821","31","2",0,0,0,0,0
"449","1","2026083","20260817","20260821","32","1",0,0,0,0,0
"449","1","2026083","20260817","20260821","32","2",0,0,0,0,0
"449","1","2026083","20260817","20260821","33","1",0,0,0,0,0
"449","1","2026083","20260817","20260821","33","2",0,0,0,0,0
"449","1","2026083","20260817","20260821","41","1",0,0,0,0,0
"449","1","2026083","20260817","20260821","41","2",0,0,0,0,0
"449","1","2026083","20260817","20260821","51","1",0,0,0,0,0
"449","1","2026083","20260817","20260821","51","2",0,0,0,0,0
"449","1","2026083","20260817","20260821","60","1",388,0,606,218,994
"449","1","2026083","20260817","20260821","60","2",2873039000,0,4461714000,1588675000,7334753000
"329","1","2026083","20260817","20260821","11","1",576,0,1731,1155,2307
"329","1","2026083","20260817","20260821","11","2",1035970940,0,3110318160,2074347220,4146289100
"329","1","2026083","20260817","20260821","21","1",0,0,0,0,0
"329","1","2026083","20260817","20260821","21","2",0,0,0,0,0
"329","1","2026083","20260817","20260821","22","1",0,0,0,0,0
"329","1","2026083","20260817","20260821","22","2",0,0,0,0,0
"329","1","2026083","20260817","20260821","23","1",764,-673,91,0,855
"329","1","2026083","20260817","20260821","23","2",1374177860,-1210459960,163717900,0,1537895760
"329","1","2026083","20260817","20260821","24","1",0,0,0,0,0
"329","1","2026083","20260817","20260821","24","2",0,0,0,0,0
"329","1","2026083","20260817","20260821","31","1",687,-287,400,0,1087
"329","1","2026083","20260817","20260821","31","2",1233946530,-515034260,718912270,0,1952858800
"329","1","2026083","20260817","20260821","32","1",0,0,0,0,0
"329","1","2026083","20260817","20260821","32","2",0,0,0,0,0
"329","1","2026083","20260817","20260821","33","1",0,0,0,0,0
"329","1","2026083","20260817","20260821","33","2",0,0,0,0,0
"329","1","2026083","20260817","20260821","41","1",0,0,0,0,0
"329","1","2026083","20260817","20260821","41","2",0,0,0,0,0
"329","1","2026083","20260817","20260821","51","1",94,0,107,13,201
"329","1","2026083","20260817","20260821","51","2",168130500,0,191723000,23592500,359853500
"329","1","2026083","20260817","20260821","60","1",452,-210,242,0,694
"329","1","2026083","20260817","20260821","60","2",810325500,-376075500,434250000,0,1244575500
"312","1","2026083","20260817","20260821","11","1",0,0,0,0,0
"312","1","2026083","20260817","20260821","11","2",0,0,0,0,0
"312","1","2026083","20260817","20260821","21","1",0,0,0,0,0
"312","1","2026083","20260817","20260821","21","2",0,0,0,0,0
"312","1","2026083","20260817","20260821","22","1",0,0,0,0,0
"312","1","2026083","20260817","20260821","22","2",0,0,0,0,0
"312","1","2026083","20260817","20260821","23","1",0,0,0,0,0
"312","1","2026083","20260817","20260821","23","2",0,0,0,0,0
"312","1","2026083","20260817","20260821","24","1",0,0,0,0,0
"312","1","2026083","20260817","20260821","24","2",0,0,0,0,0
"312","1","2026083","20260817","20260821","31","1",0,0,0,0,0
"312","1","2026083","20260817","20260821","31","2",0,0,0,0,0
"312","1","2026083","20260817","20260821","32","1",0,0,0,0,0
"312","1","2026083","20260817","20260821","32","2",0,0,0,0,0
"312","1","2026083","20260817","20260821","33","1",0,0,0,0,0
"312","1","2026083","20260817","20260821","33","2",0,0,0,0,0
"312","1","2026083","20260817","20260821","41","1",0,0,0,0,0
"312","1","2026083","20260817","20260821","41","2",0,0,0,0,0
"312","1","2026083","20260817","20260821","51","1",0,0,0,0,0
"312","1","2026083","20260817","20260821","51","2",0,0,0,0,0
"312","1","2026083","20260817","20260821","60","1",0,0,0,0,0
"312","1","2026083","20260817","20260821","60","2",0,0,0,0,0
"324","1","2026083","20260817","20260821","11","1",539,0,1265,726,1804
"324","1","2026083","20260817","20260821","11","2",408167660,0,959337560,551169900,1367505220
"324","1","2026083","20260817","20260821","21","1",0,0,0,0,0
"324","1","2026083","20260817","20260821","21","2",0,0,0,0,0
"324","1","2026083","20260817","20260821","22","1",0,0,0,0,0
"324","1","2026083","20260817","20260821","22","2",0,0,0,0,0
"324","1","2026083","20260817","20260821","23","1",751,-701,50,0,801
"324","1","2026083","20260817","20260821","23","2",570841560,-532475900,38365660,0,609207220
"324","1","2026083","20260817","20260821","24","1",0,0,0,0,0
"324","1","2026083","20260817","20260821","24","2",0,0,0,0,0
"324","1","2026083","20260817","20260821","31","1",0,0,70,70,70
"324","1","2026083","20260817","20260821","31","2",0,0,52920000,52920000,52920000
"324","1","2026083","20260817","20260821","32","1",151,0,345,194,496
"324","1","2026083","20260817","20260821","32","2",113854000,0,260289000,146435000,374143000
"324","1","2026083","20260817","20260821","33","1",116,-60,56,0,172
"324","1","2026083","20260817","20260821","33","2",87519100,-45255100,42264000,0,129783100
"324","1","2026083","20260817","20260821","41","1",0,0,0,0,0
"324","1","2026083","20260817","20260821","41","2",0,0,0,0,0
"324","1","2026083","20260817","20260821","51","1",6042,-556,5486,0,11528
"324","1","2026083","20260817","20260821","51","2",4539502800,-417946900,4121555900,0,8661058700
"324","1","2026083","20260817","20260821","60","1",6700,0,7001,301,13701
"324","1","2026083","20260817","20260821","60","2",5043256000,0,5269009000,225753000,10312265000
"309","1","2026083","20260817","20260821","11","1",0,0,0,0,0
"309","1","2026083","20260817","20260821","11","2",0,0,0,0,0
"309","1","2026083","20260817","20260821","21","1",0,0,0,0,0
"309","1","2026083","20260817","20260821","21","2",0,0,0,0,0
"309","1","2026083","20260817","20260821","22","1",0,0,0,0,0
"309","1","2026083","20260817","20260821","22","2",0,0,0,0,0
"309","1","2026083","20260817","20260821","23","1",0,0,0,0,0
"309","1","2026083","20260817","20260821","23","2",0,0,0,0,0
"309","1","2026083","20260817","20260821","24","1",0,0,0,0,0
"309","1","2026083","20260817","20260821","24","2",0,0,0,0,0
"309","1","2026083","20260817","20260821","31","1",0,0,0,0,0
"309","1","2026083","20260817","20260821","31","2",0,0,0,0,0
"309","1","2026083","20260817","20260821","32","1",192,-189,3,0,195
"309","1","2026083","20260817","20260821","32","2",1025179700,-1009250200,15929500,0,1041109200
"309","1","2026083","20260817","20260821","33","1",0,0,0,0,0
"309","1","2026083","20260817","20260821","33","2",0,0,0,0,0
"309","1","2026083","20260817","20260821","41","1",0,0,0,0,0
"309","1","2026083","20260817","20260821","41","2",0,0,0,0,0
"309","1","2026083","20260817","20260821","51","1",272,0,377,105,649
"309","1","2026083","20260817","20260821","51","2",1454705410,0,2016230880,561525470,3470936290
"309","1","2026083","20260817","20260821","60","1",802,0,839,37,1641
"309","1","2026083","20260817","20260821","60","2",4289248900,0,4487632900,198384000,8776881800
"325","1","2026083","20260817","20260821","11","1",0,0,0,0,0
"325","1","2026083","20260817","20260821","11","2",0,0,0,0,0
"325","1","2026083","20260817","20260821","21","1",0,0,0,0,0
"325","1","2026083","20260817","20260821","21","2",0,0,0,0,0
"325","1","2026083","20260817","20260821","22","1",0,0,0,0,0
"325","1","2026083","20260817","20260821","22","2",0,0,0,0,0
"325","1","2026083","20260817","20260821","23","1",0,0,0,0,0
"325","1","2026083","20260817","20260821","23","2",0,0,0,0,0
"325","1","2026083","20260817","20260821","24","1",0,0,0,0,0
"325","1","2026083","20260817","20260821","24","2",0,0,0,0,0
"325","1","2026083","20260817","20260821","31","1",0,0,0,0,0
"325","1","2026083","20260817","20260821","31","2",0,0,0,0,0
"325","1","2026083","20260817","20260821","32","1",0,0,0,0,0
"325","1","2026083","20260817","20260821","32","2",0,0,0,0,0
"325","1","2026083","20260817","20260821","33","1",0,0,0,0,0
"325","1","2026083","20260817","20260821","33","2",0,0,0,0,0
"325","1","2026083","20260817","20260821","41","1",0,0,0,0,0
"325","1","2026083","20260817","20260821","41","2",0,0,0,0,0
"325","1","2026083","20260817","20260821","51","1",0,0,0,0,0
"325","1","2026083","20260817","20260821","51","2",0,0,0,0,0
"325","1","2026083","20260817","20260821","60","1",0,0,0,0,0
"325","1","2026083","20260817","20260821","60","2",0,0,0,0,0
"326","1","2026083","20260817","20260821","11","1",0,0,0,0,0
"326","1","2026083","20260817","20260821","11","2",0,0,0,0,0
"326","1","2026083","20260817","20260821","21","1",0,0,0,0,0
"326","1","2026083","20260817","20260821","21","2",0,0,0,0,0
"326","1","2026083","20260817","20260821","22","1",0,0,0,0,0
"326","1","2026083","20260817","20260821","22","2",0,0,0,0,0
"326","1","2026083","20260817","20260821","23","1",0,0,0,0,0
"326","1","2026083","20260817","20260821","23","2",0,0,0,0,0
"326","1","2026083","20260817","20260821","24","1",0,0,0,0,0
"326","1","2026083","20260817","20260821","24","2",0,0,0,0,0
"326","1","2026083","20260817","20260821","31","1",0,0,0,0,0
"326","1","2026083","20260817","20260821","31","2",0,0,0,0,0
"326","1","2026083","20260817","20260821","32","1",0,0,0,0,0
"326","1","2026083","20260817","20260821","32","2",0,0,0,0,0
"326","1","2026083","20260817","20260821","33","1",0,0,0,0,0
"326","1","2026083","20260817","20260821","33","2",0,0,0,0,0
"326","1","2026083","20260817","20260821","41","1",0,0,0,0,0
"326","1","2026083","20260817","20260821","41","2",0,0,0,0,0
"326","1","2026083","20260817","20260821","51","1",0,0,0,0,0
"326","1","2026083","20260817","20260821","51","2",0,0,0,0,0
"326","1","2026083","20260817","20260821","60","1",0,0,0,0,0
"326","1","2026083","20260817","20260821","60","2",0,0,0,0,0
"315","1","2026083","20260817","20260821","11","1",0,0,0,0,0
"315","1","2026083","20260817","20260821","11","2",0,0,0,0,0
"315","1","2026083","20260817","20260821","21","1",0,0,0,0,0
"315","1","2026083","20260817","20260821","21","2",0,0,0,0,0
"315","1","2026083","20260817","20260821","22","1",0,0,0,0,0
"315","1","2026083","20260817","20260821","22","2",0,0,0,0,0
"315","1","2026083","20260817","20260821","23","1",0,0,0,0,0
"315","1","2026083","20260817","20260821","23","2",0,0,0,0,0
"315","1","2026083","20260817","20260821","24","1",0,0,0,0,0
"315","1","2026083","20260817","20260821","24","2",0,0,0,0,0
"315","1","2026083","20260817","20260821","31","1",0,0,0,0,0
"315","1","2026083","20260817","20260821","31","2",0,0,0,0,0
"315","1","2026083","20260817","20260821","32","1",0,0,10,10,10
"315","1","2026083","20260817","20260821","32","2",0,0,3370000,3370000,3370000
"315","1","2026083","20260817","20260821","33","1",0,0,0,0,0
"315","1","2026083","20260817","20260821","33","2",0,0,0,0,0
"315","1","2026083","20260817","20260821","41","1",0,0,0,0,0
"315","1","2026083","20260817","20260821","41","2",0,0,0,0,0
"315","1","2026083","20260817","20260821","51","1",42,0,51,9,93
"315","1","2026083","20260817","20260821","51","2",15209000,0,17349000,2140000,32558000
"315","1","2026083","20260817","20260821","60","1",77,-34,43,0,120
"315","1","2026083","20260817","20260821","60","2",26220500,-10747500,15473000,0,41693500
"436","1","2026083","20260817","20260821","11","1",0,0,0,0,0
"436","1","2026083","20260817","20260821","11","2",0,0,0,0,0
"436","1","2026083","20260817","20260821","21","1",0,0,0,0,0
"436","1","2026083","20260817","20260821","21","2",0,0,0,0,0
"436","1","2026083","20260817","20260821","22","1",0,0,0,0,0
"436","1","2026083","20260817","20260821","22","2",0,0,0,0,0
"436","1","2026083","20260817","20260821","23","1",0,0,0,0,0
"436","1","2026083","20260817","20260821","23","2",0,0,0,0,0
"436","1","2026083","20260817","20260821","24","1",0,0,0,0,0
"436","1","2026083","20260817","20260821","24","2",0,0,0,0,0
"436","1","2026083","20260817","20260821","31","1",0,0,0,0,0
"436","1","2026083","20260817","20260821","31","2",0,0,0,0,0
"436","1","2026083","20260817","20260821","32","1",0,0,0,0,0
"436","1","2026083","20260817","20260821","32","2",0,0,0,0,0
"436","1","2026083","20260817","20260821","33","1",0,0,0,0,0
"436","1","2026083","20260817","20260821","33","2",0,0,0,0,0
"436","1","2026083","20260817","20260821","41","1",0,0,0,0,0
"436","1","2026083","20260817","20260821","41","2",0,0,0,0,0
"436","1","2026083","20260817","20260821","51","1",0,0,0,0,0
"436","1","2026083","20260817","20260821","51","2",0,0,0,0,0
"436","1","2026083","20260817","20260821","60","1",88,-5,83,0,171
"436","1","2026083","20260817","20260821","60","2",139473800,-7990200,131483600,0,270957400
"437","1","2026083","20260817","20260821","11","1",0,0,0,0,0
"437","1","2026083","20260817","20260821","11","2",0,0,0,0,0
"437","1","2026083","20260817","20260821","21","1",0,0,0,0,0
"437","1","2026083","20260817","20260821","21","2",0,0,0,0,0
"437","1","2026083","20260817","20260821","22","1",0,0,0,0,0
"437","1","2026083","20260817","20260821","22","2",0,0,0,0,0
"437","1","2026083","20260817","20260821","23","1",0,0,0,0,0
"437","1","2026083","20260817","20260821","23","2",0,0,0,0,0
"437","1","2026083","20260817","20260821","24","1",0,0,0,0,0
"437","1","2026083","20260817","20260821","24","2",0,0,0,0,0
"437","1","2026083","20260817","20260821","31","1",0,0,0,0,0
"437","1","2026083","20260817","20260821","31","2",0,0,0,0,0
"437","1","2026083","20260817","20260821","32","1",0,0,0,0,0
"437","1","2026083","20260817","20260821","32","2",0,0,0,0,0
"437","1","2026083","20260817","20260821","33","1",0,0,0,0,0
"437","1","2026083","20260817","20260821","33","2",0,0,0,0,0
"437","1","2026083","20260817","20260821","41","1",0,0,0,0,0
"437","1","2026083","20260817","20260821","41","2",0,0,0,0,0
"437","1","2026083","20260817","20260821","51","1",0,0,0,0,0
"437","1","2026083","20260817","20260821","51","2",0,0,0,0,0
"437","1","2026083","20260817","20260821","60","1",14,-2,12,0,26
"437","1","2026083","20260817","20260821","60","2",33004300,-4721400,28282900,0,61287200
"438","1","2026083","20260817","20260821","11","1",0,0,0,0,0
"438","1","2026083","20260817","20260821","11","2",0,0,0,0,0
"438","1","2026083","20260817","20260821","21","1",0,0,0,0,0
"438","1","2026083","20260817","20260821","21","2",0,0,0,0,0
"438","1","2026083","20260817","20260821","22","1",0,0,0,0,0
"438","1","2026083","20260817","20260821","22","2",0,0,0,0,0
"438","1","2026083","20260817","20260821","23","1",0,0,0,0,0
"438","1","2026083","20260817","20260821","23","2",0,0,0,0,0
"438","1","2026083","20260817","20260821","24","1",0,0,0,0,0
"438","1","2026083","20260817","20260821","24","2",0,0,0,0,0
"438","1","2026083","20260817","20260821","31","1",0,0,0,0,0
"438","1","2026083","20260817","20260821","31","2",0,0,0,0,0
"438","1","2026083","20260817","20260821","32","1",0,0,0,0,0
"438","1","2026083","20260817","20260821","32","2",0,0,0,0,0
"438","1","2026083","20260817","20260821","33","1",0,0,0,0,0
"438","1","2026083","20260817","20260821","33","2",0,0,0,0,0
"438","1","2026083","20260817","20260821","41","1",0,0,0,0,0
"438","1","2026083","20260817","20260821","41","2",0,0,0,0,0
"438","1","2026083","20260817","20260821","51","1",0,0,0,0,0
"438","1","2026083","20260817","20260821","51","2",0,0,0,0,0
"438","1","2026083","20260817","20260821","60","1",0,0,0,0,0
"438","1","2026083","20260817","20260821","60","2",0,0,0,0,0
"317","1","2026083","20260817","20260821","11","1",45248,-667,44581,0,89829
"317","1","2026083","20260817","20260821","11","2",5718621300000,-86146090000,5632475210000,0,11351096510000
"317","1","2026083","20260817","20260821","21","1",219,-15,204,0,423
"317","1","2026083","20260817","20260821","21","2",27680620000,-1896280000,25784340000,0,53464960000
"317","1","2026083","20260817","20260821","22","1",605,-59,546,0,1151
"317","1","2026083","20260817","20260821","22","2",76455820000,-7453250000,69002570000,0,145458390000
"317","1","2026083","20260817","20260821","23","1",1356,0,2107,751,3463
"317","1","2026083","20260817","20260821","23","2",171370990000,0,266106760000,94735770000,437477750000
"317","1","2026083","20260817","20260821","24","1",244,-70,174,0,418
"317","1","2026083","20260817","20260821","24","2",30834090000,-8851360000,21982730000,0,52816820000
"317","1","2026083","20260817","20260821","31","1",1042,-322,720,0,1762
"317","1","2026083","20260817","20260821","31","2",131718170000,-40723360000,90994810000,0,222712980000
"317","1","2026083","20260817","20260821","32","1",2,0,2,0,4
"317","1","2026083","20260817","20260821","32","2",252100000,0,252600000,500000,504700000
"317","1","2026083","20260817","20260821","33","1",0,0,0,0,0
"317","1","2026083","20260817","20260821","33","2",0,0,0,0,0
"317","1","2026083","20260817","20260821","41","1",21,-9,12,0,33
"317","1","2026083","20260817","20260821","41","2",2656110000,-1135090000,1521020000,0,4177130000
"317","1","2026083","20260817","20260821","51","1",6,-4,2,0,8
"317","1","2026083","20260817","20260821","51","2",758270000,-505230000,253040000,0,1011310000
"317","1","2026083","20260817","20260821","60","1",135793,0,136578,785,272371
"317","1","2026083","20260817","20260821","60","2",17155331640000,0,17256574700000,101243060000,34411906340000
"330","1","2026083","20260817","20260821","11","1",0,0,0,0,0
"330","1","2026083","20260817","20260821","11","2",0,0,0,0,0
"330","1","2026083","20260817","20260821","21","1",0,0,0,0,0
"330","1","2026083","20260817","20260821","21","2",0,0,0,0,0
"330","1","2026083","20260817","20260821","22","1",0,0,0,0,0
"330","1","2026083","20260817","20260821","22","2",0,0,0,0,0
"330","1","2026083","20260817","20260821","23","1",0,0,0,0,0
"330","1","2026083","20260817","20260821","23","2",0,0,0,0,0
"330","1","2026083","20260817","20260821","24","1",0,0,0,0,0
"330","1","2026083","20260817","20260821","24","2",0,0,0,0,0
"330","1","2026083","20260817","20260821","31","1",0,0,0,0,0
"330","1","2026083","20260817","20260821","31","2",0,0,0,0,0
"330","1","2026083","20260817","20260821","32","1",0,0,0,0,0
"330","1","2026083","20260817","20260821","32","2",0,0,0,0,0
"330","1","2026083","20260817","20260821","33","1",0,0,0,0,0
"330","1","2026083","20260817","20260821","33","2",0,0,0,0,0
"330","1","2026083","20260817","20260821","41","1",0,0,0,0,0
"330","1","2026083","20260817","20260821","41","2",0,0,0,0,0
"330","1","2026083","20260817","20260821","51","1",6,0,9,3,15
"330","1","2026083","20260817","20260821","51","2",75899000,0,113516000,37617000,189415000
"330","1","2026083","20260817","20260821","60","1",4754,-18,4736,0,9490
"330","1","2026083","20260817","20260821","60","2",60107502000,-228056000,59879446000,0,119986948000
"318","1","2026083","20260817","20260821","11","1",1654,0,1772,118,3426
"318","1","2026083","20260817","20260821","11","2",14806568000,0,15867491000,1060923000,30674059000
"318","1","2026083","20260817","20260821","21","1",0,0,0,0,0
"318","1","2026083","20260817","20260821","21","2",0,0,0,0,0
"318","1","2026083","20260817","20260821","22","1",0,0,0,0,0
"318","1","2026083","20260817","20260821","22","2",0,0,0,0,0
"318","1","2026083","20260817","20260821","23","1",0,0,0,0,0
"318","1","2026083","20260817","20260821","23","2",0,0,0,0,0
"318","1","2026083","20260817","20260821","24","1",0,0,0,0,0
"318","1","2026083","20260817","20260821","24","2",0,0,0,0,0
"318","1","2026083","20260817","20260821","31","1",0,0,0,0,0
"318","1","2026083","20260817","20260821","31","2",0,0,0,0,0
"318","1","2026083","20260817","20260821","32","1",0,0,0,0,0
"318","1","2026083","20260817","20260821","32","2",0,0,0,0,0
"318","1","2026083","20260817","20260821","33","1",0,0,0,0,0
"318","1","2026083","20260817","20260821","33","2",0,0,0,0,0
"318","1","2026083","20260817","20260821","41","1",0,0,0,0,0
"318","1","2026083","20260817","20260821","41","2",0,0,0,0,0
"318","1","2026083","20260817","20260821","51","1",0,0,0,0,0
"318","1","2026083","20260817","20260821","51","2",0,0,0,0,0
"318","1","2026083","20260817","20260821","60","1",151,-118,33,0,184
"318","1","2026083","20260817","20260821","60","2",1356933000,-1060923000,296010000,0,1652943000
"334","1","2026083","20260817","20260821","11","1",701,0,798,97,1499
"334","1","2026083","20260817","20260821","11","2",17286313750,0,19703761875,2417448125,36990075625
"334","1","2026083","20260817","20260821","21","1",0,0,0,0,0
"334","1","2026083","20260817","20260821","21","2",0,0,0,0,0
"334","1","2026083","20260817","20260821","22","1",0,0,0,0,0
"334","1","2026083","20260817","20260821","22","2",0,0,0,0,0
"334","1","2026083","20260817","20260821","23","1",0,0,0,0,0
"334","1","2026083","20260817","20260821","23","2",0,0,0,0,0
"334","1","2026083","20260817","20260821","24","1",0,0,0,0,0
"334","1","2026083","20260817","20260821","24","2",0,0,0,0,0
"334","1","2026083","20260817","20260821","31","1",0,0,0,0,0
"334","1","2026083","20260817","20260821","31","2",0,0,0,0,0
"334","1","2026083","20260817","20260821","32","1",0,0,0,0,0
"334","1","2026083","20260817","20260821","32","2",0,0,0,0,0
"334","1","2026083","20260817","20260821","33","1",0,0,0,0,0
"334","1","2026083","20260817","20260821","33","2",0,0,0,0,0
"334","1","2026083","20260817","20260821","41","1",42,-42,0,0,42
"334","1","2026083","20260817","20260821","41","2",1037478750,-1037478750,0,0,1037478750
"334","1","2026083","20260817","20260821","51","1",0,0,0,0,0
"334","1","2026083","20260817","20260821","51","2",0,0,0,0,0
"334","1","2026083","20260817","20260821","60","1",3626,-119,3507,0,7133
"334","1","2026083","20260817","20260821","60","2",89455740000,-2961630000,86494110000,0,175949850000
"400","1","2026083","20260817","20260821","11","1",231,0,526,295,757
"400","1","2026083","20260817","20260821","11","2",5307250000,0,12289595000,6982345000,17596845000
"400","1","2026083","20260817","20260821","21","1",0,0,0,0,0
"400","1","2026083","20260817","20260821","21","2",0,0,0,0,0
"400","1","2026083","20260817","20260821","22","1",0,0,0,0,0
"400","1","2026083","20260817","20260821","22","2",0,0,0,0,0
"400","1","2026083","20260817","20260821","23","1",0,0,0,0,0
"400","1","2026083","20260817","20260821","23","2",0,0,0,0,0
"400","1","2026083","20260817","20260821","24","1",352,0,780,428,1132
"400","1","2026083","20260817","20260821","24","2",8198174000,0,18202470000,10004296000,26400644000
"400","1","2026083","20260817","20260821","31","1",0,0,21,21,21
"400","1","2026083","20260817","20260821","31","2",0,0,487871000,487871000,487871000
"400","1","2026083","20260817","20260821","32","1",3813,-1262,2551,0,6364
"400","1","2026083","20260817","20260821","32","2",89183240000,-29909255000,59273985000,0,148457225000
"400","1","2026083","20260817","20260821","33","1",1605,0,1759,154,3364
"400","1","2026083","20260817","20260821","33","2",37344858000,0,40930649000,3585791000,78275507000
"400","1","2026083","20260817","20260821","41","1",123,0,125,2,248
"400","1","2026083","20260817","20260821","41","2",2865554000,0,2941977000,76423000,5807531000
"400","1","2026083","20260817","20260821","51","1",11340,0,11918,578,23258
"400","1","2026083","20260817","20260821","51","2",263805313000,0,277460754000,13655441000,541266067000
"400","1","2026083","20260817","20260821","60","1",42304,-216,42088,0,84392
"400","1","2026083","20260817","20260821","60","2",983108078000,-4882912000,978225166000,0,1961333244000
"443","1","2026083","20260817","20260821","11","1",0,0,0,0,0
"443","1","2026083","20260817","20260821","11","2",0,0,0,0,0
"443","1","2026083","20260817","20260821","21","1",0,0,0,0,0
"443","1","2026083","20260817","20260821","21","2",0,0,0,0,0
"443","1","2026083","20260817","20260821","22","1",0,0,0,0,0
"443","1","2026083","20260817","20260821","22","2",0,0,0,0,0
"443","1","2026083","20260817","20260821","23","1",0,0,0,0,0
"443","1","2026083","20260817","20260821","23","2",0,0,0,0,0
"443","1","2026083","20260817","20260821","24","1",453,0,753,300,1206
"443","1","2026083","20260817","20260821","24","2",1042713300,0,1752953100,710239800,2795666400
"443","1","2026083","20260817","20260821","31","1",0,0,0,0,0
"443","1","2026083","20260817","20260821","31","2",0,0,0,0,0
"443","1","2026083","20260817","20260821","32","1",21,-20,1,0,22
"443","1","2026083","20260817","20260821","32","2",49147000,-46856000,2291000,0,51438000
"443","1","2026083","20260817","20260821","33","1",46,-14,32,0,78
"443","1","2026083","20260817","20260821","33","2",106211400,-32272100,73939300,0,180150700
"443","1","2026083","20260817","20260821","41","1",0,0,0,0,0
"443","1","2026083","20260817","20260821","41","2",0,0,0,0,0
"443","1","2026083","20260817","20260821","51","1",197,0,207,10,404
"443","1","2026083","20260817","20260821","51","2",456029500,0,478303200,22273700,934332700
"443","1","2026083","20260817","20260821","60","1",1426,-276,1150,0,2576
"443","1","2026083","20260817","20260821","60","2",3306806000,-653385400,2653420600,0,5960226600
"401","1","2026083","20260817","20260821","11","1",582,-290,292,0,874
"401","1","2026083","20260817","20260821","11","2",1356488450,-677196200,679292250,0,2035780700
"401","1","2026083","20260817","20260821","21","1",0,0,0,0,0
"401","1","2026083","20260817","20260821","21","2",0,0,0,0,0
"401","1","2026083","20260817","20260821","22","1",0,0,0,0,0
"401","1","2026083","20260817","20260821","22","2",0,0,0,0,0
"401","1","2026083","20260817","20260821","23","1",0,0,0,0,0
"401","1","2026083","20260817","20260821","23","2",0,0,0,0,0
"401","1","2026083","20260817","20260821","24","1",529,0,903,374,1432
"401","1","2026083","20260817","20260821","24","2",1224714800,0,2106912500,882197700,3331627300
"401","1","2026083","20260817","20260821","31","1",75,-75,0,0,75
"401","1","2026083","20260817","20260821","31","2",174196800,-174196800,0,0,174196800
"401","1","2026083","20260817","20260821","32","1",689,-35,654,0,1343
"401","1","2026083","20260817","20260821","32","2",1606992900,-84263650,1522729250,0,3129722150
"401","1","2026083","20260817","20260821","33","1",1112,-2,1110,0,2222
"401","1","2026083","20260817","20260821","33","2",2592551400,-7674050,2584877350,0,5177428750
"401","1","2026083","20260817","20260821","41","1",233,-1,232,0,465
"401","1","2026083","20260817","20260821","41","2",544572200,-5078400,539493800,0,1084066000
"401","1","2026083","20260817","20260821","51","1",14270,-82,14188,0,28458
"401","1","2026083","20260817","20260821","51","2",33280775750,-202795700,33077980050,0,66358755800
"401","1","2026083","20260817","20260821","60","1",55206,0,55317,111,110523
"401","1","2026083","20260817","20260821","60","2",128575841350,0,128844848450,269007100,257420689800
"402","1","2026083","20260817","20260821","11","1",0,0,0,0,0
"402","1","2026083","20260817","20260821","11","2",0,0,0,0,0
"402","1","2026083","20260817","20260821","21","1",0,0,0,0,0
"402","1","2026083","20260817","20260821","21","2",0,0,0,0,0
"402","1","2026083","20260817","20260821","22","1",0,0,0,0,0
"402","1","2026083","20260817","20260821","22","2",0,0,0,0,0
"402","1","2026083","20260817","20260821","23","1",0,0,0,0,0
"402","1","2026083","20260817","20260821","23","2",0,0,0,0,0
"402","1","2026083","20260817","20260821","24","1",140,-135,5,0,145
"402","1","2026083","20260817","20260821","24","2",321345100,-309804100,11541000,0,332886100
"402","1","2026083","20260817","20260821","31","1",0,0,0,0,0
"402","1","2026083","20260817","20260821","31","2",0,0,0,0,0
"402","1","2026083","20260817","20260821","32","1",34,0,36,2,70
"402","1","2026083","20260817","20260821","32","2",77482100,0,82319000,4836900,159801100
"402","1","2026083","20260817","20260821","33","1",42,0,103,61,145
"402","1","2026083","20260817","20260821","33","2",96241300,0,236782400,140541100,333023700
"402","1","2026083","20260817","20260821","41","1",50,-9,41,0,91
"402","1","2026083","20260817","20260821","41","2",115304000,-22272000,93032000,0,208336000
"402","1","2026083","20260817","20260821","51","1",419,-93,326,0,745
"402","1","2026083","20260817","20260821","51","2",961417200,-214406900,747010300,0,1708427500
"402","1","2026083","20260817","20260821","60","1",484,0,658,174,1142
"402","1","2026083","20260817","20260821","60","2",1110207800,0,1511312800,401105000,2621520600
"403","1","2026083","20260817","20260821","11","1",0,0,0,0,0
"403","1","2026083","20260817","20260821","11","2",0,0,0,0,0
"403","1","2026083","20260817","20260821","21","1",0,0,0,0,0
"403","1","2026083","20260817","20260821","21","2",0,0,0,0,0
"403","1","2026083","20260817","20260821","22","1",0,0,0,0,0
"403","1","2026083","20260817","20260821","22","2",0,0,0,0,0
"403","1","2026083","20260817","20260821","23","1",0,0,0,0,0
"403","1","2026083","20260817","20260821","23","2",0,0,0,0,0
"403","1","2026083","20260817","20260821","24","1",0,0,0,0,0
"403","1","2026083","20260817","20260821","24","2",0,0,0,0,0
"403","1","2026083","20260817","20260821","31","1",0,0,0,0,0
"403","1","2026083","20260817","20260821","31","2",0,0,0,0,0
"403","1","2026083","20260817","20260821","32","1",1,-1,0,0,1
"403","1","2026083","20260817","20260821","32","2",9900000,-9900000,0,0,9900000
"403","1","2026083","20260817","20260821","33","1",0,0,0,0,0
"403","1","2026083","20260817","20260821","33","2",0,0,0,0,0
"403","1","2026083","20260817","20260821","41","1",0,0,0,0,0
"403","1","2026083","20260817","20260821","41","2",0,0,0,0,0
"403","1","2026083","20260817","20260821","51","1",0,0,1,1,1
"403","1","2026083","20260817","20260821","51","2",0,0,9900000,9900000,9900000
"403","1","2026083","20260817","20260821","60","1",0,0,0,0,0
"403","1","2026083","20260817","20260821","60","2",0,0,0,0,0
"404","1","2026083","20260817","20260821","11","1",25,0,26,1,51
"404","1","2026083","20260817","20260821","11","2",113125500,0,115604500,2479000,228730000
"404","1","2026083","20260817","20260821","21","1",0,0,0,0,0
"404","1","2026083","20260817","20260821","21","2",0,0,0,0,0
"404","1","2026083","20260817","20260821","22","1",0,0,0,0,0
"404","1","2026083","20260817","20260821","22","2",0,0,0,0,0
"404","1","2026083","20260817","20260821","23","1",0,0,0,0,0
"404","1","2026083","20260817","20260821","23","2",0,0,0,0,0
"404","1","2026083","20260817","20260821","24","1",469,-164,305,0,774
"404","1","2026083","20260817","20260821","24","2",2107640500,-743482500,1364158000,0,3471798500
"404","1","2026083","20260817","20260821","31","1",0,0,0,0,0
"404","1","2026083","20260817","20260821","31","2",0,0,0,0,0
"404","1","2026083","20260817","20260821","32","1",1406,-544,862,0,2268
"404","1","2026083","20260817","20260821","32","2",6365863000,-2443645500,3922217500,0,10288080500
"404","1","2026083","20260817","20260821","33","1",696,0,744,48,1440
"404","1","2026083","20260817","20260821","33","2",3125754000,0,3339348000,213594000,6465102000
"404","1","2026083","20260817","20260821","41","1",62,-16,46,0,108
"404","1","2026083","20260817","20260821","41","2",280925500,-74028000,206897500,0,487823000
"404","1","2026083","20260817","20260821","51","1",3194,-158,3036,0,6230
"404","1","2026083","20260817","20260821","51","2",14487021500,-771129500,13715892000,0,28202913500
"404","1","2026083","20260817","20260821","60","1",9989,0,10822,833,20811
"404","1","2026083","20260817","20260821","60","2",45166718500,0,48982931000,3816212500,94149649500
"444","1","2026083","20260817","20260821","11","1",0,0,0,0,0
"444","1","2026083","20260817","20260821","11","2",0,0,0,0,0
"444","1","2026083","20260817","20260821","21","1",0,0,0,0,0
"444","1","2026083","20260817","20260821","21","2",0,0,0,0,0
"444","1","2026083","20260817","20260821","22","1",0,0,0,0,0
"444","1","2026083","20260817","20260821","22","2",0,0,0,0,0
"444","1","2026083","20260817","20260821","23","1",0,0,0,0,0
"444","1","2026083","20260817","20260821","23","2",0,0,0,0,0
"444","1","2026083","20260817","20260821","24","1",446,-100,346,0,792
"444","1","2026083","20260817","20260821","24","2",404153000,-85009100,319143900,0,723296900
"444","1","2026083","20260817","20260821","31","1",0,0,0,0,0
"444","1","2026083","20260817","20260821","31","2",0,0,0,0,0
"444","1","2026083","20260817","20260821","32","1",0,0,0,0,0
"444","1","2026083","20260817","20260821","32","2",0,0,0,0,0
"444","1","2026083","20260817","20260821","33","1",55,0,69,14,124
"444","1","2026083","20260817","20260821","33","2",51536400,0,62594800,11058400,114131200
"444","1","2026083","20260817","20260821","41","1",0,0,0,0,0
"444","1","2026083","20260817","20260821","41","2",0,0,0,0,0
"444","1","2026083","20260817","20260821","51","1",194,-153,41,0,235
"444","1","2026083","20260817","20260821","51","2",179598400,-141919700,37678700,0,217277100
"444","1","2026083","20260817","20260821","60","1",412,0,651,239,1063
"444","1","2026083","20260817","20260821","60","2",380073300,0,595943700,215870400,976017000
"405","1","2026083","20260817","20260821","11","1",96,-4,92,0,188
"405","1","2026083","20260817","20260821","11","2",85455350,-1976550,83478800,0,168934150
"405","1","2026083","20260817","20260821","21","1",0,0,0,0,0
"405","1","2026083","20260817","20260821","21","2",0,0,0,0,0
"405","1","2026083","20260817","20260821","22","1",0,0,0,0,0
"405","1","2026083","20260817","20260821","22","2",0,0,0,0,0
"405","1","2026083","20260817","20260821","23","1",0,0,0,0,0
"405","1","2026083","20260817","20260821","23","2",0,0,0,0,0
"405","1","2026083","20260817","20260821","24","1",572,0,770,198,1342
"405","1","2026083","20260817","20260821","24","2",517817850,0,690758950,172941100,1208576800
"405","1","2026083","20260817","20260821","31","1",0,0,0,0,0
"405","1","2026083","20260817","20260821","31","2",0,0,0,0,0
"405","1","2026083","20260817","20260821","32","1",29,0,46,17,75
"405","1","2026083","20260817","20260821","32","2",26645150,0,42322400,15677250,68967550
"405","1","2026083","20260817","20260821","33","1",96,-28,68,0,164
"405","1","2026083","20260817","20260821","33","2",86228600,-24887150,61341450,0,147570050
"405","1","2026083","20260817","20260821","41","1",38,-7,31,0,69
"405","1","2026083","20260817","20260821","41","2",34306500,-6512900,27793600,0,62100100
"405","1","2026083","20260817","20260821","51","1",1752,-177,1575,0,3327
"405","1","2026083","20260817","20260821","51","2",1578354700,-159102350,1419252350,0,2997607050
"405","1","2026083","20260817","20260821","60","1",2129,0,2130,1,4259
"405","1","2026083","20260817","20260821","60","2",1912377600,0,1916238200,3860600,3828615800
"406","1","2026083","20260817","20260821","11","1",0,0,0,0,0
"406","1","2026083","20260817","20260821","11","2",0,0,0,0,0
"406","1","2026083","20260817","20260821","21","1",0,0,0,0,0
"406","1","2026083","20260817","20260821","21","2",0,0,0,0,0
"406","1","2026083","20260817","20260821","22","1",0,0,0,0,0
"406","1","2026083","20260817","20260821","22","2",0,0,0,0,0
"406","1","2026083","20260817","20260821","23","1",0,0,0,0,0
"406","1","2026083","20260817","20260821","23","2",0,0,0,0,0
"406","1","2026083","20260817","20260821","24","1",814,-157,657,0,1471
"406","1","2026083","20260817","20260821","24","2",727564500,-139216100,588348400,0,1315912900
"406","1","2026083","20260817","20260821","31","1",0,0,0,0,0
"406","1","2026083","20260817","20260821","31","2",0,0,0,0,0
"406","1","2026083","20260817","20260821","32","1",3,0,4,1,7
"406","1","2026083","20260817","20260821","32","2",2710700,0,3606800,896100,6317500
"406","1","2026083","20260817","20260821","33","1",40,0,75,35,115
"406","1","2026083","20260817","20260821","33","2",35776400,0,67382000,31605600,103158400
"406","1","2026083","20260817","20260821","41","1",1,-1,0,0,1
"406","1","2026083","20260817","20260821","41","2",939900,-939900,0,0,939900
"406","1","2026083","20260817","20260821","51","1",253,0,329,76,582
"406","1","2026083","20260817","20260821","51","2",228068400,0,297187600,69119200,525256000
"406","1","2026083","20260817","20260821","60","1",687,0,733,46,1420
"406","1","2026083","20260817","20260821","60","2",617896700,0,656431800,38535100,1274328500
"407","1","2026083","20260817","20260821","11","1",0,0,0,0,0
"407","1","2026083","20260817","20260821","11","2",0,0,0,0,0
"407","1","2026083","20260817","20260821","21","1",0,0,0,0,0
"407","1","2026083","20260817","20260821","21","2",0,0,0,0,0
"407","1","2026083","20260817","20260821","22","1",0,0,0,0,0
"407","1","2026083","20260817","20260821","22","2",0,0,0,0,0
"407","1","2026083","20260817","20260821","23","1",0,0,0,0,0
"407","1","2026083","20260817","20260821","23","2",0,0,0,0,0
"407","1","2026083","20260817","20260821","24","1",0,0,0,0,0
"407","1","2026083","20260817","20260821","24","2",0,0,0,0,0
"407","1","2026083","20260817","20260821","31","1",0,0,0,0,0
"407","1","2026083","20260817","20260821","31","2",0,0,0,0,0
"407","1","2026083","20260817","20260821","32","1",0,0,0,0,0
"407","1","2026083","20260817","20260821","32","2",0,0,0,0,0
"407","1","2026083","20260817","20260821","33","1",0,0,0,0,0
"407","1","2026083","20260817","20260821","33","2",0,0,0,0,0
"407","1","2026083","20260817","20260821","41","1",0,0,0,0,0
"407","1","2026083","20260817","20260821","41","2",0,0,0,0,0
"407","1","2026083","20260817","20260821","51","1",0,0,0,0,0
"407","1","2026083","20260817","20260821","51","2",0,0,0,0,0
"407","1","2026083","20260817","20260821","60","1",0,0,0,0,0
"407","1","2026083","20260817","20260821","60","2",0,0,0,0,0
"415","1","2026083","20260817","20260821","11","1",0,0,0,0,0
"415","1","2026083","20260817","20260821","11","2",0,0,0,0,0
"415","1","2026083","20260817","20260821","21","1",0,0,0,0,0
"415","1","2026083","20260817","20260821","21","2",0,0,0,0,0
"415","1","2026083","20260817","20260821","22","1",0,0,0,0,0
"415","1","2026083","20260817","20260821","22","2",0,0,0,0,0
"415","1","2026083","20260817","20260821","23","1",0,0,0,0,0
"415","1","2026083","20260817","20260821","23","2",0,0,0,0,0
"415","1","2026083","20260817","20260821","24","1",0,0,0,0,0
"415","1","2026083","20260817","20260821","24","2",0,0,0,0,0
"415","1","2026083","20260817","20260821","31","1",0,0,0,0,0
"415","1","2026083","20260817","20260821","31","2",0,0,0,0,0
"415","1","2026083","20260817","20260821","32","1",0,0,0,0,0
"415","1","2026083","20260817","20260821","32","2",0,0,0,0,0
"415","1","2026083","20260817","20260821","33","1",0,0,0,0,0
"415","1","2026083","20260817","20260821","33","2",0,0,0,0,0
"415","1","2026083","20260817","20260821","41","1",0,0,0,0,0
"415","1","2026083","20260817","20260821","41","2",0,0,0,0,0
"415","1","2026083","20260817","20260821","51","1",0,0,0,0,0
"415","1","2026083","20260817","20260821","51","2",0,0,0,0,0
"415","1","2026083","20260817","20260821","60","1",0,0,0,0,0
"415","1","2026083","20260817","20260821","60","2",0,0,0,0,0
"408","1","2026083","20260817","20260821","11","1",516,-17,499,0,1015
"408","1","2026083","20260817","20260821","11","2",1117953500,-39385500,1078568000,0,2196521500
"408","1","2026083","20260817","20260821","21","1",0,0,0,0,0
"408","1","2026083","20260817","20260821","21","2",0,0,0,0,0
"408","1","2026083","20260817","20260821","22","1",0,0,0,0,0
"408","1","2026083","20260817","20260821","22","2",0,0,0,0,0
"408","1","2026083","20260817","20260821","23","1",0,0,0,0,0
"408","1","2026083","20260817","20260821","23","2",0,0,0,0,0
"408","1","2026083","20260817","20260821","24","1",0,0,0,0,0
"408","1","2026083","20260817","20260821","24","2",0,0,0,0,0
"408","1","2026083","20260817","20260821","31","1",0,0,0,0,0
"408","1","2026083","20260817","20260821","31","2",0,0,0,0,0
"408","1","2026083","20260817","20260821","32","1",364,-227,137,0,501
"408","1","2026083","20260817","20260821","32","2",786085500,-487474000,298611500,0,1084697000
"408","1","2026083","20260817","20260821","33","1",90,-10,80,0,170
"408","1","2026083","20260817","20260821","33","2",195053000,-21922000,173131000,0,368184000
"408","1","2026083","20260817","20260821","41","1",23,0,30,7,53
"408","1","2026083","20260817","20260821","41","2",49994500,0,65221000,15226500,115215500
"408","1","2026083","20260817","20260821","51","1",780,-392,388,0,1168
"408","1","2026083","20260817","20260821","51","2",1691007000,-849554000,841453000,0,2532460000
"408","1","2026083","20260817","20260821","60","1",3115,0,3754,639,6869
"408","1","2026083","20260817","20260821","60","2",6761519500,0,8144628500,1383109000,14906148000
"409","1","2026083","20260817","20260821","11","1",0,0,0,0,0
"409","1","2026083","20260817","20260821","11","2",0,0,0,0,0
"409","1","2026083","20260817","20260821","21","1",0,0,0,0,0
"409","1","2026083","20260817","20260821","21","2",0,0,0,0,0
"409","1","2026083","20260817","20260821","22","1",0,0,0,0,0
"409","1","2026083","20260817","20260821","22","2",0,0,0,0,0
"409","1","2026083","20260817","20260821","23","1",0,0,0,0,0
"409","1","2026083","20260817","20260821","23","2",0,0,0,0,0
"409","1","2026083","20260817","20260821","24","1",0,0,0,0,0
"409","1","2026083","20260817","20260821","24","2",0,0,0,0,0
"409","1","2026083","20260817","20260821","31","1",0,0,0,0,0
"409","1","2026083","20260817","20260821","31","2",0,0,0,0,0
"409","1","2026083","20260817","20260821","32","1",0,0,0,0,0
"409","1","2026083","20260817","20260821","32","2",0,0,0,0,0
"409","1","2026083","20260817","20260821","33","1",0,0,0,0,0
"409","1","2026083","20260817","20260821","33","2",0,0,0,0,0
"409","1","2026083","20260817","20260821","41","1",0,0,0,0,0
"409","1","2026083","20260817","20260821","41","2",0,0,0,0,0
"409","1","2026083","20260817","20260821","51","1",0,0,0,0,0
"409","1","2026083","20260817","20260821","51","2",0,0,0,0,0
"409","1","2026083","20260817","20260821","60","1",0,0,0,0,0
"409","1","2026083","20260817","20260821","60","2",0,0,0,0,0
"431","1","2026083","20260817","20260821","11","1",0,0,0,0,0
"431","1","2026083","20260817","20260821","11","2",0,0,0,0,0
"431","1","2026083","20260817","20260821","21","1",0,0,0,0,0
"431","1","2026083","20260817","20260821","21","2",0,0,0,0,0
"431","1","2026083","20260817","20260821","22","1",0,0,0,0,0
"431","1","2026083","20260817","20260821","22","2",0,0,0,0,0
"431","1","2026083","20260817","20260821","23","1",0,0,0,0,0
"431","1","2026083","20260817","20260821","23","2",0,0,0,0,0
"431","1","2026083","20260817","20260821","24","1",0,0,0,0,0
"431","1","2026083","20260817","20260821","24","2",0,0,0,0,0
"431","1","2026083","20260817","20260821","31","1",0,0,0,0,0
"431","1","2026083","20260817","20260821","31","2",0,0,0,0,0
"431","1","2026083","20260817","20260821","32","1",0,0,0,0,0
"431","1","2026083","20260817","20260821","32","2",0,0,0,0,0
"431","1","2026083","20260817","20260821","33","1",0,0,0,0,0
"431","1","2026083","20260817","20260821","33","2",0,0,0,0,0
"431","1","2026083","20260817","20260821","41","1",0,0,0,0,0
"431","1","2026083","20260817","20260821","41","2",0,0,0,0,0
"431","1","2026083","20260817","20260821","51","1",0,0,0,0,0
"431","1","2026083","20260817","20260821","51","2",0,0,0,0,0
"431","1","2026083","20260817","20260821","60","1",24,0,24,0,48
"431","1","2026083","20260817","20260821","60","2",41854000,0,41854000,0,83708000
"410","1","2026083","20260817","20260821","11","1",0,0,0,0,0
"410","1","2026083","20260817","20260821","11","2",0,0,0,0,0
"410","1","2026083","20260817","20260821","21","1",0,0,0,0,0
"410","1","2026083","20260817","20260821","21","2",0,0,0,0,0
"410","1","2026083","20260817","20260821","22","1",0,0,0,0,0
"410","1","2026083","20260817","20260821","22","2",0,0,0,0,0
"410","1","2026083","20260817","20260821","23","1",0,0,0,0,0
"410","1","2026083","20260817","20260821","23","2",0,0,0,0,0
"410","1","2026083","20260817","20260821","24","1",0,0,0,0,0
"410","1","2026083","20260817","20260821","24","2",0,0,0,0,0
"410","1","2026083","20260817","20260821","31","1",0,0,0,0,0
"410","1","2026083","20260817","20260821","31","2",0,0,0,0,0
"410","1","2026083","20260817","20260821","32","1",0,0,0,0,0
"410","1","2026083","20260817","20260821","32","2",0,0,0,0,0
"410","1","2026083","20260817","20260821","33","1",0,0,0,0,0
"410","1","2026083","20260817","20260821","33","2",0,0,0,0,0
"410","1","2026083","20260817","20260821","41","1",0,0,0,0,0
"410","1","2026083","20260817","20260821","41","2",0,0,0,0,0
"410","1","2026083","20260817","20260821","51","1",0,0,0,0,0
"410","1","2026083","20260817","20260821","51","2",0,0,0,0,0
"410","1","2026083","20260817","20260821","60","1",0,0,0,0,0
"410","1","2026083","20260817","20260821","60","2",0,0,0,0,0
"411","1","2026083","20260817","20260821","11","1",0,0,0,0,0
"411","1","2026083","20260817","20260821","11","2",0,0,0,0,0
"411","1","2026083","20260817","20260821","21","1",0,0,0,0,0
"411","1","2026083","20260817","20260821","21","2",0,0,0,0,0
"411","1","2026083","20260817","20260821","22","1",0,0,0,0,0
"411","1","2026083","20260817","20260821","22","2",0,0,0,0,0
"411","1","2026083","20260817","20260821","23","1",0,0,0,0,0
"411","1","2026083","20260817","20260821","23","2",0,0,0,0,0
"411","1","2026083","20260817","20260821","24","1",0,0,0,0,0
"411","1","2026083","20260817","20260821","24","2",0,0,0,0,0
"411","1","2026083","20260817","20260821","31","1",0,0,0,0,0
"411","1","2026083","20260817","20260821","31","2",0,0,0,0,0
"411","1","2026083","20260817","20260821","32","1",0,0,0,0,0
"411","1","2026083","20260817","20260821","32","2",0,0,0,0,0
"411","1","2026083","20260817","20260821","33","1",0,0,0,0,0
"411","1","2026083","20260817","20260821","33","2",0,0,0,0,0
"411","1","2026083","20260817","20260821","41","1",0,0,0,0,0
"411","1","2026083","20260817","20260821","41","2",0,0,0,0,0
"411","1","2026083","20260817","20260821","51","1",0,0,0,0,0
"411","1","2026083","20260817","20260821","51","2",0,0,0,0,0
"411","1","2026083","20260817","20260821","60","1",0,0,0,0,0
"411","1","2026083","20260817","20260821","60","2",0,0,0,0,0
"412","1","2026083","20260817","20260821","11","1",0,0,0,0,0
"412","1","2026083","20260817","20260821","11","2",0,0,0,0,0
"412","1","2026083","20260817","20260821","21","1",0,0,0,0,0
"412","1","2026083","20260817","20260821","21","2",0,0,0,0,0
"412","1","2026083","20260817","20260821","22","1",0,0,0,0,0
"412","1","2026083","20260817","20260821","22","2",0,0,0,0,0
"412","1","2026083","20260817","20260821","23","1",0,0,0,0,0
"412","1","2026083","20260817","20260821","23","2",0,0,0,0,0
"412","1","2026083","20260817","20260821","24","1",0,0,0,0,0
"412","1","2026083","20260817","20260821","24","2",0,0,0,0,0
"412","1","2026083","20260817","20260821","31","1",0,0,0,0,0
"412","1","2026083","20260817","20260821","31","2",0,0,0,0,0
"412","1","2026083","20260817","20260821","32","1",0,0,0,0,0
"412","1","2026083","20260817","20260821","32","2",0,0,0,0,0
"412","1","2026083","20260817","20260821","33","1",0,0,0,0,0
"412","1","2026083","20260817","20260821","33","2",0,0,0,0,0
"412","1","2026083","20260817","20260821","41","1",0,0,0,0,0
"412","1","2026083","20260817","20260821","41","2",0,0,0,0,0
"412","1","2026083","20260817","20260821","51","1",0,0,0,0,0
"412","1","2026083","20260817","20260821","51","2",0,0,0,0,0
"412","1","2026083","20260817","20260821","60","1",0,0,0,0,0
"412","1","2026083","20260817","20260821","60","2",0,0,0,0,0
"416","1","2026083","20260817","20260821","11","1",0,0,0,0,0
"416","1","2026083","20260817","20260821","11","2",0,0,0,0,0
"416","1","2026083","20260817","20260821","21","1",0,0,0,0,0
"416","1","2026083","20260817","20260821","21","2",0,0,0,0,0
"416","1","2026083","20260817","20260821","22","1",0,0,0,0,0
"416","1","2026083","20260817","20260821","22","2",0,0,0,0,0
"416","1","2026083","20260817","20260821","23","1",0,0,0,0,0
"416","1","2026083","20260817","20260821","23","2",0,0,0,0,0
"416","1","2026083","20260817","20260821","24","1",0,0,0,0,0
"416","1","2026083","20260817","20260821","24","2",0,0,0,0,0
"416","1","2026083","20260817","20260821","31","1",0,0,0,0,0
"416","1","2026083","20260817","20260821","31","2",0,0,0,0,0
"416","1","2026083","20260817","20260821","32","1",0,0,0,0,0
"416","1","2026083","20260817","20260821","32","2",0,0,0,0,0
"416","1","2026083","20260817","20260821","33","1",0,0,0,0,0
"416","1","2026083","20260817","20260821","33","2",0,0,0,0,0
"416","1","2026083","20260817","20260821","41","1",0,0,0,0,0
"416","1","2026083","20260817","20260821","41","2",0,0,0,0,0
"416","1","2026083","20260817","20260821","51","1",0,0,0,0,0
"416","1","2026083","20260817","20260821","51","2",0,0,0,0,0
"416","1","2026083","20260817","20260821","60","1",0,0,0,0,0
"416","1","2026083","20260817","20260821","60","2",0,0,0,0,0
"417","1","2026083","20260817","20260821","11","1",0,0,0,0,0
"417","1","2026083","20260817","20260821","11","2",0,0,0,0,0
"417","1","2026083","20260817","20260821","21","1",0,0,0,0,0
"417","1","2026083","20260817","20260821","21","2",0,0,0,0,0
"417","1","2026083","20260817","20260821","22","1",0,0,0,0,0
"417","1","2026083","20260817","20260821","22","2",0,0,0,0,0
"417","1","2026083","20260817","20260821","23","1",0,0,0,0,0
"417","1","2026083","20260817","20260821","23","2",0,0,0,0,0
"417","1","2026083","20260817","20260821","24","1",0,0,0,0,0
"417","1","2026083","20260817","20260821","24","2",0,0,0,0,0
"417","1","2026083","20260817","20260821","31","1",0,0,0,0,0
"417","1","2026083","20260817","20260821","31","2",0,0,0,0,0
"417","1","2026083","20260817","20260821","32","1",0,0,0,0,0
"417","1","2026083","20260817","20260821","32","2",0,0,0,0,0
"417","1","2026083","20260817","20260821","33","1",0,0,0,0,0
"417","1","2026083","20260817","20260821","33","2",0,0,0,0,0
"417","1","2026083","20260817","20260821","41","1",0,0,0,0,0
"417","1","2026083","20260817","20260821","41","2",0,0,0,0,0
"417","1","2026083","20260817","20260821","51","1",0,0,0,0,0
"417","1","2026083","20260817","20260821","51","2",0,0,0,0,0
"417","1","2026083","20260817","20260821","60","1",0,0,0,0,0
"417","1","2026083","20260817","20260821","60","2",0,0,0,0,0
"418","1","2026083","20260817","20260821","11","1",0,0,0,0,0
"418","1","2026083","20260817","20260821","11","2",0,0,0,0,0
"418","1","2026083","20260817","20260821","21","1",0,0,0,0,0
"418","1","2026083","20260817","20260821","21","2",0,0,0,0,0
"418","1","2026083","20260817","20260821","22","1",0,0,0,0,0
"418","1","2026083","20260817","20260821","22","2",0,0,0,0,0
"418","1","2026083","20260817","20260821","23","1",0,0,0,0,0
"418","1","2026083","20260817","20260821","23","2",0,0,0,0,0
"418","1","2026083","20260817","20260821","24","1",0,0,0,0,0
"418","1","2026083","20260817","20260821","24","2",0,0,0,0,0
"418","1","2026083","20260817","20260821","31","1",0,0,0,0,0
"418","1","2026083","20260817","20260821","31","2",0,0,0,0,0
"418","1","2026083","20260817","20260821","32","1",0,0,0,0,0
"418","1","2026083","20260817","20260821","32","2",0,0,0,0,0
"418","1","2026083","20260817","20260821","33","1",0,0,0,0,0
"418","1","2026083","20260817","20260821","33","2",0,0,0,0,0
"418","1","2026083","20260817","20260821","41","1",0,0,0,0,0
"418","1","2026083","20260817","20260821","41","2",0,0,0,0,0
"418","1","2026083","20260817","20260821","51","1",0,0,0,0,0
"418","1","2026083","20260817","20260821","51","2",0,0,0,0,0
"418","1","2026083","20260817","20260821","60","1",0,0,0,0,0
"418","1","2026083","20260817","20260821","60","2",0,0,0,0,0
"419","1","2026083","20260817","20260821","11","1",1588,0,1784,196,3372
"419","1","2026083","20260817","20260821","11","2",6146725500,0,6902413500,755688000,13049139000
"419","1","2026083","20260817","20260821","21","1",0,0,0,0,0
"419","1","2026083","20260817","20260821","21","2",0,0,0,0,0
"419","1","2026083","20260817","20260821","22","1",0,0,0,0,0
"419","1","2026083","20260817","20260821","22","2",0,0,0,0,0
"419","1","2026083","20260817","20260821","23","1",0,0,0,0,0
"419","1","2026083","20260817","20260821","23","2",0,0,0,0,0
"419","1","2026083","20260817","20260821","24","1",0,0,0,0,0
"419","1","2026083","20260817","20260821","24","2",0,0,0,0,0
"419","1","2026083","20260817","20260821","31","1",0,0,0,0,0
"419","1","2026083","20260817","20260821","31","2",0,0,0,0,0
"419","1","2026083","20260817","20260821","32","1",2033,0,2906,873,4939
"419","1","2026083","20260817","20260821","32","2",7745006000,0,11177427000,3432421000,18922433000
"419","1","2026083","20260817","20260821","33","1",1265,-144,1121,0,2386
"419","1","2026083","20260817","20260821","33","2",4922221000,-624209500,4298011500,0,9220232500
"419","1","2026083","20260817","20260821","41","1",0,0,0,0,0
"419","1","2026083","20260817","20260821","41","2",0,0,0,0,0
"419","1","2026083","20260817","20260821","51","1",1009,-67,942,0,1951
"419","1","2026083","20260817","20260821","51","2",3868823000,-253335000,3615488000,0,7484311000
"419","1","2026083","20260817","20260821","60","1",4905,-858,4047,0,8952
"419","1","2026083","20260817","20260821","60","2",18782389000,-3310564500,15471824500,0,34254213500
"423","1","2026083","20260817","20260821","11","1",0,0,0,0,0
"423","1","2026083","20260817","20260821","11","2",0,0,0,0,0
"423","1","2026083","20260817","20260821","21","1",0,0,0,0,0
"423","1","2026083","20260817","20260821","21","2",0,0,0,0,0
"423","1","2026083","20260817","20260821","22","1",0,0,0,0,0
"423","1","2026083","20260817","20260821","22","2",0,0,0,0,0
"423","1","2026083","20260817","20260821","23","1",0,0,0,0,0
"423","1","2026083","20260817","20260821","23","2",0,0,0,0,0
"423","1","2026083","20260817","20260821","24","1",0,0,0,0,0
"423","1","2026083","20260817","20260821","24","2",0,0,0,0,0
"423","1","2026083","20260817","20260821","31","1",0,0,0,0,0
"423","1","2026083","20260817","20260821","31","2",0,0,0,0,0
"423","1","2026083","20260817","20260821","32","1",177,0,1050,873,1227
"423","1","2026083","20260817","20260821","32","2",275134080,0,1454935200,1179801120,1730069280
"423","1","2026083","20260817","20260821","33","1",0,0,0,0,0
"423","1","2026083","20260817","20260821","33","2",0,0,0,0,0
"423","1","2026083","20260817","20260821","41","1",0,0,0,0,0
"423","1","2026083","20260817","20260821","41","2",0,0,0,0,0
"423","1","2026083","20260817","20260821","51","1",0,0,0,0,0
"423","1","2026083","20260817","20260821","51","2",0,0,0,0,0
"423","1","2026083","20260817","20260821","60","1",936,-873,63,0,999
"423","1","2026083","20260817","20260821","60","2",1277733600,-1179801120,97932480,0,1375666080
"422","1","2026083","20260817","20260821","11","1",0,0,0,0,0
"422","1","2026083","20260817","20260821","11","2",0,0,0,0,0
"422","1","2026083","20260817","20260821","21","1",0,0,0,0,0
"422","1","2026083","20260817","20260821","21","2",0,0,0,0,0
"422","1","2026083","20260817","20260821","22","1",0,0,0,0,0
"422","1","2026083","20260817","20260821","22","2",0,0,0,0,0
"422","1","2026083","20260817","20260821","23","1",0,0,0,0,0
"422","1","2026083","20260817","20260821","23","2",0,0,0,0,0
"422","1","2026083","20260817","20260821","24","1",0,0,0,0,0
"422","1","2026083","20260817","20260821","24","2",0,0,0,0,0
"422","1","2026083","20260817","20260821","31","1",0,0,0,0,0
"422","1","2026083","20260817","20260821","31","2",0,0,0,0,0
"422","1","2026083","20260817","20260821","32","1",30,0,31,1,61
"422","1","2026083","20260817","20260821","32","2",37699200,0,39024000,1324800,76723200
"422","1","2026083","20260817","20260821","33","1",0,0,0,0,0
"422","1","2026083","20260817","20260821","33","2",0,0,0,0,0
"422","1","2026083","20260817","20260821","41","1",0,0,0,0,0
"422","1","2026083","20260817","20260821","41","2",0,0,0,0,0
"422","1","2026083","20260817","20260821","51","1",0,0,0,0,0
"422","1","2026083","20260817","20260821","51","2",0,0,0,0,0
"422","1","2026083","20260817","20260821","60","1",1,-1,0,0,1
"422","1","2026083","20260817","20260821","60","2",1324800,-1324800,0,0,1324800
"445","1","2026083","20260817","20260821","11","1",0,0,0,0,0
"445","1","2026083","20260817","20260821","11","2",0,0,0,0,0
"445","1","2026083","20260817","20260821","21","1",0,0,0,0,0
"445","1","2026083","20260817","20260821","21","2",0,0,0,0,0
"445","1","2026083","20260817","20260821","22","1",0,0,0,0,0
"445","1","2026083","20260817","20260821","22","2",0,0,0,0,0
"445","1","2026083","20260817","20260821","23","1",0,0,0,0,0
"445","1","2026083","20260817","20260821","23","2",0,0,0,0,0
"445","1","2026083","20260817","20260821","24","1",0,0,0,0,0
"445","1","2026083","20260817","20260821","24","2",0,0,0,0,0
"445","1","2026083","20260817","20260821","31","1",0,0,0,0,0
"445","1","2026083","20260817","20260821","31","2",0,0,0,0,0
"445","1","2026083","20260817","20260821","32","1",0,0,0,0,0
"445","1","2026083","20260817","20260821","32","2",0,0,0,0,0
"445","1","2026083","20260817","20260821","33","1",0,0,0,0,0
"445","1","2026083","20260817","20260821","33","2",0,0,0,0,0
"445","1","2026083","20260817","20260821","41","1",0,0,0,0,0
"445","1","2026083","20260817","20260821","41","2",0,0,0,0,0
"445","1","2026083","20260817","20260821","51","1",0,0,0,0,0
"445","1","2026083","20260817","20260821","51","2",0,0,0,0,0
"445","1","2026083","20260817","20260821","60","1",0,0,0,0,0
"445","1","2026083","20260817","20260821","60","2",0,0,0,0,0
"425","1","2026083","20260817","20260821","11","1",0,0,0,0,0
"425","1","2026083","20260817","20260821","11","2",0,0,0,0,0
"425","1","2026083","20260817","20260821","21","1",0,0,0,0,0
"425","1","2026083","20260817","20260821","21","2",0,0,0,0,0
"425","1","2026083","20260817","20260821","22","1",0,0,0,0,0
"425","1","2026083","20260817","20260821","22","2",0,0,0,0,0
"425","1","2026083","20260817","20260821","23","1",0,0,0,0,0
"425","1","2026083","20260817","20260821","23","2",0,0,0,0,0
"425","1","2026083","20260817","20260821","24","1",0,0,0,0,0
"425","1","2026083","20260817","20260821","24","2",0,0,0,0,0
"425","1","2026083","20260817","20260821","31","1",0,0,0,0,0
"425","1","2026083","20260817","20260821","31","2",0,0,0,0,0
"425","1","2026083","20260817","20260821","32","1",0,0,165,165,165
"425","1","2026083","20260817","20260821","32","2",0,0,106671300,106671300,106671300
"425","1","2026083","20260817","20260821","33","1",15,-15,0,0,15
"425","1","2026083","20260817","20260821","33","2",8391300,-8391300,0,0,8391300
"425","1","2026083","20260817","20260821","41","1",0,0,0,0,0
"425","1","2026083","20260817","20260821","41","2",0,0,0,0,0
"425","1","2026083","20260817","20260821","51","1",0,0,0,0,0
"425","1","2026083","20260817","20260821","51","2",0,0,0,0,0
"425","1","2026083","20260817","20260821","60","1",150,-150,0,0,150
"425","1","2026083","20260817","20260821","60","2",98280000,-98280000,0,0,98280000
"424","1","2026083","20260817","20260821","11","1",0,0,0,0,0
"424","1","2026083","20260817","20260821","11","2",0,0,0,0,0
"424","1","2026083","20260817","20260821","21","1",0,0,0,0,0
"424","1","2026083","20260817","20260821","21","2",0,0,0,0,0
"424","1","2026083","20260817","20260821","22","1",0,0,0,0,0
"424","1","2026083","20260817","20260821","22","2",0,0,0,0,0
"424","1","2026083","20260817","20260821","23","1",0,0,0,0,0
"424","1","2026083","20260817","20260821","23","2",0,0,0,0,0
"424","1","2026083","20260817","20260821","24","1",0,0,0,0,0
"424","1","2026083","20260817","20260821","24","2",0,0,0,0,0
"424","1","2026083","20260817","20260821","31","1",0,0,0,0,0
"424","1","2026083","20260817","20260821","31","2",0,0,0,0,0
"424","1","2026083","20260817","20260821","32","1",60,0,120,60,180
"424","1","2026083","20260817","20260821","32","2",27748800,0,55497600,27748800,83246400
"424","1","2026083","20260817","20260821","33","1",0,0,0,0,0
"424","1","2026083","20260817","20260821","33","2",0,0,0,0,0
"424","1","2026083","20260817","20260821","41","1",0,0,0,0,0
"424","1","2026083","20260817","20260821","41","2",0,0,0,0,0
"424","1","2026083","20260817","20260821","51","1",0,0,0,0,0
"424","1","2026083","20260817","20260821","51","2",0,0,0,0,0
"424","1","2026083","20260817","20260821","60","1",60,-60,0,0,60
"424","1","2026083","20260817","20260821","60","2",27748800,-27748800,0,0,27748800
"446","1","2026083","20260817","20260821","11","1",0,0,0,0,0
"446","1","2026083","20260817","20260821","11","2",0,0,0,0,0
"446","1","2026083","20260817","20260821","21","1",0,0,0,0,0
"446","1","2026083","20260817","20260821","21","2",0,0,0,0,0
"446","1","2026083","20260817","20260821","22","1",0,0,0,0,0
"446","1","2026083","20260817","20260821","22","2",0,0,0,0,0
"446","1","2026083","20260817","20260821","23","1",0,0,0,0,0
"446","1","2026083","20260817","20260821","23","2",0,0,0,0,0
"446","1","2026083","20260817","20260821","24","1",0,0,0,0,0
"446","1","2026083","20260817","20260821","24","2",0,0,0,0,0
"446","1","2026083","20260817","20260821","31","1",0,0,0,0,0
"446","1","2026083","20260817","20260821","31","2",0,0,0,0,0
"446","1","2026083","20260817","20260821","32","1",0,0,0,0,0
"446","1","2026083","20260817","20260821","32","2",0,0,0,0,0
"446","1","2026083","20260817","20260821","33","1",0,0,0,0,0
"446","1","2026083","20260817","20260821","33","2",0,0,0,0,0
"446","1","2026083","20260817","20260821","41","1",0,0,0,0,0
"446","1","2026083","20260817","20260821","41","2",0,0,0,0,0
"446","1","2026083","20260817","20260821","51","1",0,0,0,0,0
"446","1","2026083","20260817","20260821","51","2",0,0,0,0,0
"446","1","2026083","20260817","20260821","60","1",0,0,0,0,0
"446","1","2026083","20260817","20260821","60","2",0,0,0,0,0
"428","1","2026083","20260817","20260821","11","1",0,0,0,0,0
"428","1","2026083","20260817","20260821","11","2",0,0,0,0,0
"428","1","2026083","20260817","20260821","21","1",0,0,0,0,0
"428","1","2026083","20260817","20260821","21","2",0,0,0,0,0
"428","1","2026083","20260817","20260821","22","1",0,0,0,0,0
"428","1","2026083","20260817","20260821","22","2",0,0,0,0,0
"428","1","2026083","20260817","20260821","23","1",0,0,0,0,0
"428","1","2026083","20260817","20260821","23","2",0,0,0,0,0
"428","1","2026083","20260817","20260821","24","1",0,0,0,0,0
"428","1","2026083","20260817","20260821","24","2",0,0,0,0,0
"428","1","2026083","20260817","20260821","31","1",0,0,0,0,0
"428","1","2026083","20260817","20260821","31","2",0,0,0,0,0
"428","1","2026083","20260817","20260821","32","1",0,0,0,0,0
"428","1","2026083","20260817","20260821","32","2",0,0,0,0,0
"428","1","2026083","20260817","20260821","33","1",0,0,0,0,0
"428","1","2026083","20260817","20260821","33","2",0,0,0,0,0
"428","1","2026083","20260817","20260821","41","1",0,0,0,0,0
"428","1","2026083","20260817","20260821","41","2",0,0,0,0,0
"428","1","2026083","20260817","20260821","51","1",0,0,0,0,0
"428","1","2026083","20260817","20260821","51","2",0,0,0,0,0
"428","1","2026083","20260817","20260821","60","1",0,0,0,0,0
"428","1","2026083","20260817","20260821","60","2",0,0,0,0,0
"427","1","2026083","20260817","20260821","11","1",0,0,0,0,0
"427","1","2026083","20260817","20260821","11","2",0,0,0,0,0
"427","1","2026083","20260817","20260821","21","1",0,0,0,0,0
"427","1","2026083","20260817","20260821","21","2",0,0,0,0,0
"427","1","2026083","20260817","20260821","22","1",0,0,0,0,0
"427","1","2026083","20260817","20260821","22","2",0,0,0,0,0
"427","1","2026083","20260817","20260821","23","1",0,0,0,0,0
"427","1","2026083","20260817","20260821","23","2",0,0,0,0,0
"427","1","2026083","20260817","20260821","24","1",0,0,0,0,0
"427","1","2026083","20260817","20260821","24","2",0,0,0,0,0
"427","1","2026083","20260817","20260821","31","1",0,0,0,0,0
"427","1","2026083","20260817","20260821","31","2",0,0,0,0,0
"427","1","2026083","20260817","20260821","32","1",0,0,0,0,0
"427","1","2026083","20260817","20260821","32","2",0,0,0,0,0
"427","1","2026083","20260817","20260821","33","1",0,0,0,0,0
"427","1","2026083","20260817","20260821","33","2",0,0,0,0,0
"427","1","2026083","20260817","20260821","41","1",0,0,0,0,0
"427","1","2026083","20260817","20260821","41","2",0,0,0,0,0
"427","1","2026083","20260817","20260821","51","1",0,0,0,0,0
"427","1","2026083","20260817","20260821","51","2",0,0,0,0,0
"427","1","2026083","20260817","20260821","60","1",0,0,0,0,0
"427","1","2026083","20260817","20260821","60","2",0,0,0,0,0
"430","1","2026083","20260817","20260821","11","1",0,0,0,0,0
"430","1","2026083","20260817","20260821","11","2",0,0,0,0,0
"430","1","2026083","20260817","20260821","21","1",0,0,0,0,0
"430","1","2026083","20260817","20260821","21","2",0,0,0,0,0
"430","1","2026083","20260817","20260821","22","1",0,0,0,0,0
"430","1","2026083","20260817","20260821","22","2",0,0,0,0,0
"430","1","2026083","20260817","20260821","23","1",0,0,0,0,0
"430","1","2026083","20260817","20260821","23","2",0,0,0,0,0
"430","1","2026083","20260817","20260821","24","1",0,0,0,0,0
"430","1","2026083","20260817","20260821","24","2",0,0,0,0,0
"430","1","2026083","20260817","20260821","31","1",0,0,0,0,0
"430","1","2026083","20260817","20260821","31","2",0,0,0,0,0
"430","1","2026083","20260817","20260821","32","1",0,0,0,0,0
"430","1","2026083","20260817","20260821","32","2",0,0,0,0,0
"430","1","2026083","20260817","20260821","33","1",0,0,0,0,0
"430","1","2026083","20260817","20260821","33","2",0,0,0,0,0
"430","1","2026083","20260817","20260821","41","1",0,0,0,0,0
"430","1","2026083","20260817","20260821","41","2",0,0,0,0,0
"430","1","2026083","20260817","20260821","51","1",0,0,0,0,0
"430","1","2026083","20260817","20260821","51","2",0,0,0,0,0
"430","1","2026083","20260817","20260821","60","1",0,0,0,0,0
"430","1","2026083","20260817","20260821","60","2",0,0,0,0,0
"429","1","2026083","20260817","20260821","11","1",0,0,0,0,0
"429","1","2026083","20260817","20260821","11","2",0,0,0,0,0
"429","1","2026083","20260817","20260821","21","1",0,0,0,0,0
"429","1","2026083","20260817","20260821","21","2",0,0,0,0,0
"429","1","2026083","20260817","20260821","22","1",0,0,0,0,0
"429","1","2026083","20260817","20260821","22","2",0,0,0,0,0
"429","1","2026083","20260817","20260821","23","1",0,0,0,0,0
"429","1","2026083","20260817","20260821","23","2",0,0,0,0,0
"429","1","2026083","20260817","20260821","24","1",0,0,0,0,0
"429","1","2026083","20260817","20260821","24","2",0,0,0,0,0
"429","1","2026083","20260817","20260821","31","1",0,0,0,0,0
"429","1","2026083","20260817","20260821","31","2",0,0,0,0,0
"429","1","2026083","20260817","20260821","32","1",0,0,0,0,0
"429","1","2026083","20260817","20260821","32","2",0,0,0,0,0
"429","1","2026083","20260817","20260821","33","1",0,0,0,0,0
"429","1","2026083","20260817","20260821","33","2",0,0,0,0,0
"429","1","2026083","20260817","20260821","41","1",0,0,0,0,0
"429","1","2026083","20260817","20260821","41","2",0,0,0,0,0
"429","1","2026083","20260817","20260821","51","1",0,0,0,0,0
"429","1","2026083","20260817","20260821","51","2",0,0,0,0,0
"429","1","2026083","20260817","20260821","60","1",0,0,0,0,0
"429","1","2026083","20260817","20260821","60","2",0,0,0,0,0
"433","1","2026083","20260817","20260821","11","1",0,0,0,0,0
"433","1","2026083","20260817","20260821","11","2",0,0,0,0,0
"433","1","2026083","20260817","20260821","21","1",0,0,0,0,0
"433","1","2026083","20260817","20260821","21","2",0,0,0,0,0
"433","1","2026083","20260817","20260821","22","1",0,0,0,0,0
"433","1","2026083","20260817","20260821","22","2",0,0,0,0,0
"433","1","2026083","20260817","20260821","23","1",0,0,0,0,0
"433","1","2026083","20260817","20260821","23","2",0,0,0,0,0
"433","1","2026083","20260817","20260821","24","1",0,0,0,0,0
"433","1","2026083","20260817","20260821","24","2",0,0,0,0,0
"433","1","2026083","20260817","20260821","31","1",0,0,0,0,0
"433","1","2026083","20260817","20260821","31","2",0,0,0,0,0
"433","1","2026083","20260817","20260821","32","1",5,0,5,0,10
"433","1","2026083","20260817","20260821","32","2",72468000,0,72468000,0,144936000
"433","1","2026083","20260817","20260821","33","1",0,0,0,0,0
"433","1","2026083","20260817","20260821","33","2",0,0,0,0,0
"433","1","2026083","20260817","20260821","41","1",0,0,0,0,0
"433","1","2026083","20260817","20260821","41","2",0,0,0,0,0
"433","1","2026083","20260817","20260821","51","1",0,0,0,0,0
"433","1","2026083","20260817","20260821","51","2",0,0,0,0,0
"433","1","2026083","20260817","20260821","60","1",0,0,0,0,0
"433","1","2026083","20260817","20260821","60","2",0,0,0,0,0
"432","1","2026083","20260817","20260821","11","1",0,0,0,0,0
"432","1","2026083","20260817","20260821","11","2",0,0,0,0,0
"432","1","2026083","20260817","20260821","21","1",0,0,0,0,0
"432","1","2026083","20260817","20260821","21","2",0,0,0,0,0
"432","1","2026083","20260817","20260821","22","1",0,0,0,0,0
"432","1","2026083","20260817","20260821","22","2",0,0,0,0,0
"432","1","2026083","20260817","20260821","23","1",0,0,0,0,0
"432","1","2026083","20260817","20260821","23","2",0,0,0,0,0
"432","1","2026083","20260817","20260821","24","1",0,0,0,0,0
"432","1","2026083","20260817","20260821","24","2",0,0,0,0,0
"432","1","2026083","20260817","20260821","31","1",0,0,0,0,0
"432","1","2026083","20260817","20260821","31","2",0,0,0,0,0
"432","1","2026083","20260817","20260821","32","1",0,0,0,0,0
"432","1","2026083","20260817","20260821","32","2",0,0,0,0,0
"432","1","2026083","20260817","20260821","33","1",0,0,0,0,0
"432","1","2026083","20260817","20260821","33","2",0,0,0,0,0
"432","1","2026083","20260817","20260821","41","1",0,0,0,0,0
"432","1","2026083","20260817","20260821","41","2",0,0,0,0,0
"432","1","2026083","20260817","20260821","51","1",0,0,0,0,0
"432","1","2026083","20260817","20260821","51","2",0,0,0,0,0
"432","1","2026083","20260817","20260821","60","1",0,0,0,0,0
"432","1","2026083","20260817","20260821","60","2",0,0,0,0,0
"447","1","2026083","20260817","20260821","11","1",0,0,0,0,0
"447","1","2026083","20260817","20260821","11","2",0,0,0,0,0
"447","1","2026083","20260817","20260821","21","1",0,0,0,0,0
"447","1","2026083","20260817","20260821","21","2",0,0,0,0,0
"447","1","2026083","20260817","20260821","22","1",0,0,0,0,0
"447","1","2026083","20260817","20260821","22","2",0,0,0,0,0
"447","1","2026083","20260817","20260821","23","1",0,0,0,0,0
"447","1","2026083","20260817","20260821","23","2",0,0,0,0,0
"447","1","2026083","20260817","20260821","24","1",0,0,0,0,0
"447","1","2026083","20260817","20260821","24","2",0,0,0,0,0
"447","1","2026083","20260817","20260821","31","1",0,0,0,0,0
"447","1","2026083","20260817","20260821","31","2",0,0,0,0,0
"447","1","2026083","20260817","20260821","32","1",0,0,0,0,0
"447","1","2026083","20260817","20260821","32","2",0,0,0,0,0
"447","1","2026083","20260817","20260821","33","1",0,0,0,0,0
"447","1","2026083","20260817","20260821","33","2",0,0,0,0,0
"447","1","2026083","20260817","20260821","41","1",0,0,0,0,0
"447","1","2026083","20260817","20260821","41","2",0,0,0,0,0
"447","1","2026083","20260817","20260821","51","1",0,0,0,0,0
"447","1","2026083","20260817","20260821","51","2",0,0,0,0,0
"447","1","2026083","20260817","20260821","60","1",0,0,0,0,0
"447","1","2026083","20260817","20260821","60","2",0,0,0,0,0
"435","1","2026083","20260817","20260821","11","1",0,0,0,0,0
"435","1","2026083","20260817","20260821","11","2",0,0,0,0,0
"435","1","2026083","20260817","20260821","21","1",0,0,0,0,0
"435","1","2026083","20260817","20260821","21","2",0,0,0,0,0
"435","1","2026083","20260817","20260821","22","1",0,0,0,0,0
"435","1","2026083","20260817","20260821","22","2",0,0,0,0,0
"435","1","2026083","20260817","20260821","23","1",0,0,0,0,0
"435","1","2026083","20260817","20260821","23","2",0,0,0,0,0
"435","1","2026083","20260817","20260821","24","1",0,0,0,0,0
"435","1","2026083","20260817","20260821","24","2",0,0,0,0,0
"435","1","2026083","20260817","20260821","31","1",0,0,0,0,0
"435","1","2026083","20260817","20260821","31","2",0,0,0,0,0
"435","1","2026083","20260817","20260821","32","1",0,0,0,0,0
"435","1","2026083","20260817","20260821","32","2",0,0,0,0,0
"435","1","2026083","20260817","20260821","33","1",0,0,0,0,0
"435","1","2026083","20260817","20260821","33","2",0,0,0,0,0
"435","1","2026083","20260817","20260821","41","1",0,0,0,0,0
"435","1","2026083","20260817","20260821","41","2",0,0,0,0,0
"435","1","2026083","20260817","20260821","51","1",0,0,0,0,0
"435","1","2026083","20260817","20260821","51","2",0,0,0,0,0
"435","1","2026083","20260817","20260821","60","1",0,0,0,0,0
"435","1","2026083","20260817","20260821","60","2",0,0,0,0,0
"434","1","2026083","20260817","20260821","11","1",0,0,0,0,0
"434","1","2026083","20260817","20260821","11","2",0,0,0,0,0
"434","1","2026083","20260817","20260821","21","1",0,0,0,0,0
"434","1","2026083","20260817","20260821","21","2",0,0,0,0,0
"434","1","2026083","20260817","20260821","22","1",0,0,0,0,0
"434","1","2026083","20260817","20260821","22","2",0,0,0,0,0
"434","1","2026083","20260817","20260821","23","1",0,0,0,0,0
"434","1","2026083","20260817","20260821","23","2",0,0,0,0,0
"434","1","2026083","20260817","20260821","24","1",0,0,0,0,0
"434","1","2026083","20260817","20260821","24","2",0,0,0,0,0
"434","1","2026083","20260817","20260821","31","1",0,0,0,0,0
"434","1","2026083","20260817","20260821","31","2",0,0,0,0,0
"434","1","2026083","20260817","20260821","32","1",0,0,0,0,0
"434","1","2026083","20260817","20260821","32","2",0,0,0,0,0
"434","1","2026083","20260817","20260821","33","1",0,0,0,0,0
"434","1","2026083","20260817","20260821","33","2",0,0,0,0,0
"434","1","2026083","20260817","20260821","41","1",0,0,0,0,0
"434","1","2026083","20260817","20260821","41","2",0,0,0,0,0
"434","1","2026083","20260817","20260821","51","1",0,0,0,0,0
"434","1","2026083","20260817","20260821","51","2",0,0,0,0,0
"434","1","2026083","20260817","20260821","60","1",0,0,0,0,0
"434","1","2026083","20260817","20260821","60","2",0,0,0,0,0
"448","1","2026083","20260817","20260821","11","1",0,0,0,0,0
"448","1","2026083","20260817","20260821","11","2",0,0,0,0,0
"448","1","2026083","20260817","20260821","21","1",0,0,0,0,0
"448","1","2026083","20260817","20260821","21","2",0,0,0,0,0
"448","1","2026083","20260817","20260821","22","1",0,0,0,0,0
"448","1","2026083","20260817","20260821","22","2",0,0,0,0,0
"448","1","2026083","20260817","20260821","23","1",0,0,0,0,0
"448","1","2026083","20260817","20260821","23","2",0,0,0,0,0
"448","1","2026083","20260817","20260821","24","1",0,0,0,0,0
"448","1","2026083","20260817","20260821","24","2",0,0,0,0,0
"448","1","2026083","20260817","20260821","31","1",0,0,0,0,0
"448","1","2026083","20260817","20260821","31","2",0,0,0,0,0
"448","1","2026083","20260817","20260821","32","1",0,0,0,0,0
"448","1","2026083","20260817","20260821","32","2",0,0,0,0,0
"448","1","2026083","20260817","20260821","33","1",0,0,0,0,0
"448","1","2026083","20260817","20260821","33","2",0,0,0,0,0
"448","1","2026083","20260817","20260821","41","1",0,0,0,0,0
"448","1","2026083","20260817","20260821","41","2",0,0,0,0,0
"448","1","2026083","20260817","20260821","51","1",0,0,0,0,0
"448","1","2026083","20260817","20260821","51","2",0,0,0,0,0
"448","1","2026083","20260817","20260821","60","1",0,0,0,0,0
"448","1","2026083","20260817","20260821","60","2",0,0,0,0,0
"426","1","2026083","20260817","20260821","11","1",0,0,0,0,0
"426","1","2026083","20260817","20260821","11","2",0,0,0,0,0
"426","1","2026083","20260817","20260821","21","1",0,0,0,0,0
"426","1","2026083","20260817","20260821","21","2",0,0,0,0,0
"426","1","2026083","20260817","20260821","22","1",0,0,0,0,0
"426","1","2026083","20260817","20260821","22","2",0,0,0,0,0
"426","1","2026083","20260817","20260821","23","1",0,0,0,0,0
"426","1","2026083","20260817","20260821","23","2",0,0,0,0,0
"426","1","2026083","20260817","20260821","24","1",0,0,0,0,0
"426","1","2026083","20260817","20260821","24","2",0,0,0,0,0
"426","1","2026083","20260817","20260821","31","1",0,0,0,0,0
"426","1","2026083","20260817","20260821","31","2",0,0,0,0,0
"426","1","2026083","20260817","20260821","32","1",0,0,0,0,0
"426","1","2026083","20260817","20260821","32","2",0,0,0,0,0
"426","1","2026083","20260817","20260821","33","1",0,0,0,0,0
"426","1","2026083","20260817","20260821","33","2",0,0,0,0,0
"426","1","2026083","20260817","20260821","41","1",0,0,0,0,0
"426","1","2026083","20260817","20260821","41","2",0,0,0,0,0
"426","1","2026083","20260817","20260821","51","1",0,0,0,0,0
"426","1","2026083","20260817","20260821","51","2",0,0,0,0,0
"426","1","2026083","20260817","20260821","60","1",0,0,0,0,0
"426","1","2026083","20260817","20260821","60","2",0,0,0,0,0
"420","1","2026083","20260817","20260821","11","1",0,0,0,0,0
"420","1","2026083","20260817","20260821","11","2",0,0,0,0,0
"420","1","2026083","20260817","20260821","21","1",0,0,0,0,0
"420","1","2026083","20260817","20260821","21","2",0,0,0,0,0
"420","1","2026083","20260817","20260821","22","1",0,0,0,0,0
"420","1","2026083","20260817","20260821","22","2",0,0,0,0,0
"420","1","2026083","20260817","20260821","23","1",0,0,0,0,0
"420","1","2026083","20260817","20260821","23","2",0,0,0,0,0
"420","1","2026083","20260817","20260821","24","1",0,0,0,0,0
"420","1","2026083","20260817","20260821","24","2",0,0,0,0,0
"420","1","2026083","20260817","20260821","31","1",0,0,0,0,0
"420","1","2026083","20260817","20260821","31","2",0,0,0,0,0
"420","1","2026083","20260817","20260821","32","1",0,0,0,0,0
"420","1","2026083","20260817","20260821","32","2",0,0,0,0,0
"420","1","2026083","20260817","20260821","33","1",0,0,0,0,0
"420","1","2026083","20260817","20260821","33","2",0,0,0,0,0
"420","1","2026083","20260817","20260821","41","1",0,0,0,0,0
"420","1","2026083","20260817","20260821","41","2",0,0,0,0,0
"420","1","2026083","20260817","20260821","51","1",0,0,0,0,0
"420","1","2026083","20260817","20260821","51","2",0,0,0,0,0
"420","1","2026083","20260817","20260821","60","1",0,0,0,0,0
"420","1","2026083","20260817","20260821","60","2",0,0,0,0,0
"421","1","2026083","20260817","20260821","11","1",0,0,0,0,0
"421","1","2026083","20260817","20260821","11","2",0,0,0,0,0
"421","1","2026083","20260817","20260821","21","1",0,0,0,0,0
"421","1","2026083","20260817","20260821","21","2",0,0,0,0,0
"421","1","2026083","20260817","20260821","22","1",0,0,0,0,0
"421","1","2026083","20260817","20260821","22","2",0,0,0,0,0
"421","1","2026083","20260817","20260821","23","1",0,0,0,0,0
"421","1","2026083","20260817","20260821","23","2",0,0,0,0,0
"421","1","2026083","20260817","20260821","24","1",0,0,0,0,0
"421","1","2026083","20260817","20260821","24","2",0,0,0,0,0
"421","1","2026083","20260817","20260821","31","1",0,0,0,0,0
"421","1","2026083","20260817","20260821","31","2",0,0,0,0,0
"421","1","2026083","20260817","20260821","32","1",0,0,0,0,0
"421","1","2026083","20260817","20260821","32","2",0,0,0,0,0
"421","1","2026083","20260817","20260821","33","1",0,0,0,0,0
"421","1","2026083","20260817","20260821","33","2",0,0,0,0,0
"421","1","2026083","20260817","20260821","41","1",0,0,0,0,0
"421","1","2026083","20260817","20260821","41","2",0,0,0,0,0
"421","1","2026083","20260817","20260821","51","1",0,0,0,0,0
"421","1","2026083","20260817","20260821","51","2",0,0,0,0,0
"421","1","2026083","20260817","20260821","60","1",0,0,0,0,0
"421","1","2026083","20260817","20260821","60","2",0,0,0,0,0
"303","1","2026083","20260817","20260821","11","1",14112,-1824,12288,0,26400
"303","1","2026083","20260817","20260821","11","2",7349422200,-2791283200,4558139000,0,11907561200
"303","1","2026083","20260817","20260821","21","1",0,0,0,0,0
"303","1","2026083","20260817","20260821","21","2",0,0,0,0,0
"303","1","2026083","20260817","20260821","22","1",50,0,1512,1462,1562
"303","1","2026083","20260817","20260821","22","2",28300000,0,490800000,462500000,519100000
"303","1","2026083","20260817","20260821","23","1",127,-89,38,0,165
"303","1","2026083","20260817","20260821","23","2",56531000,-30746000,25785000,0,82316000
"303","1","2026083","20260817","20260821","24","1",20,-20,0,0,20
"303","1","2026083","20260817","20260821","24","2",2550000,-2550000,0,0,2550000
"303","1","2026083","20260817","20260821","31","1",10,0,10,0,20
"303","1","2026083","20260817","20260821","31","2",4900000,-450000,4450000,0,9350000
"303","1","2026083","20260817","20260821","32","1",515,0,1140,625,1655
"303","1","2026083","20260817","20260821","32","2",207214470,-54616500,152597970,0,359812440
"303","1","2026083","20260817","20260821","33","1",110,-20,90,0,200
"303","1","2026083","20260817","20260821","33","2",30395000,0,31487000,1092000,61882000
"303","1","2026083","20260817","20260821","41","1",0,0,1,1,1
"303","1","2026083","20260817","20260821","41","2",0,0,310000,310000,310000
"303","1","2026083","20260817","20260821","51","1",12423,-2247,10176,0,22599
"303","1","2026083","20260817","20260821","51","2",2922614900,-404086960,2518527940,0,5441142840
"303","1","2026083","20260817","20260821","60","1",78034,0,80406,2372,158440
"303","1","2026083","20260817","20260821","60","2",71712434860,0,73010418520,1297983660,144722853380
"304","1","2026083","20260817","20260821","11","1",3821,-1175,2646,0,6467
"304","1","2026083","20260817","20260821","11","2",2437976000,-672595000,1765381000,0,4203357000
"304","1","2026083","20260817","20260821","21","1",0,0,0,0,0
"304","1","2026083","20260817","20260821","21","2",0,0,0,0,0
"304","1","2026083","20260817","20260821","22","1",66,-45,21,0,87
"304","1","2026083","20260817","20260821","22","2",44290000,-40300000,3990000,0,48280000
"304","1","2026083","20260817","20260821","23","1",335,-310,25,0,360
"304","1","2026083","20260817","20260821","23","2",125773000,-93173000,32600000,0,158373000
"304","1","2026083","20260817","20260821","24","1",0,0,0,0,0
"304","1","2026083","20260817","20260821","24","2",0,0,0,0,0
"304","1","2026083","20260817","20260821","31","1",20,0,40,20,60
"304","1","2026083","20260817","20260821","31","2",14315000,-45000,14270000,0,28585000
"304","1","2026083","20260817","20260821","32","1",406,-83,323,0,729
"304","1","2026083","20260817","20260821","32","2",111119070,-11040850,100078220,0,211197290
"304","1","2026083","20260817","20260821","33","1",131,0,194,63,325
"304","1","2026083","20260817","20260821","33","2",41117000,-15581000,25536000,0,66653000
"304","1","2026083","20260817","20260821","41","1",0,0,3,3,3
"304","1","2026083","20260817","20260821","41","2",0,0,400000,400000,400000
"304","1","2026083","20260817","20260821","51","1",9021,0,11280,2259,20301
"304","1","2026083","20260817","20260821","51","2",2066225170,0,2135310360,69085190,4201535530
"304","1","2026083","20260817","20260821","60","1",50676,-630,50046,0,100722
"304","1","2026083","20260817","20260821","60","2",60315928706,0,60954717366,638788660,121270646072
"332","1","2026083","20260817","20260821","11","1",10277,-4455,5822,0,16099
"332","1","2026083","20260817","20260821","11","2",20675700,-3233600,17442100,0,38117800
"332","1","2026083","20260817","20260821","21","1",0,0,0,0,0
"332","1","2026083","20260817","20260821","21","2",0,0,0,0,0
"332","1","2026083","20260817","20260821","22","1",0,0,0,0,0
"332","1","2026083","20260817","20260821","22","2",0,0,0,0,0
"332","1","2026083","20260817","20260821","23","1",10,0,10,0,20
"332","1","2026083","20260817","20260821","23","2",785000,0,907500,122500,1692500
"332","1","2026083","20260817","20260821","24","1",0,0,0,0,0
"332","1","2026083","20260817","20260821","24","2",0,0,0,0,0
"332","1","2026083","20260817","20260821","31","1",0,0,0,0,0
"332","1","2026083","20260817","20260821","31","2",0,0,0,0,0
"332","1","2026083","20260817","20260821","32","1",1723,-376,1347,0,3070
"332","1","2026083","20260817","20260821","32","2",94138070,-575790,93562280,0,187700350
"332","1","2026083","20260817","20260821","33","1",493,-59,434,0,927
"332","1","2026083","20260817","20260821","33","2",32963400,0,40637890,7674490,73601290
"332","1","2026083","20260817","20260821","41","1",0,0,0,0,0
"332","1","2026083","20260817","20260821","41","2",0,0,0,0,0
"332","1","2026083","20260817","20260821","51","1",59433,-10461,48972,0,108405
"332","1","2026083","20260817","20260821","51","2",2680987130,0,2856820060,175832930,5537807190
"332","1","2026083","20260817","20260821","60","1",81663,0,97984,16321,179647
"332","1","2026083","20260817","20260821","60","2",4864742160,-50828330,4813913830,0,9678655990
"333","1","2026083","20260817","20260821","11","1",3162,-2746,416,0,3578
"333","1","2026083","20260817","20260821","11","2",1961100,-160700,1800400,0,3761500
"333","1","2026083","20260817","20260821","21","1",0,0,0,0,0
"333","1","2026083","20260817","20260821","21","2",0,0,0,0,0
"333","1","2026083","20260817","20260821","22","1",0,0,0,0,0
"333","1","2026083","20260817","20260821","22","2",0,0,0,0,0
"333","1","2026083","20260817","20260821","23","1",5,-5,0,0,5
"333","1","2026083","20260817","20260821","23","2",207500,-207500,0,0,207500
"333","1","2026083","20260817","20260821","24","1",0,0,0,0,0
"333","1","2026083","20260817","20260821","24","2",0,0,0,0,0
"333","1","2026083","20260817","20260821","31","1",0,0,0,0,0
"333","1","2026083","20260817","20260821","31","2",0,0,0,0,0
"333","1","2026083","20260817","20260821","32","1",1352,-124,1228,0,2580
"333","1","2026083","20260817","20260821","32","2",55180390,-4461730,50718660,0,105899050
"333","1","2026083","20260817","20260821","33","1",513,-49,464,0,977
"333","1","2026083","20260817","20260821","33","2",38883000,-3516000,35367000,0,74250000
"333","1","2026083","20260817","20260821","41","1",0,0,0,0,0
"333","1","2026083","20260817","20260821","41","2",0,0,0,0,0
"333","1","2026083","20260817","20260821","51","1",41180,0,41875,695,83055
"333","1","2026083","20260817","20260821","51","2",2425662150,-53016960,2372645190,0,4798307340
"333","1","2026083","20260817","20260821","60","1",68486,0,71819,3333,140305
"333","1","2026083","20260817","20260821","60","2",3863631100,0,4010882290,147251190,7874513390
"319","1","2026083","20260817","20260821","11","1",400,-400,0,0,400
"319","1","2026083","20260817","20260821","11","2",272575000,-272575000,0,0,272575000
"319","1","2026083","20260817","20260821","21","1",0,0,0,0,0
"319","1","2026083","20260817","20260821","21","2",0,0,0,0,0
"319","1","2026083","20260817","20260821","22","1",0,0,0,0,0
"319","1","2026083","20260817","20260821","22","2",0,0,0,0,0
"319","1","2026083","20260817","20260821","23","1",0,0,0,0,0
"319","1","2026083","20260817","20260821","23","2",0,0,0,0,0
"319","1","2026083","20260817","20260821","24","1",0,0,0,0,0
"319","1","2026083","20260817","20260821","24","2",0,0,0,0,0
"319","1","2026083","20260817","20260821","31","1",0,0,0,0,0
"319","1","2026083","20260817","20260821","31","2",0,0,0,0,0
"319","1","2026083","20260817","20260821","32","1",0,0,0,0,0
"319","1","2026083","20260817","20260821","32","2",0,0,0,0,0
"319","1","2026083","20260817","20260821","33","1",0,0,0,0,0
"319","1","2026083","20260817","20260821","33","2",0,0,0,0,0
"319","1","2026083","20260817","20260821","41","1",0,0,0,0,0
"319","1","2026083","20260817","20260821","41","2",0,0,0,0,0
"319","1","2026083","20260817","20260821","51","1",0,0,0,0,0
"319","1","2026083","20260817","20260821","51","2",0,0,0,0,0
"319","1","2026083","20260817","20260821","60","1",6045,0,6545,500,12590
"319","1","2026083","20260817","20260821","60","2",4278608124,0,4608183124,329575000,8886791248
"320","1","2026083","20260817","20260821","11","1",100,0,200,100,300
"320","1","2026083","20260817","20260821","11","2",118000000,-102600000,15400000,0,133400000
"320","1","2026083","20260817","20260821","21","1",0,0,0,0,0
"320","1","2026083","20260817","20260821","21","2",0,0,0,0,0
"320","1","2026083","20260817","20260821","22","1",0,0,0,0,0
"320","1","2026083","20260817","20260821","22","2",0,0,0,0,0
"320","1","2026083","20260817","20260821","23","1",0,0,0,0,0
"320","1","2026083","20260817","20260821","23","2",0,0,0,0,0
"320","1","2026083","20260817","20260821","24","1",0,0,0,0,0
"320","1","2026083","20260817","20260821","24","2",0,0,0,0,0
"320","1","2026083","20260817","20260821","31","1",0,0,0,0,0
"320","1","2026083","20260817","20260821","31","2",0,0,0,0,0
"320","1","2026083","20260817","20260821","32","1",0,0,0,0,0
"320","1","2026083","20260817","20260821","32","2",0,0,0,0,0
"320","1","2026083","20260817","20260821","33","1",0,0,0,0,0
"320","1","2026083","20260817","20260821","33","2",0,0,0,0,0
"320","1","2026083","20260817","20260821","41","1",0,0,0,0,0
"320","1","2026083","20260817","20260821","41","2",0,0,0,0,0
"320","1","2026083","20260817","20260821","51","1",0,0,0,0,0
"320","1","2026083","20260817","20260821","51","2",0,0,0,0,0
"320","1","2026083","20260817","20260821","60","1",1561,-100,1461,0,3022
"320","1","2026083","20260817","20260821","60","2",1101703000,0,1204303000,102600000,2306006000
"327","1","2026083","20260817","20260821","11","1",0,0,0,0,0
"327","1","2026083","20260817","20260821","11","2",0,0,0,0,0
"327","1","2026083","20260817","20260821","21","1",0,0,0,0,0
"327","1","2026083","20260817","20260821","21","2",0,0,0,0,0
"327","1","2026083","20260817","20260821","22","1",0,0,0,0,0
"327","1","2026083","20260817","20260821","22","2",0,0,0,0,0
"327","1","2026083","20260817","20260821","23","1",0,0,0,0,0
"327","1","2026083","20260817","20260821","23","2",0,0,0,0,0
"327","1","2026083","20260817","20260821","24","1",0,0,0,0,0
"327","1","2026083","20260817","20260821","24","2",0,0,0,0,0
"327","1","2026083","20260817","20260821","31","1",0,0,0,0,0
"327","1","2026083","20260817","20260821","31","2",0,0,0,0,0
"327","1","2026083","20260817","20260821","32","1",0,0,0,0,0
"327","1","2026083","20260817","20260821","32","2",0,0,0,0,0
"327","1","2026083","20260817","20260821","33","1",0,0,0,0,0
"327","1","2026083","20260817","20260821","33","2",0,0,0,0,0
"327","1","2026083","20260817","20260821","41","1",0,0,0,0,0
"327","1","2026083","20260817","20260821","41","2",0,0,0,0,0
"327","1","2026083","20260817","20260821","51","1",0,0,0,0,0
"327","1","2026083","20260817","20260821","51","2",0,0,0,0,0
"327","1","2026083","20260817","20260821","60","1",0,0,0,0,0
"327","1","2026083","20260817","20260821","60","2",0,0,0,0,0
"328","1","2026083","20260817","20260821","11","1",0,0,0,0,0
"328","1","2026083","20260817","20260821","11","2",0,0,0,0,0
"328","1","2026083","20260817","20260821","21","1",0,0,0,0,0
"328","1","2026083","20260817","20260821","21","2",0,0,0,0,0
"328","1","2026083","20260817","20260821","22","1",0,0,0,0,0
"328","1","2026083","20260817","20260821","22","2",0,0,0,0,0
"328","1","2026083","20260817","20260821","23","1",0,0,0,0,0
"328","1","2026083","20260817","20260821","23","2",0,0,0,0,0
"328","1","2026083","20260817","20260821","24","1",0,0,0,0,0
"328","1","2026083","20260817","20260821","24","2",0,0,0,0,0
"328","1","2026083","20260817","20260821","31","1",0,0,0,0,0
"328","1","2026083","20260817","20260821","31","2",0,0,0,0,0
"328","1","2026083","20260817","20260821","32","1",0,0,0,0,0
"328","1","2026083","20260817","20260821","32","2",0,0,0,0,0
"328","1","2026083","20260817","20260821","33","1",0,0,0,0,0
"328","1","2026083","20260817","20260821","33","2",0,0,0,0,0
"328","1","2026083","20260817","20260821","41","1",0,0,0,0,0
"328","1","2026083","20260817","20260821","41","2",0,0,0,0,0
"328","1","2026083","20260817","20260821","51","1",0,0,0,0,0
"328","1","2026083","20260817","20260821","51","2",0,0,0,0,0
"328","1","2026083","20260817","20260821","60","1",0,0,0,0,0
"328","1","2026083","20260817","20260821","60","2",0,0,0,0,0
"439","1","2026083","20260817","20260821","11","1",0,0,0,0,0
"439","1","2026083","20260817","20260821","11","2",0,0,0,0,0
"439","1","2026083","20260817","20260821","21","1",0,0,0,0,0
"439","1","2026083","20260817","20260821","21","2",0,0,0,0,0
"439","1","2026083","20260817","20260821","22","1",0,0,0,0,0
"439","1","2026083","20260817","20260821","22","2",0,0,0,0,0
"439","1","2026083","20260817","20260821","23","1",0,0,0,0,0
"439","1","2026083","20260817","20260821","23","2",0,0,0,0,0
"439","1","2026083","20260817","20260821","24","1",0,0,0,0,0
"439","1","2026083","20260817","20260821","24","2",0,0,0,0,0
"439","1","2026083","20260817","20260821","31","1",0,0,0,0,0
"439","1","2026083","20260817","20260821","31","2",0,0,0,0,0
"439","1","2026083","20260817","20260821","32","1",0,0,0,0,0
"439","1","2026083","20260817","20260821","32","2",0,0,0,0,0
"439","1","2026083","20260817","20260821","33","1",0,0,0,0,0
"439","1","2026083","20260817","20260821","33","2",0,0,0,0,0
"439","1","2026083","20260817","20260821","41","1",0,0,0,0,0
"439","1","2026083","20260817","20260821","41","2",0,0,0,0,0
"439","1","2026083","20260817","20260821","51","1",0,0,0,0,0
"439","1","2026083","20260817","20260821","51","2",0,0,0,0,0
"439","1","2026083","20260817","20260821","60","1",0,0,0,0,0
"439","1","2026083","20260817","20260821","60","2",0,0,0,0,0
"440","1","2026083","20260817","20260821","11","1",0,0,0,0,0
"440","1","2026083","20260817","20260821","11","2",0,0,0,0,0
"440","1","2026083","20260817","20260821","21","1",0,0,0,0,0
"440","1","2026083","20260817","20260821","21","2",0,0,0,0,0
"440","1","2026083","20260817","20260821","22","1",0,0,0,0,0
"440","1","2026083","20260817","20260821","22","2",0,0,0,0,0
"440","1","2026083","20260817","20260821","23","1",0,0,0,0,0
"440","1","2026083","20260817","20260821","23","2",0,0,0,0,0
"440","1","2026083","20260817","20260821","24","1",0,0,0,0,0
"440","1","2026083","20260817","20260821","24","2",0,0,0,0,0
"440","1","2026083","20260817","20260821","31","1",0,0,0,0,0
"440","1","2026083","20260817","20260821","31","2",0,0,0,0,0
"440","1","2026083","20260817","20260821","32","1",0,0,0,0,0
"440","1","2026083","20260817","20260821","32","2",0,0,0,0,0
"440","1","2026083","20260817","20260821","33","1",0,0,0,0,0
"440","1","2026083","20260817","20260821","33","2",0,0,0,0,0
"440","1","2026083","20260817","20260821","41","1",0,0,0,0,0
"440","1","2026083","20260817","20260821","41","2",0,0,0,0,0
"440","1","2026083","20260817","20260821","51","1",0,0,0,0,0
"440","1","2026083","20260817","20260821","51","2",0,0,0,0,0
"440","1","2026083","20260817","20260821","60","1",0,0,0,0,0
"440","1","2026083","20260817","20260821","60","2",0,0,0,0,0
"441","1","2026083","20260817","20260821","11","1",0,0,0,0,0
"441","1","2026083","20260817","20260821","11","2",0,0,0,0,0
"441","1","2026083","20260817","20260821","21","1",0,0,0,0,0
"441","1","2026083","20260817","20260821","21","2",0,0,0,0,0
"441","1","2026083","20260817","20260821","22","1",0,0,0,0,0
"441","1","2026083","20260817","20260821","22","2",0,0,0,0,0
"441","1","2026083","20260817","20260821","23","1",0,0,0,0,0
"441","1","2026083","20260817","20260821","23","2",0,0,0,0,0
"441","1","2026083","20260817","20260821","24","1",0,0,0,0,0
"441","1","2026083","20260817","20260821","24","2",0,0,0,0,0
"441","1","2026083","20260817","20260821","31","1",0,0,0,0,0
"441","1","2026083","20260817","20260821","31","2",0,0,0,0,0
"441","1","2026083","20260817","20260821","32","1",0,0,0,0,0
"441","1","2026083","20260817","20260821","32","2",0,0,0,0,0
"441","1","2026083","20260817","20260821","33","1",0,0,0,0,0
"441","1","2026083","20260817","20260821","33","2",0,0,0,0,0
"441","1","2026083","20260817","20260821","41","1",0,0,0,0,0
"441","1","2026083","20260817","20260821","41","2",0,0,0,0,0
"441","1","2026083","20260817","20260821","51","1",0,0,0,0,0
"441","1","2026083","20260817","20260821","51","2",0,0,0,0,0
"441","1","2026083","20260817","20260821","60","1",0,0,0,0,0
"441","1","2026083","20260817","20260821","60","2",0,0,0,0,0
"442","1","2026083","20260817","20260821","11","1",0,0,0,0,0
"442","1","2026083","20260817","20260821","11","2",0,0,0,0,0
"442","1","2026083","20260817","20260821","21","1",0,0,0,0,0
"442","1","2026083","20260817","20260821","21","2",0,0,0,0,0
"442","1","2026083","20260817","20260821","22","1",0,0,0,0,0
"442","1","2026083","20260817","20260821","22","2",0,0,0,0,0
"442","1","2026083","20260817","20260821","23","1",0,0,0,0,0
"442","1","2026083","20260817","20260821","23","2",0,0,0,0,0
"442","1","2026083","20260817","20260821","24","1",0,0,0,0,0
"442","1","2026083","20260817","20260821","24","2",0,0,0,0,0
"442","1","2026083","20260817","20260821","31","1",0,0,0,0,0
"442","1","2026083","20260817","20260821","31","2",0,0,0,0,0
"442","1","2026083","20260817","20260821","32","1",0,0,0,0,0
"442","1","2026083","20260817","20260821","32","2",0,0,0,0,0
"442","1","2026083","20260817","20260821","33","1",0,0,0,0,0
"442","1","2026083","20260817","20260821","33","2",0,0,0,0,0
"442","1","2026083","20260817","20260821","41","1",0,0,0,0,0
"442","1","2026083","20260817","20260821","41","2",0,0,0,0,0
"442","1","2026083","20260817","20260821","51","1",0,0,0,0,0
"442","1","2026083","20260817","20260821","51","2",0,0,0,0,0
"442","1","2026083","20260817","20260821","60","1",0,0,0,0,0
"442","1","2026083","20260817","20260821","60","2",0,0,0,0,0
"321","1","2026083","20260817","20260821","11","1",102,0,151,49,253
"321","1","2026083","20260817","20260821","11","2",30130000,-16060000,14070000,0,44200000
"321","1","2026083","20260817","20260821","21","1",0,0,0,0,0
"321","1","2026083","20260817","20260821","21","2",0,0,0,0,0
"321","1","2026083","20260817","20260821","22","1",20,0,20,0,40
"321","1","2026083","20260817","20260821","22","2",2600000,0,6200000,3600000,8800000
"321","1","2026083","20260817","20260821","23","1",0,0,0,0,0
"321","1","2026083","20260817","20260821","23","2",0,0,0,0,0
"321","1","2026083","20260817","20260821","24","1",0,0,0,0,0
"321","1","2026083","20260817","20260821","24","2",0,0,0,0,0
"321","1","2026083","20260817","20260821","31","1",0,0,0,0,0
"321","1","2026083","20260817","20260821","31","2",0,0,0,0,0
"321","1","2026083","20260817","20260821","32","1",0,0,0,0,0
"321","1","2026083","20260817","20260821","32","2",0,0,0,0,0
"321","1","2026083","20260817","20260821","33","1",0,0,0,0,0
"321","1","2026083","20260817","20260821","33","2",0,0,0,0,0
"321","1","2026083","20260817","20260821","41","1",0,0,0,0,0
"321","1","2026083","20260817","20260821","41","2",0,0,0,0,0
"321","1","2026083","20260817","20260821","51","1",0,0,0,0,0
"321","1","2026083","20260817","20260821","51","2",0,0,0,0,0
"321","1","2026083","20260817","20260821","60","1",315,-115,200,0,515
"321","1","2026083","20260817","20260821","60","2",32100000,0,32650000,550000,64750000
"322","1","2026083","20260817","20260821","11","1",214,-17,197,0,411
"322","1","2026083","20260817","20260821","11","2",36150000,-8250000,27900000,0,64050000
"322","1","2026083","20260817","20260821","21","1",0,0,0,0,0
"322","1","2026083","20260817","20260821","21","2",0,0,0,0,0
"322","1","2026083","20260817","20260821","22","1",60,-40,20,0,80
"322","1","2026083","20260817","20260821","22","2",9600000,-1800000,7800000,0,17400000
"322","1","2026083","20260817","20260821","23","1",0,0,10,10,10
"322","1","2026083","20260817","20260821","23","2",0,0,100000,100000,100000
"322","1","2026083","20260817","20260821","24","1",0,0,0,0,0
"322","1","2026083","20260817","20260821","24","2",0,0,0,0,0
"322","1","2026083","20260817","20260821","31","1",0,0,0,0,0
"322","1","2026083","20260817","20260821","31","2",0,0,0,0,0
"322","1","2026083","20260817","20260821","32","1",0,0,0,0,0
"322","1","2026083","20260817","20260821","32","2",0,0,0,0,0
"322","1","2026083","20260817","20260821","33","1",0,0,0,0,0
"322","1","2026083","20260817","20260821","33","2",0,0,0,0,0
"322","1","2026083","20260817","20260821","41","1",0,0,0,0,0
"322","1","2026083","20260817","20260821","41","2",0,0,0,0,0
"322","1","2026083","20260817","20260821","51","1",0,0,0,0,0
"322","1","2026083","20260817","20260821","51","2",0,0,0,0,0
"322","1","2026083","20260817","20260821","60","1",333,0,468,135,801
"322","1","2026083","20260817","20260821","60","2",39730000,0,55300000,15570000,95030000
"307","1","2026083","20260817","20260821","11","1",9450,-3050,6400,0,15850
"307","1","2026083","20260817","20260821","11","2",259049500,-242552950,16496550,0,275546050
"307","1","2026083","20260817","20260821","21","1",0,0,0,0,0
"307","1","2026083","20260817","20260821","21","2",0,0,0,0,0
"307","1","2026083","20260817","20260821","22","1",0,0,0,0,0
"307","1","2026083","20260817","20260821","22","2",0,0,0,0,0
"307","1","2026083","20260817","20260821","23","1",0,0,0,0,0
"307","1","2026083","20260817","20260821","23","2",0,0,0,0,0
"307","1","2026083","20260817","20260821","24","1",0,0,0,0,0
"307","1","2026083","20260817","20260821","24","2",0,0,0,0,0
"307","1","2026083","20260817","20260821","31","1",0,0,0,0,0
"307","1","2026083","20260817","20260821","31","2",0,0,0,0,0
"307","1","2026083","20260817","20260821","32","1",2150,-131,2019,0,4169
"307","1","2026083","20260817","20260821","32","2",4572901,-1851147,2721754,0,7294655
"307","1","2026083","20260817","20260821","33","1",0,0,0,0,0
"307","1","2026083","20260817","20260821","33","2",0,0,0,0,0
"307","1","2026083","20260817","20260821","41","1",0,0,0,0,0
"307","1","2026083","20260817","20260821","41","2",0,0,0,0,0
"307","1","2026083","20260817","20260821","51","1",1567,-1463,104,0,1671
"307","1","2026083","20260817","20260821","51","2",9701432,-9241499,459933,0,10161365
"307","1","2026083","20260817","20260821","60","1",12316,0,17942,5626,30258
"307","1","2026083","20260817","20260821","60","2",127325089,0,393770699,266445610,521095788
"308","1","2026083","20260817","20260821","11","1",5700,0,7855,2155,13555
"308","1","2026083","20260817","20260821","11","2",93975000,-84357530,9617470,0,103592470
"308","1","2026083","20260817","20260821","21","1",0,0,0,0,0
"308","1","2026083","20260817","20260821","21","2",0,0,0,0,0
"308","1","2026083","20260817","20260821","22","1",0,0,0,0,0
"308","1","2026083","20260817","20260821","22","2",0,0,0,0,0
"308","1","2026083","20260817","20260821","23","1",0,0,0,0,0
"308","1","2026083","20260817","20260821","23","2",0,0,0,0,0
"308","1","2026083","20260817","20260821","24","1",0,0,0,0,0
"308","1","2026083","20260817","20260821","24","2",0,0,0,0,0
"308","1","2026083","20260817","20260821","31","1",0,0,0,0,0
"308","1","2026083","20260817","20260821","31","2",0,0,0,0,0
"308","1","2026083","20260817","20260821","32","1",6052,-49,6003,0,12055
"308","1","2026083","20260817","20260821","32","2",10180400,0,10361980,181580,20542380
"308","1","2026083","20260817","20260821","33","1",0,0,0,0,0
"308","1","2026083","20260817","20260821","33","2",0,0,0,0,0
"308","1","2026083","20260817","20260821","41","1",0,0,0,0,0
"308","1","2026083","20260817","20260821","41","2",0,0,0,0,0
"308","1","2026083","20260817","20260821","51","1",4179,-1478,2701,0,6880
"308","1","2026083","20260817","20260821","51","2",4354035,-2138049,2215986,0,6570021
"308","1","2026083","20260817","20260821","60","1",18310,-428,17882,0,36192
"308","1","2026083","20260817","20260821","60","2",86176906,0,173378577,87201671,259555483
"413","1","2026083","20260817","20260821","11","1",0,0,0,0,0
"413","1","2026083","20260817","20260821","11","2",0,0,0,0,0
"413","1","2026083","20260817","20260821","21","1",0,0,0,0,0
"413","1","2026083","20260817","20260821","21","2",0,0,0,0,0
"413","1","2026083","20260817","20260821","22","1",0,0,0,0,0
"413","1","2026083","20260817","20260821","22","2",0,0,0,0,0
"413","1","2026083","20260817","20260821","23","1",0,0,0,0,0
"413","1","2026083","20260817","20260821","23","2",0,0,0,0,0
"413","1","2026083","20260817","20260821","24","1",0,0,0,0,0
"413","1","2026083","20260817","20260821","24","2",0,0,0,0,0
"413","1","2026083","20260817","20260821","31","1",0,0,0,0,0
"413","1","2026083","20260817","20260821","31","2",0,0,0,0,0
"413","1","2026083","20260817","20260821","32","1",0,0,0,0,0
"413","1","2026083","20260817","20260821","32","2",0,0,0,0,0
"413","1","2026083","20260817","20260821","33","1",0,0,0,0,0
"413","1","2026083","20260817","20260821","33","2",0,0,0,0,0
"413","1","2026083","20260817","20260821","41","1",0,0,0,0,0
"413","1","2026083","20260817","20260821","41","2",0,0,0,0,0
"413","1","2026083","20260817","20260821","51","1",0,0,0,0,0
"413","1","2026083","20260817","20260821","51","2",0,0,0,0,0
"413","1","2026083","20260817","20260821","60","1",0,0,0,0,0
"413","1","2026083","20260817","20260821","60","2",0,0,0,0,0
"414","1","2026083","20260817","20260821","11","1",0,0,0,0,0
"414","1","2026083","20260817","20260821","11","2",0,0,0,0,0
"414","1","2026083","20260817","20260821","21","1",0,0,0,0,0
"414","1","2026083","20260817","20260821","21","2",0,0,0,0,0
"414","1","2026083","20260817","20260821","22","1",0,0,0,0,0
"414","1","2026083","20260817","20260821","22","2",0,0,0,0,0
"414","1","2026083","20260817","20260821","23","1",0,0,0,0,0
"414","1","2026083","20260817","20260821","23","2",0,0,0,0,0
"414","1","2026083","20260817","20260821","24","1",0,0,0,0,0
"414","1","2026083","20260817","20260821","24","2",0,0,0,0,0
"414","1","2026083","20260817","20260821","31","1",0,0,0,0,0
"414","1","2026083","20260817","20260821","31","2",0,0,0,0,0
"414","1","2026083","20260817","20260821","32","1",0,0,0,0,0
"414","1","2026083","20260817","20260821","32","2",0,0,0,0,0
"414","1","2026083","20260817","20260821","33","1",0,0,0,0,0
"414","1","2026083","20260817","20260821","33","2",0,0,0,0,0
"414","1","2026083","20260817","20260821","41","1",0,0,0,0,0
"414","1","2026083","20260817","20260821","41","2",0,0,0,0,0
"414","1","2026083","20260817","20260821","51","1",0,0,0,0,0
"414","1","2026083","20260817","20260821","51","2",0,0,0,0,0
"414","1","2026083","20260817","20260821","60","1",0,0,0,0,0
"414","1","2026083","20260817","20260821","60","2",0,0,0,0,0
