"帳票種別 Product type","サイクル区分 Cycle","年月週 Year, Month, Week","報告年月日（自）Period covered - from","報告年月日（至）Period covered - to","投資部門コード Type of Investor","数量金額区分 Volume/Value","売 Sales","売-差引 Balance","買 Purchases","買-差引 Balance","合計 Total"
"301","1","2026091","20260831","20260904","11","1",12257,0,16972,4715,29229
"301","1","2026091","20260831","20260904","11","2",795893291760,0,1100766818222,304873526462,1896660109982
"301","1","2026091","20260831","20260904","21","1",0,0,1,1,1
"301","1","2026091","20260831","20260904","21","2",0,0,66180000,66180000,66180000
"301","1","2026091","20260831","20260904","22","1",967,-733,234,0,1201
"301","1","2026091","20260831","20260904","22","2",62407600000,-47213950000,15193650000,0,77601250000
"301","1","2026091","20260831","20260904","23","1",3406,0,3689,283,7095
"301","1","2026091","20260831","20260904","23","2",220744444760,0,238735086680,17990641920,459479531440
"301","1","2026091","20260831","20260904","24","1",26,0,29,3,55
"301","1","2026091","20260831","20260904","24","2",1705960000,0,1890250000,184290000,3596210000
"301","1","2026091","20260831","20260904","31","1",1362,-499,863,0,2225
"301","1","2026091","20260831","20260904","31","2",88135445210,-31990181810,56145263400,0,144280708610
"301","1","2026091","20260831","20260904","32","1",927,0,1613,686,2540
"301","1","2026091","20260831","20260904","32","2",60364724300,0,104972578400,44607854100,165337302700
"301","1","2026091","20260831","20260904","33","1",184,0,238,54,422
"301","1","2026091","20260831","20260904","33","2",12004960600,0,15512729100,3507768500,27517689700
"301","1","2026091","20260831","20260904","41","1",16,-6,10,0,26
"301","1","2026091","20260831","20260904","41","2",1043610000,-393230000,650380000,0,1693990000
"301","1","2026091","20260831","20260904","51","1",16467,-324,16143,0,32610
"301","1","2026091","20260831","20260904","51","2",1069961106100,-21823851200,1048137254900,0,2118098361000
"301","1","2026091","20260831","20260904","60","1",139943,-4785,135158,0,275101
"301","1","2026091","20260831","20260904","60","2",9092846830787,-309107474074,8783739356713,0,17876586187500
"313","1","2026091","20260831","20260904","11","1",46384,-166,46218,0,92602
"313","1","2026091","20260831","20260904","11","2",301259035672,-765544722,300493490950,0,601752526622
"313","1","2026091","20260831","20260904","21","1",0,0,0,0,0
"313","1","2026091","20260831","20260904","21","2",0,0,0,0,0
"313","1","2026091","20260831","20260904","22","1",0,0,0,0,0
"313","1","2026091","20260831","20260904","22","2",0,0,0,0,0
"313","1","2026091","20260831","20260904","23","1",180,0,253,73,433
"313","1","2026091","20260831","20260904","23","2",1183146400,0,1663846350,480699950,2846992750
"313","1","2026091","20260831","20260904","24","1",0,0,0,0,0
"313","1","2026091","20260831","20260904","24","2",0,0,0,0,0
"313","1","2026091","20260831","20260904","31","1",106,-8,98,0,204
"313","1","2026091","20260831","20260904","31","2",693509500,-54683828,638825672,0,1332335172
"313","1","2026091","20260831","20260904","32","1",17570,-101,17469,0,35039
"313","1","2026091","20260831","20260904","32","2",114168407150,-664899860,113503507290,0,227671914440
"313","1","2026091","20260831","20260904","33","1",1631,0,1637,6,3268
"313","1","2026091","20260831","20260904","33","2",10547292930,0,10582519990,35227060,21129812920
"313","1","2026091","20260831","20260904","41","1",30,-2,28,0,58
"313","1","2026091","20260831","20260904","41","2",197228000,-16271500,180956500,0,378184500
"313","1","2026091","20260831","20260904","51","1",586758,0,587155,397,1173913
"313","1","2026091","20260831","20260904","51","2",3816636080600,0,3819003717220,2367636620,7635639797820
"313","1","2026091","20260831","20260904","60","1",2209269,0,2211214,1945,4420483
"313","1","2026091","20260831","20260904","60","2",14368399663392,0,14380511313172,12111649780,28748910976564
"331","1","2026091","20260831","20260904","11","1",0,0,0,0,0
"331","1","2026091","20260831","20260904","11","2",0,0,0,0,0
"331","1","2026091","20260831","20260904","21","1",0,0,0,0,0
"331","1","2026091","20260831","20260904","21","2",0,0,0,0,0
"331","1","2026091","20260831","20260904","22","1",0,0,0,0,0
"331","1","2026091","20260831","20260904","22","2",0,0,0,0,0
"331","1","2026091","20260831","20260904","23","1",0,0,0,0,0
"331","1","2026091","20260831","20260904","23","2",0,0,0,0,0
"331","1","2026091","20260831","20260904","24","1",0,0,0,0,0
"331","1","2026091","20260831","20260904","24","2",0,0,0,0,0
"331","1","2026091","20260831","20260904","31","1",0,0,0,0,0
"331","1","2026091","20260831","20260904","31","2",0,0,0,0,0
"331","1","2026091","20260831","20260904","32","1",6300,0,6358,58,12658
"331","1","2026091","20260831","20260904","32","2",4098449900,0,4135149700,36699800,8233599600
"331","1","2026091","20260831","20260904","33","1",2253,0,2287,34,4540
"331","1","2026091","20260831","20260904","33","2",1466882600,0,1488390900,21508300,2955273500
"331","1","2026091","20260831","20260904","41","1",0,0,0,0,0
"331","1","2026091","20260831","20260904","41","2",0,0,0,0,0
"331","1","2026091","20260831","20260904","51","1",1157445,0,1162328,4883,2319773
"331","1","2026091","20260831","20260904","51","2",753252990600,0,756370720500,3117729900,1509623711100
"331","1","2026091","20260831","20260904","60","1",2570994,-6379,2564615,0,5135609
"331","1","2026091","20260831","20260904","60","2",1672974837050,-4088879050,1668885958000,0,3341860795050
"314","1","2026091","20260831","20260904","11","1",51371,-1738,49633,0,101004
"314","1","2026091","20260831","20260904","11","2",2113232871592,-69897149684,2043335721908,0,4156568593500
"314","1","2026091","20260831","20260904","21","1",100,0,202,102,302
"314","1","2026091","20260831","20260904","21","2",4107880000,0,8339010000,4231130000,12446890000
"314","1","2026091","20260831","20260904","22","1",528,-49,479,0,1007
"314","1","2026091","20260831","20260904","22","2",21839600000,-2089685000,19749915000,0,41589515000
"314","1","2026091","20260831","20260904","23","1",8941,-968,7973,0,16914
"314","1","2026091","20260831","20260904","23","2",367342921000,-38682641000,328660280000,0,696003201000
"314","1","2026091","20260831","20260904","24","1",413,0,507,94,920
"314","1","2026091","20260831","20260904","24","2",16809265000,0,20826225000,4016960000,37635490000
"314","1","2026091","20260831","20260904","31","1",2012,-597,1415,0,3427
"314","1","2026091","20260831","20260904","31","2",82701658900,-24740012900,57961646000,0,140663304900
"314","1","2026091","20260831","20260904","32","1",350,-43,307,0,657
"314","1","2026091","20260831","20260904","32","2",14465733000,-1825623000,12640110000,0,27105843000
"314","1","2026091","20260831","20260904","33","1",35,-2,33,0,68
"314","1","2026091","20260831","20260904","33","2",1445376000,-85151000,1360225000,0,2805601000
"314","1","2026091","20260831","20260904","41","1",1,0,6,5,7
"314","1","2026091","20260831","20260904","41","2",41045000,0,246055000,205010000,287100000
"314","1","2026091","20260831","20260904","51","1",3231,-575,2656,0,5887
"314","1","2026091","20260831","20260904","51","2",133178931000,-23777521000,109401410000,0,242580341000
"314","1","2026091","20260831","20260904","60","1",326428,0,330155,3727,656583
"314","1","2026091","20260831","20260904","60","2",13448050501136,0,13598843688720,150793187584,27046894189856
"316","1","2026091","20260831","20260904","11","1",1677,0,2387,710,4064
"316","1","2026091","20260831","20260904","11","2",6933026585,0,9836182510,2903155925,16769209095
"316","1","2026091","20260831","20260904","21","1",0,0,0,0,0
"316","1","2026091","20260831","20260904","21","2",0,0,0,0,0
"316","1","2026091","20260831","20260904","22","1",0,0,0,0,0
"316","1","2026091","20260831","20260904","22","2",0,0,0,0,0
"316","1","2026091","20260831","20260904","23","1",873,-255,618,0,1491
"316","1","2026091","20260831","20260904","23","2",3598657050,-1044652175,2554004875,0,6152661925
"316","1","2026091","20260831","20260904","24","1",0,0,0,0,0
"316","1","2026091","20260831","20260904","24","2",0,0,0,0,0
"316","1","2026091","20260831","20260904","31","1",289,-73,216,0,505
"316","1","2026091","20260831","20260904","31","2",1190040710,-296191200,893849510,0,2083890220
"316","1","2026091","20260831","20260904","32","1",83,0,99,16,182
"316","1","2026091","20260831","20260904","32","2",342728000,0,406352500,63624500,749080500
"316","1","2026091","20260831","20260904","33","1",26,0,43,17,69
"316","1","2026091","20260831","20260904","33","2",107236600,0,177097300,69860700,284333900
"316","1","2026091","20260831","20260904","41","1",0,0,0,0,0
"316","1","2026091","20260831","20260904","41","2",0,0,0,0,0
"316","1","2026091","20260831","20260904","51","1",11195,0,11828,633,23023
"316","1","2026091","20260831","20260904","51","2",46139080500,0,48721785750,2582705250,94860866250
"316","1","2026091","20260831","20260904","60","1",81991,-1049,80942,0,162933
"316","1","2026091","20260831","20260904","60","2",337810666200,-4293686700,333516979500,0,671327645700
"335","1","2026091","20260831","20260904","11","1",33,0,33,0,66
"335","1","2026091","20260831","20260904","11","2",56317800,0,56529000,211200,112846800
"335","1","2026091","20260831","20260904","21","1",0,0,0,0,0
"335","1","2026091","20260831","20260904","21","2",0,0,0,0,0
"335","1","2026091","20260831","20260904","22","1",0,0,0,0,0
"335","1","2026091","20260831","20260904","22","2",0,0,0,0,0
"335","1","2026091","20260831","20260904","23","1",33,0,33,0,66
"335","1","2026091","20260831","20260904","23","2",56529000,-211200,56317800,0,112846800
"335","1","2026091","20260831","20260904","24","1",0,0,0,0,0
"335","1","2026091","20260831","20260904","24","2",0,0,0,0,0
"335","1","2026091","20260831","20260904","31","1",0,0,0,0,0
"335","1","2026091","20260831","20260904","31","2",0,0,0,0,0
"335","1","2026091","20260831","20260904","32","1",0,0,0,0,0
"335","1","2026091","20260831","20260904","32","2",0,0,0,0,0
"335","1","2026091","20260831","20260904","33","1",0,0,0,0,0
"335","1","2026091","20260831","20260904","33","2",0,0,0,0,0
"335","1","2026091","20260831","20260904","41","1",0,0,0,0,0
"335","1","2026091","20260831","20260904","41","2",0,0,0,0,0
"335","1","2026091","20260831","20260904","51","1",0,0,0,0,0
"335","1","2026091","20260831","20260904","51","2",0,0,0,0,0
"335","1","2026091","20260831","20260904","60","1",0,0,0,0,0
"335","1","2026091","20260831","20260904","60","2",0,0,0,0,0
"323","1","2026091","20260831","20260904","11","1",3193,-81,3112,0,6305
"323","1","2026091","20260831","20260904","11","2",11889736500,-356700734,11533035766,0,23422772266
"323","1","2026091","20260831","20260904","21","1",0,0,0,0,0
"323","1","2026091","20260831","20260904","21","2",0,0,0,0,0
"323","1","2026091","20260831","20260904","22","1",0,0,0,0,0
"323","1","2026091","20260831","20260904","22","2",0,0,0,0,0
"323","1","2026091","20260831","20260904","23","1",957,0,1029,72,1986
"323","1","2026091","20260831","20260904","23","2",3561457766,0,3850750500,289292734,7412208266
"323","1","2026091","20260831","20260904","24","1",0,0,0,0,0
"323","1","2026091","20260831","20260904","24","2",0,0,0,0,0
"323","1","2026091","20260831","20260904","31","1",198,-88,110,0,308
"323","1","2026091","20260831","20260904","31","2",738206500,-327719000,410487500,0,1148694000
"323","1","2026091","20260831","20260904","32","1",1,0,2,1,3
"323","1","2026091","20260831","20260904","32","2",3768000,0,7431000,3663000,11199000
"323","1","2026091","20260831","20260904","33","1",0,0,0,0,0
"323","1","2026091","20260831","20260904","33","2",0,0,0,0,0
"323","1","2026091","20260831","20260904","41","1",0,0,0,0,0
"323","1","2026091","20260831","20260904","41","2",0,0,0,0,0
"323","1","2026091","20260831","20260904","51","1",626,-31,595,0,1221
"323","1","2026091","20260831","20260904","51","2",2316031560,-114161090,2201870470,0,4517902030
"323","1","2026091","20260831","20260904","60","1",10898,-534,10364,0,21262
"323","1","2026091","20260831","20260904","60","2",40419152500,-1942084500,38477068000,0,78896220500
"449","1","2026091","20260831","20260904","11","1",10025,-674,9351,0,19376
"449","1","2026091","20260831","20260904","11","2",77758128170,-5259092170,72499036000,0,150257164170
"449","1","2026091","20260831","20260904","21","1",0,0,0,0,0
"449","1","2026091","20260831","20260904","21","2",0,0,0,0,0
"449","1","2026091","20260831","20260904","22","1",0,0,0,0,0
"449","1","2026091","20260831","20260904","22","2",0,0,0,0,0
"449","1","2026091","20260831","20260904","23","1",0,0,0,0,0
"449","1","2026091","20260831","20260904","23","2",0,0,0,0,0
"449","1","2026091","20260831","20260904","24","1",0,0,0,0,0
"449","1","2026091","20260831","20260904","24","2",0,0,0,0,0
"449","1","2026091","20260831","20260904","31","1",0,0,0,0,0
"449","1","2026091","20260831","20260904","31","2",0,0,0,0,0
"449","1","2026091","20260831","20260904","32","1",0,0,0,0,0
"449","1","2026091","20260831","20260904","32","2",0,0,0,0,0
"449","1","2026091","20260831","20260904","33","1",0,0,0,0,0
"449","1","2026091","20260831","20260904","33","2",0,0,0,0,0
"449","1","2026091","20260831","20260904","41","1",0,0,0,0,0
"449","1","2026091","20260831","20260904","41","2",0,0,0,0,0
"449","1","2026091","20260831","20260904","51","1",0,0,0,0,0
"449","1","2026091","20260831","20260904","51","2",0,0,0,0,0
"449","1","2026091","20260831","20260904","60","1",31868,0,32542,674,64410
"449","1","2026091","20260831","20260904","60","2",247482953500,0,252742045670,5259092170,500224999170
"329","1","2026091","20260831","20260904","11","1",11141,-1149,9992,0,21133
"329","1","2026091","20260831","20260904","11","2",19853058100,-2068428650,17784629450,0,37637687550
"329","1","2026091","20260831","20260904","21","1",0,0,0,0,0
"329","1","2026091","20260831","20260904","21","2",0,0,0,0,0
"329","1","2026091","20260831","20260904","22","1",0,0,0,0,0
"329","1","2026091","20260831","20260904","22","2",0,0,0,0,0
"329","1","2026091","20260831","20260904","23","1",2226,-1732,494,0,2720
"329","1","2026091","20260831","20260904","23","2",3981360250,-3101149920,880210330,0,4861570580
"329","1","2026091","20260831","20260904","24","1",0,0,0,0,0
"329","1","2026091","20260831","20260904","24","2",0,0,0,0,0
"329","1","2026091","20260831","20260904","31","1",3208,0,5133,1925,8341
"329","1","2026091","20260831","20260904","31","2",5712534600,0,9145013170,3432478570,14857547770
"329","1","2026091","20260831","20260904","32","1",0,0,0,0,0
"329","1","2026091","20260831","20260904","32","2",0,0,0,0,0
"329","1","2026091","20260831","20260904","33","1",0,0,0,0,0
"329","1","2026091","20260831","20260904","33","2",0,0,0,0,0
"329","1","2026091","20260831","20260904","41","1",0,0,0,0,0
"329","1","2026091","20260831","20260904","41","2",0,0,0,0,0
"329","1","2026091","20260831","20260904","51","1",164,0,200,36,364
"329","1","2026091","20260831","20260904","51","2",292525500,0,356589000,64063500,649114500
"329","1","2026091","20260831","20260904","60","1",3289,0,4208,919,7497
"329","1","2026091","20260831","20260904","60","2",5849163600,0,7520702500,1671538900,13369866100
"312","1","2026091","20260831","20260904","11","1",0,0,0,0,0
"312","1","2026091","20260831","20260904","11","2",0,0,0,0,0
"312","1","2026091","20260831","20260904","21","1",0,0,0,0,0
"312","1","2026091","20260831","20260904","21","2",0,0,0,0,0
"312","1","2026091","20260831","20260904","22","1",0,0,0,0,0
"312","1","2026091","20260831","20260904","22","2",0,0,0,0,0
"312","1","2026091","20260831","20260904","23","1",0,0,0,0,0
"312","1","2026091","20260831","20260904","23","2",0,0,0,0,0
"312","1","2026091","20260831","20260904","24","1",0,0,0,0,0
"312","1","2026091","20260831","20260904","24","2",0,0,0,0,0
"312","1","2026091","20260831","20260904","31","1",0,0,0,0,0
"312","1","2026091","20260831","20260904","31","2",0,0,0,0,0
"312","1","2026091","20260831","20260904","32","1",0,0,0,0,0
"312","1","2026091","20260831","20260904","32","2",0,0,0,0,0
"312","1","2026091","20260831","20260904","33","1",0,0,0,0,0
"312","1","2026091","20260831","20260904","33","2",0,0,0,0,0
"312","1","2026091","20260831","20260904","41","1",0,0,0,0,0
"312","1","2026091","20260831","20260904","41","2",0,0,0,0,0
"312","1","2026091","20260831","20260904","51","1",0,0,0,0,0
"312","1","2026091","20260831","20260904","51","2",0,0,0,0,0
"312","1","2026091","20260831","20260904","60","1",0,0,0,0,0
"312","1","2026091","20260831","20260904","60","2",0,0,0,0,0
"324","1","2026091","20260831","20260904","11","1",4801,0,4879,78,9680
"324","1","2026091","20260831","20260904","11","2",3744271620,0,3799304440,55032820,7543576060
"324","1","2026091","20260831","20260904","21","1",0,0,0,0,0
"324","1","2026091","20260831","20260904","21","2",0,0,0,0,0
"324","1","2026091","20260831","20260904","22","1",0,0,0,0,0
"324","1","2026091","20260831","20260904","22","2",0,0,0,0,0
"324","1","2026091","20260831","20260904","23","1",3956,-376,3580,0,7536
"324","1","2026091","20260831","20260904","23","2",3080780440,-296110820,2784669620,0,5865450060
"324","1","2026091","20260831","20260904","24","1",0,0,0,0,0
"324","1","2026091","20260831","20260904","24","2",0,0,0,0,0
"324","1","2026091","20260831","20260904","31","1",0,0,0,0,0
"324","1","2026091","20260831","20260904","31","2",0,0,0,0,0
"324","1","2026091","20260831","20260904","32","1",472,0,566,94,1038
"324","1","2026091","20260831","20260904","32","2",368175000,0,444479000,76304000,812654000
"324","1","2026091","20260831","20260904","33","1",31,-17,14,0,45
"324","1","2026091","20260831","20260904","33","2",24778200,-13666300,11111900,0,35890100
"324","1","2026091","20260831","20260904","41","1",0,0,0,0,0
"324","1","2026091","20260831","20260904","41","2",0,0,0,0,0
"324","1","2026091","20260831","20260904","51","1",6945,-47,6898,0,13843
"324","1","2026091","20260831","20260904","51","2",5479498000,-59380000,5420118000,0,10899616000
"324","1","2026091","20260831","20260904","60","1",9247,0,9436,189,18683
"324","1","2026091","20260831","20260904","60","2",7291334500,0,7460415500,169081000,14751750000
"309","1","2026091","20260831","20260904","11","1",0,0,0,0,0
"309","1","2026091","20260831","20260904","11","2",0,0,0,0,0
"309","1","2026091","20260831","20260904","21","1",0,0,0,0,0
"309","1","2026091","20260831","20260904","21","2",0,0,0,0,0
"309","1","2026091","20260831","20260904","22","1",0,0,0,0,0
"309","1","2026091","20260831","20260904","22","2",0,0,0,0,0
"309","1","2026091","20260831","20260904","23","1",0,0,0,0,0
"309","1","2026091","20260831","20260904","23","2",0,0,0,0,0
"309","1","2026091","20260831","20260904","24","1",0,0,0,0,0
"309","1","2026091","20260831","20260904","24","2",0,0,0,0,0
"309","1","2026091","20260831","20260904","31","1",0,0,0,0,0
"309","1","2026091","20260831","20260904","31","2",0,0,0,0,0
"309","1","2026091","20260831","20260904","32","1",61,-36,25,0,86
"309","1","2026091","20260831","20260904","32","2",325658200,-193588200,132070000,0,457728200
"309","1","2026091","20260831","20260904","33","1",0,0,0,0,0
"309","1","2026091","20260831","20260904","33","2",0,0,0,0,0
"309","1","2026091","20260831","20260904","41","1",0,0,0,0,0
"309","1","2026091","20260831","20260904","41","2",0,0,0,0,0
"309","1","2026091","20260831","20260904","51","1",441,-57,384,0,825
"309","1","2026091","20260831","20260904","51","2",2353951230,-304521990,2049429240,0,4403380470
"309","1","2026091","20260831","20260904","60","1",897,0,1008,111,1905
"309","1","2026091","20260831","20260904","60","2",4779832900,0,5374972300,595139400,10154805200
"325","1","2026091","20260831","20260904","11","1",0,0,0,0,0
"325","1","2026091","20260831","20260904","11","2",0,0,0,0,0
"325","1","2026091","20260831","20260904","21","1",0,0,0,0,0
"325","1","2026091","20260831","20260904","21","2",0,0,0,0,0
"325","1","2026091","20260831","20260904","22","1",0,0,0,0,0
"325","1","2026091","20260831","20260904","22","2",0,0,0,0,0
"325","1","2026091","20260831","20260904","23","1",0,0,0,0,0
"325","1","2026091","20260831","20260904","23","2",0,0,0,0,0
"325","1","2026091","20260831","20260904","24","1",0,0,0,0,0
"325","1","2026091","20260831","20260904","24","2",0,0,0,0,0
"325","1","2026091","20260831","20260904","31","1",0,0,0,0,0
"325","1","2026091","20260831","20260904","31","2",0,0,0,0,0
"325","1","2026091","20260831","20260904","32","1",0,0,0,0,0
"325","1","2026091","20260831","20260904","32","2",0,0,0,0,0
"325","1","2026091","20260831","20260904","33","1",0,0,0,0,0
"325","1","2026091","20260831","20260904","33","2",0,0,0,0,0
"325","1","2026091","20260831","20260904","41","1",0,0,0,0,0
"325","1","2026091","20260831","20260904","41","2",0,0,0,0,0
"325","1","2026091","20260831","20260904","51","1",0,0,0,0,0
"325","1","2026091","20260831","20260904","51","2",0,0,0,0,0
"325","1","2026091","20260831","20260904","60","1",0,0,0,0,0
"325","1","2026091","20260831","20260904","60","2",0,0,0,0,0
"326","1","2026091","20260831","20260904","11","1",0,0,0,0,0
"326","1","2026091","20260831","20260904","11","2",0,0,0,0,0
"326","1","2026091","20260831","20260904","21","1",0,0,0,0,0
"326","1","2026091","20260831","20260904","21","2",0,0,0,0,0
"326","1","2026091","20260831","20260904","22","1",0,0,0,0,0
"326","1","2026091","20260831","20260904","22","2",0,0,0,0,0
"326","1","2026091","20260831","20260904","23","1",0,0,0,0,0
"326","1","2026091","20260831","20260904","23","2",0,0,0,0,0
"326","1","2026091","20260831","20260904","24","1",0,0,0,0,0
"326","1","2026091","20260831","20260904","24","2",0,0,0,0,0
"326","1","2026091","20260831","20260904","31","1",0,0,0,0,0
"326","1","2026091","20260831","20260904","31","2",0,0,0,0,0
"326","1","2026091","20260831","20260904","32","1",0,0,0,0,0
"326","1","2026091","20260831","20260904","32","2",0,0,0,0,0
"326","1","2026091","20260831","20260904","33","1",0,0,0,0,0
"326","1","2026091","20260831","20260904","33","2",0,0,0,0,0
"326","1","2026091","20260831","20260904","41","1",0,0,0,0,0
"326","1","2026091","20260831","20260904","41","2",0,0,0,0,0
"326","1","2026091","20260831","20260904","51","1",0,0,0,0,0
"326","1","2026091","20260831","20260904","51","2",0,0,0,0,0
"326","1","2026091","20260831","20260904","60","1",0,0,0,0,0
"326","1","2026091","20260831","20260904","60","2",0,0,0,0,0
"315","1","2026091","20260831","20260904","11","1",0,0,0,0,0
"315","1","2026091","20260831","20260904","11","2",0,0,0,0,0
"315","1","2026091","20260831","20260904","21","1",0,0,0,0,0
"315","1","2026091","20260831","20260904","21","2",0,0,0,0,0
"315","1","2026091","20260831","20260904","22","1",0,0,0,0,0
"315","1","2026091","20260831","20260904","22","2",0,0,0,0,0
"315","1","2026091","20260831","20260904","23","1",0,0,0,0,0
"315","1","2026091","20260831","20260904","23","2",0,0,0,0,0
"315","1","2026091","20260831","20260904","24","1",0,0,0,0,0
"315","1","2026091","20260831","20260904","24","2",0,0,0,0,0
"315","1","2026091","20260831","20260904","31","1",0,0,0,0,0
"315","1","2026091","20260831","20260904","31","2",0,0,0,0,0
"315","1","2026091","20260831","20260904","32","1",0,0,0,0,0
"315","1","2026091","20260831","20260904","32","2",0,0,0,0,0
"315","1","2026091","20260831","20260904","33","1",0,0,0,0,0
"315","1","2026091","20260831","20260904","33","2",0,0,0,0,0
"315","1","2026091","20260831","20260904","41","1",0,0,0,0,0
"315","1","2026091","20260831","20260904","41","2",0,0,0,0,0
"315","1","2026091","20260831","20260904","51","1",52,-7,45,0,97
"315","1","2026091","20260831","20260904","51","2",14840500,-2014000,12826500,0,27667000
"315","1","2026091","20260831","20260904","60","1",64,-23,41,0,105
"315","1","2026091","20260831","20260904","60","2",18468500,-6791000,11677500,0,30146000
"436","1","2026091","20260831","20260904","11","1",0,0,0,0,0
"436","1","2026091","20260831","20260904","11","2",0,0,0,0,0
"436","1","2026091","20260831","20260904","21","1",0,0,0,0,0
"436","1","2026091","20260831","20260904","21","2",0,0,0,0,0
"436","1","2026091","20260831","20260904","22","1",0,0,0,0,0
"436","1","2026091","20260831","20260904","22","2",0,0,0,0,0
"436","1","2026091","20260831","20260904","23","1",0,0,0,0,0
"436","1","2026091","20260831","20260904","23","2",0,0,0,0,0
"436","1","2026091","20260831","20260904","24","1",0,0,0,0,0
"436","1","2026091","20260831","20260904","24","2",0,0,0,0,0
"436","1","2026091","20260831","20260904","31","1",0,0,0,0,0
"436","1","2026091","20260831","20260904","31","2",0,0,0,0,0
"436","1","2026091","20260831","20260904","32","1",0,0,0,0,0
"436","1","2026091","20260831","20260904","32","2",0,0,0,0,0
"436","1","2026091","20260831","20260904","33","1",0,0,0,0,0
"436","1","2026091","20260831","20260904","33","2",0,0,0,0,0
"436","1","2026091","20260831","20260904","41","1",0,0,0,0,0
"436","1","2026091","20260831","20260904","41","2",0,0,0,0,0
"436","1","2026091","20260831","20260904","51","1",0,0,0,0,0
"436","1","2026091","20260831","20260904","51","2",0,0,0,0,0
"436","1","2026091","20260831","20260904","60","1",94,-24,70,0,164
"436","1","2026091","20260831","20260904","60","2",149130200,-38127900,111002300,0,260132500
"437","1","2026091","20260831","20260904","11","1",0,0,0,0,0
"437","1","2026091","20260831","20260904","11","2",0,0,0,0,0
"437","1","2026091","20260831","20260904","21","1",0,0,0,0,0
"437","1","2026091","20260831","20260904","21","2",0,0,0,0,0
"437","1","2026091","20260831","20260904","22","1",0,0,0,0,0
"437","1","2026091","20260831","20260904","22","2",0,0,0,0,0
"437","1","2026091","20260831","20260904","23","1",0,0,0,0,0
"437","1","2026091","20260831","20260904","23","2",0,0,0,0,0
"437","1","2026091","20260831","20260904","24","1",0,0,0,0,0
"437","1","2026091","20260831","20260904","24","2",0,0,0,0,0
"437","1","2026091","20260831","20260904","31","1",0,0,0,0,0
"437","1","2026091","20260831","20260904","31","2",0,0,0,0,0
"437","1","2026091","20260831","20260904","32","1",0,0,0,0,0
"437","1","2026091","20260831","20260904","32","2",0,0,0,0,0
"437","1","2026091","20260831","20260904","33","1",0,0,0,0,0
"437","1","2026091","20260831","20260904","33","2",0,0,0,0,0
"437","1","2026091","20260831","20260904","41","1",0,0,0,0,0
"437","1","2026091","20260831","20260904","41","2",0,0,0,0,0
"437","1","2026091","20260831","20260904","51","1",0,0,0,0,0
"437","1","2026091","20260831","20260904","51","2",0,0,0,0,0
"437","1","2026091","20260831","20260904","60","1",29,0,33,4,62
"437","1","2026091","20260831","20260904","60","2",68164800,0,77552200,9387400,145717000
"438","1","2026091","20260831","20260904","11","1",0,0,0,0,0
"438","1","2026091","20260831","20260904","11","2",0,0,0,0,0
"438","1","2026091","20260831","20260904","21","1",0,0,0,0,0
"438","1","2026091","20260831","20260904","21","2",0,0,0,0,0
"438","1","2026091","20260831","20260904","22","1",0,0,0,0,0
"438","1","2026091","20260831","20260904","22","2",0,0,0,0,0
"438","1","2026091","20260831","20260904","23","1",0,0,0,0,0
"438","1","2026091","20260831","20260904","23","2",0,0,0,0,0
"438","1","2026091","20260831","20260904","24","1",0,0,0,0,0
"438","1","2026091","20260831","20260904","24","2",0,0,0,0,0
"438","1","2026091","20260831","20260904","31","1",0,0,0,0,0
"438","1","2026091","20260831","20260904","31","2",0,0,0,0,0
"438","1","2026091","20260831","20260904","32","1",0,0,0,0,0
"438","1","2026091","20260831","20260904","32","2",0,0,0,0,0
"438","1","2026091","20260831","20260904","33","1",0,0,0,0,0
"438","1","2026091","20260831","20260904","33","2",0,0,0,0,0
"438","1","2026091","20260831","20260904","41","1",0,0,0,0,0
"438","1","2026091","20260831","20260904","41","2",0,0,0,0,0
"438","1","2026091","20260831","20260904","51","1",0,0,0,0,0
"438","1","2026091","20260831","20260904","51","2",0,0,0,0,0
"438","1","2026091","20260831","20260904","60","1",0,0,0,0,0
"438","1","2026091","20260831","20260904","60","2",0,0,0,0,0
"317","1","2026091","20260831","20260904","11","1",74736,-366,74370,0,149106
"317","1","2026091","20260831","20260904","11","2",9393059220000,-45104630000,9347954590000,0,18741013810000
"317","1","2026091","20260831","20260904","21","1",636,-132,504,0,1140
"317","1","2026091","20260831","20260904","21","2",79841240000,-16474760000,63366480000,0,143207720000
"317","1","2026091","20260831","20260904","22","1",790,-88,702,0,1492
"317","1","2026091","20260831","20260904","22","2",99393000000,-11126220000,88266780000,0,187659780000
"317","1","2026091","20260831","20260904","23","1",2698,0,3265,567,5963
"317","1","2026091","20260831","20260904","23","2",338482737500,0,410758180000,72275442500,749240917500
"317","1","2026091","20260831","20260904","24","1",660,0,820,160,1480
"317","1","2026091","20260831","20260904","24","2",82716210000,0,103030360000,20314150000,185746570000
"317","1","2026091","20260831","20260904","31","1",1190,0,2088,898,3278
"317","1","2026091","20260831","20260904","31","2",149690750000,0,262511900000,112821150000,412202650000
"317","1","2026091","20260831","20260904","32","1",2,0,2,0,4
"317","1","2026091","20260831","20260904","32","2",252000000,-380000,251620000,0,503620000
"317","1","2026091","20260831","20260904","33","1",0,0,0,0,0
"317","1","2026091","20260831","20260904","33","2",0,0,0,0,0
"317","1","2026091","20260831","20260904","41","1",3,0,17,14,20
"317","1","2026091","20260831","20260904","41","2",377010000,0,2133880000,1756870000,2510890000
"317","1","2026091","20260831","20260904","51","1",6,-3,3,0,9
"317","1","2026091","20260831","20260904","51","2",754620000,-377900000,376720000,0,1131340000
"317","1","2026091","20260831","20260904","60","1",269914,-336,269578,0,539492
"317","1","2026091","20260831","20260904","60","2",33908961995000,-43551797500,33865410197500,0,67774372192500
"330","1","2026091","20260831","20260904","11","1",4,0,4,0,8
"330","1","2026091","20260831","20260904","11","2",50182000,0,50256000,74000,100438000
"330","1","2026091","20260831","20260904","21","1",0,0,0,0,0
"330","1","2026091","20260831","20260904","21","2",0,0,0,0,0
"330","1","2026091","20260831","20260904","22","1",0,0,0,0,0
"330","1","2026091","20260831","20260904","22","2",0,0,0,0,0
"330","1","2026091","20260831","20260904","23","1",0,0,0,0,0
"330","1","2026091","20260831","20260904","23","2",0,0,0,0,0
"330","1","2026091","20260831","20260904","24","1",0,0,0,0,0
"330","1","2026091","20260831","20260904","24","2",0,0,0,0,0
"330","1","2026091","20260831","20260904","31","1",0,0,0,0,0
"330","1","2026091","20260831","20260904","31","2",0,0,0,0,0
"330","1","2026091","20260831","20260904","32","1",2,-2,0,0,2
"330","1","2026091","20260831","20260904","32","2",25142000,-25142000,0,0,25142000
"330","1","2026091","20260831","20260904","33","1",0,0,0,0,0
"330","1","2026091","20260831","20260904","33","2",0,0,0,0,0
"330","1","2026091","20260831","20260904","41","1",0,0,0,0,0
"330","1","2026091","20260831","20260904","41","2",0,0,0,0,0
"330","1","2026091","20260831","20260904","51","1",8,0,9,1,17
"330","1","2026091","20260831","20260904","51","2",100608000,0,112942000,12334000,213550000
"330","1","2026091","20260831","20260904","60","1",3257,-56,3201,0,6458
"330","1","2026091","20260831","20260904","60","2",40943309000,-703347000,40239962000,0,81183271000
"318","1","2026091","20260831","20260904","11","1",60082,-110,59972,0,120054
"318","1","2026091","20260831","20260904","11","2",531009303000,-939411000,530069892000,0,1061079195000
"318","1","2026091","20260831","20260904","21","1",0,0,0,0,0
"318","1","2026091","20260831","20260904","21","2",0,0,0,0,0
"318","1","2026091","20260831","20260904","22","1",0,0,0,0,0
"318","1","2026091","20260831","20260904","22","2",0,0,0,0,0
"318","1","2026091","20260831","20260904","23","1",0,0,0,0,0
"318","1","2026091","20260831","20260904","23","2",0,0,0,0,0
"318","1","2026091","20260831","20260904","24","1",0,0,0,0,0
"318","1","2026091","20260831","20260904","24","2",0,0,0,0,0
"318","1","2026091","20260831","20260904","31","1",11,0,11,0,22
"318","1","2026091","20260831","20260904","31","2",99132000,-594000,98538000,0,197670000
"318","1","2026091","20260831","20260904","32","1",0,0,0,0,0
"318","1","2026091","20260831","20260904","32","2",0,0,0,0,0
"318","1","2026091","20260831","20260904","33","1",0,0,0,0,0
"318","1","2026091","20260831","20260904","33","2",0,0,0,0,0
"318","1","2026091","20260831","20260904","41","1",0,0,0,0,0
"318","1","2026091","20260831","20260904","41","2",0,0,0,0,0
"318","1","2026091","20260831","20260904","51","1",0,0,0,0,0
"318","1","2026091","20260831","20260904","51","2",0,0,0,0,0
"318","1","2026091","20260831","20260904","60","1",1380,0,1490,110,2870
"318","1","2026091","20260831","20260904","60","2",12213610000,0,13153615000,940005000,25367225000
"334","1","2026091","20260831","20260904","11","1",4019,0,4191,172,8210
"334","1","2026091","20260831","20260904","11","2",99103449375,0,103216419375,4112970000,202319868750
"334","1","2026091","20260831","20260904","21","1",0,0,0,0,0
"334","1","2026091","20260831","20260904","21","2",0,0,0,0,0
"334","1","2026091","20260831","20260904","22","1",0,0,0,0,0
"334","1","2026091","20260831","20260904","22","2",0,0,0,0,0
"334","1","2026091","20260831","20260904","23","1",0,0,0,0,0
"334","1","2026091","20260831","20260904","23","2",0,0,0,0,0
"334","1","2026091","20260831","20260904","24","1",0,0,0,0,0
"334","1","2026091","20260831","20260904","24","2",0,0,0,0,0
"334","1","2026091","20260831","20260904","31","1",0,0,0,0,0
"334","1","2026091","20260831","20260904","31","2",0,0,0,0,0
"334","1","2026091","20260831","20260904","32","1",0,0,0,0,0
"334","1","2026091","20260831","20260904","32","2",0,0,0,0,0
"334","1","2026091","20260831","20260904","33","1",0,0,0,0,0
"334","1","2026091","20260831","20260904","33","2",0,0,0,0,0
"334","1","2026091","20260831","20260904","41","1",0,0,0,0,0
"334","1","2026091","20260831","20260904","41","2",0,0,0,0,0
"334","1","2026091","20260831","20260904","51","1",0,0,0,0,0
"334","1","2026091","20260831","20260904","51","2",0,0,0,0,0
"334","1","2026091","20260831","20260904","60","1",7795,-1115,6680,0,14475
"334","1","2026091","20260831","20260904","60","2",192054696875,-27275583750,164779113125,0,356833810000
"400","1","2026091","20260831","20260904","11","1",914,-193,721,0,1635
"400","1","2026091","20260831","20260904","11","2",21191057000,-4391485000,16799572000,0,37990629000
"400","1","2026091","20260831","20260904","21","1",0,0,0,0,0
"400","1","2026091","20260831","20260904","21","2",0,0,0,0,0
"400","1","2026091","20260831","20260904","22","1",0,0,0,0,0
"400","1","2026091","20260831","20260904","22","2",0,0,0,0,0
"400","1","2026091","20260831","20260904","23","1",0,0,0,0,0
"400","1","2026091","20260831","20260904","23","2",0,0,0,0,0
"400","1","2026091","20260831","20260904","24","1",670,-204,466,0,1136
"400","1","2026091","20260831","20260904","24","2",15495278000,-4632972000,10862306000,0,26357584000
"400","1","2026091","20260831","20260904","31","1",1,0,86,85,87
"400","1","2026091","20260831","20260904","31","2",23375000,0,1976673000,1953298000,2000048000
"400","1","2026091","20260831","20260904","32","1",4489,0,4806,317,9295
"400","1","2026091","20260831","20260904","32","2",104903968000,0,111319907000,6415939000,216223875000
"400","1","2026091","20260831","20260904","33","1",2070,-67,2003,0,4073
"400","1","2026091","20260831","20260904","33","2",48061658000,-1459786000,46601872000,0,94663530000
"400","1","2026091","20260831","20260904","41","1",214,-71,143,0,357
"400","1","2026091","20260831","20260904","41","2",4909677000,-1575219000,3334458000,0,8244135000
"400","1","2026091","20260831","20260904","51","1",10606,0,11339,733,21945
"400","1","2026091","20260831","20260904","51","2",247480524000,0,265080918000,17600394000,512561442000
"400","1","2026091","20260831","20260904","60","1",61140,-600,60540,0,121680
"400","1","2026091","20260831","20260904","60","2",1425026403000,-13910169000,1411116234000,0,2836142637000
"443","1","2026091","20260831","20260904","11","1",0,0,40,40,40
"443","1","2026091","20260831","20260904","11","2",0,0,90740800,90740800,90740800
"443","1","2026091","20260831","20260904","21","1",0,0,0,0,0
"443","1","2026091","20260831","20260904","21","2",0,0,0,0,0
"443","1","2026091","20260831","20260904","22","1",0,0,0,0,0
"443","1","2026091","20260831","20260904","22","2",0,0,0,0,0
"443","1","2026091","20260831","20260904","23","1",0,0,0,0,0
"443","1","2026091","20260831","20260904","23","2",0,0,0,0,0
"443","1","2026091","20260831","20260904","24","1",1169,-264,905,0,2074
"443","1","2026091","20260831","20260904","24","2",2663427500,-581238900,2082188600,0,4745616100
"443","1","2026091","20260831","20260904","31","1",0,0,0,0,0
"443","1","2026091","20260831","20260904","31","2",0,0,0,0,0
"443","1","2026091","20260831","20260904","32","1",55,0,227,172,282
"443","1","2026091","20260831","20260904","32","2",127719000,0,511173900,383454900,638892900
"443","1","2026091","20260831","20260904","33","1",54,-21,33,0,87
"443","1","2026091","20260831","20260904","33","2",125300600,-49627500,75673100,0,200973700
"443","1","2026091","20260831","20260904","41","1",0,0,0,0,0
"443","1","2026091","20260831","20260904","41","2",0,0,0,0,0
"443","1","2026091","20260831","20260904","51","1",415,0,470,55,885
"443","1","2026091","20260831","20260904","51","2",949462100,0,1081575800,132113700,2031037900
"443","1","2026091","20260831","20260904","60","1",1871,0,1889,18,3760
"443","1","2026091","20260831","20260904","60","2",4301575100,0,4326132100,24557000,8627707200
"401","1","2026091","20260831","20260904","11","1",1487,0,1916,429,3403
"401","1","2026091","20260831","20260904","11","2",3513387300,0,4506684700,993297400,8020072000
"401","1","2026091","20260831","20260904","21","1",0,0,0,0,0
"401","1","2026091","20260831","20260904","21","2",0,0,0,0,0
"401","1","2026091","20260831","20260904","22","1",0,0,0,0,0
"401","1","2026091","20260831","20260904","22","2",0,0,0,0,0
"401","1","2026091","20260831","20260904","23","1",0,0,0,0,0
"401","1","2026091","20260831","20260904","23","2",0,0,0,0,0
"401","1","2026091","20260831","20260904","24","1",832,-483,349,0,1181
"401","1","2026091","20260831","20260904","24","2",1933063650,-1122070650,810993000,0,2744056650
"401","1","2026091","20260831","20260904","31","1",73,-73,0,0,73
"401","1","2026091","20260831","20260904","31","2",168798450,-168798450,0,0,168798450
"401","1","2026091","20260831","20260904","32","1",899,0,908,9,1807
"401","1","2026091","20260831","20260904","32","2",2089991400,0,2114772850,24781450,4204764250
"401","1","2026091","20260831","20260904","33","1",1155,0,1399,244,2554
"401","1","2026091","20260831","20260904","33","2",2702720750,0,3272686750,569966000,5975407500
"401","1","2026091","20260831","20260904","41","1",158,0,211,53,369
"401","1","2026091","20260831","20260904","41","2",367575950,0,495227350,127651400,862803300
"401","1","2026091","20260831","20260904","51","1",16849,0,16888,39,33737
"401","1","2026091","20260831","20260904","51","2",39360646000,0,39488893450,128247450,78849539450
"401","1","2026091","20260831","20260904","60","1",69900,-218,69682,0,139582
"401","1","2026091","20260831","20260904","60","2",162970772900,-553074600,162417698300,0,325388471200
"402","1","2026091","20260831","20260904","11","1",0,0,0,0,0
"402","1","2026091","20260831","20260904","11","2",0,0,0,0,0
"402","1","2026091","20260831","20260904","21","1",0,0,0,0,0
"402","1","2026091","20260831","20260904","21","2",0,0,0,0,0
"402","1","2026091","20260831","20260904","22","1",0,0,0,0,0
"402","1","2026091","20260831","20260904","22","2",0,0,0,0,0
"402","1","2026091","20260831","20260904","23","1",0,0,0,0,0
"402","1","2026091","20260831","20260904","23","2",0,0,0,0,0
"402","1","2026091","20260831","20260904","24","1",15,-10,5,0,20
"402","1","2026091","20260831","20260904","24","2",33824400,-22524400,11300000,0,45124400
"402","1","2026091","20260831","20260904","31","1",0,0,0,0,0
"402","1","2026091","20260831","20260904","31","2",0,0,0,0,0
"402","1","2026091","20260831","20260904","32","1",38,0,39,1,77
"402","1","2026091","20260831","20260904","32","2",86105600,0,88805500,2699900,174911100
"402","1","2026091","20260831","20260904","33","1",112,0,148,36,260
"402","1","2026091","20260831","20260904","33","2",254598400,0,337321900,82723500,591920300
"402","1","2026091","20260831","20260904","41","1",21,-11,10,0,31
"402","1","2026091","20260831","20260904","41","2",47964400,-24916400,23048000,0,71012400
"402","1","2026091","20260831","20260904","51","1",381,-57,324,0,705
"402","1","2026091","20260831","20260904","51","2",871512300,-131094700,740417600,0,1611929900
"402","1","2026091","20260831","20260904","60","1",494,0,535,41,1029
"402","1","2026091","20260831","20260904","60","2",1122387600,0,1215499700,93112100,2337887300
"403","1","2026091","20260831","20260904","11","1",0,0,0,0,0
"403","1","2026091","20260831","20260904","11","2",0,0,0,0,0
"403","1","2026091","20260831","20260904","21","1",0,0,0,0,0
"403","1","2026091","20260831","20260904","21","2",0,0,0,0,0
"403","1","2026091","20260831","20260904","22","1",0,0,0,0,0
"403","1","2026091","20260831","20260904","22","2",0,0,0,0,0
"403","1","2026091","20260831","20260904","23","1",0,0,0,0,0
"403","1","2026091","20260831","20260904","23","2",0,0,0,0,0
"403","1","2026091","20260831","20260904","24","1",0,0,0,0,0
"403","1","2026091","20260831","20260904","24","2",0,0,0,0,0
"403","1","2026091","20260831","20260904","31","1",0,0,0,0,0
"403","1","2026091","20260831","20260904","31","2",0,0,0,0,0
"403","1","2026091","20260831","20260904","32","1",4,-3,1,0,5
"403","1","2026091","20260831","20260904","32","2",41040000,-30240000,10800000,0,51840000
"403","1","2026091","20260831","20260904","33","1",0,0,2,2,2
"403","1","2026091","20260831","20260904","33","2",0,0,20520000,20520000,20520000
"403","1","2026091","20260831","20260904","41","1",0,0,0,0,0
"403","1","2026091","20260831","20260904","41","2",0,0,0,0,0
"403","1","2026091","20260831","20260904","51","1",1,0,2,1,3
"403","1","2026091","20260831","20260904","51","2",10800000,0,21060000,10260000,31860000
"403","1","2026091","20260831","20260904","60","1",2,0,2,0,4
"403","1","2026091","20260831","20260904","60","2",21060000,-540000,20520000,0,41580000
"404","1","2026091","20260831","20260904","11","1",120,0,147,27,267
"404","1","2026091","20260831","20260904","11","2",544735000,0,668234000,123499000,1212969000
"404","1","2026091","20260831","20260904","21","1",0,0,0,0,0
"404","1","2026091","20260831","20260904","21","2",0,0,0,0,0
"404","1","2026091","20260831","20260904","22","1",0,0,0,0,0
"404","1","2026091","20260831","20260904","22","2",0,0,0,0,0
"404","1","2026091","20260831","20260904","23","1",0,0,0,0,0
"404","1","2026091","20260831","20260904","23","2",0,0,0,0,0
"404","1","2026091","20260831","20260904","24","1",300,-2,298,0,598
"404","1","2026091","20260831","20260904","24","2",1337462000,0,1349934500,12472500,2687396500
"404","1","2026091","20260831","20260904","31","1",0,0,0,0,0
"404","1","2026091","20260831","20260904","31","2",0,0,0,0,0
"404","1","2026091","20260831","20260904","32","1",1778,-244,1534,0,3312
"404","1","2026091","20260831","20260904","32","2",8053877500,-1128474000,6925403500,0,14979281000
"404","1","2026091","20260831","20260904","33","1",832,0,964,132,1796
"404","1","2026091","20260831","20260904","33","2",3751440000,0,4350350500,598910500,8101790500
"404","1","2026091","20260831","20260904","41","1",57,-19,38,0,95
"404","1","2026091","20260831","20260904","41","2",256966500,-84382000,172584500,0,429551000
"404","1","2026091","20260831","20260904","51","1",3996,-261,3735,0,7731
"404","1","2026091","20260831","20260904","51","2",18079704000,-1148827000,16930877000,0,35010581000
"404","1","2026091","20260831","20260904","60","1",13743,0,14110,367,27853
"404","1","2026091","20260831","20260904","60","2",62093031500,0,63719832500,1626801000,125812864000
"444","1","2026091","20260831","20260904","11","1",0,0,15,15,15
"444","1","2026091","20260831","20260904","11","2",0,0,13521500,13521500,13521500
"444","1","2026091","20260831","20260904","21","1",0,0,0,0,0
"444","1","2026091","20260831","20260904","21","2",0,0,0,0,0
"444","1","2026091","20260831","20260904","22","1",0,0,0,0,0
"444","1","2026091","20260831","20260904","22","2",0,0,0,0,0
"444","1","2026091","20260831","20260904","23","1",0,0,0,0,0
"444","1","2026091","20260831","20260904","23","2",0,0,0,0,0
"444","1","2026091","20260831","20260904","24","1",930,-115,815,0,1745
"444","1","2026091","20260831","20260904","24","2",847944500,-98145000,749799500,0,1597744000
"444","1","2026091","20260831","20260904","31","1",0,0,0,0,0
"444","1","2026091","20260831","20260904","31","2",0,0,0,0,0
"444","1","2026091","20260831","20260904","32","1",0,0,10,10,10
"444","1","2026091","20260831","20260904","32","2",0,0,8973400,8973400,8973400
"444","1","2026091","20260831","20260904","33","1",58,0,97,39,155
"444","1","2026091","20260831","20260904","33","2",53433600,0,88015400,34581800,141449000
"444","1","2026091","20260831","20260904","41","1",0,0,0,0,0
"444","1","2026091","20260831","20260904","41","2",0,0,0,0,0
"444","1","2026091","20260831","20260904","51","1",90,-6,84,0,174
"444","1","2026091","20260831","20260904","51","2",82564900,-6650500,75914400,0,158479300
"444","1","2026091","20260831","20260904","60","1",1054,0,1111,57,2165
"444","1","2026091","20260831","20260904","60","2",968703200,0,1016422000,47718800,1985125200
"405","1","2026091","20260831","20260904","11","1",186,-157,29,0,215
"405","1","2026091","20260831","20260904","11","2",169856250,-143071250,26785000,0,196641250
"405","1","2026091","20260831","20260904","21","1",0,0,0,0,0
"405","1","2026091","20260831","20260904","21","2",0,0,0,0,0
"405","1","2026091","20260831","20260904","22","1",0,0,0,0,0
"405","1","2026091","20260831","20260904","22","2",0,0,0,0,0
"405","1","2026091","20260831","20260904","23","1",0,0,0,0,0
"405","1","2026091","20260831","20260904","23","2",0,0,0,0,0
"405","1","2026091","20260831","20260904","24","1",525,0,1258,733,1783
"405","1","2026091","20260831","20260904","24","2",472503500,0,1131736600,659233100,1604240100
"405","1","2026091","20260831","20260904","31","1",0,0,0,0,0
"405","1","2026091","20260831","20260904","31","2",0,0,0,0,0
"405","1","2026091","20260831","20260904","32","1",19,0,19,0,38
"405","1","2026091","20260831","20260904","32","2",17122600,-200050,16922550,0,34045150
"405","1","2026091","20260831","20260904","33","1",130,-37,93,0,223
"405","1","2026091","20260831","20260904","33","2",117464350,-33677250,83787100,0,201251450
"405","1","2026091","20260831","20260904","41","1",36,-12,24,0,60
"405","1","2026091","20260831","20260904","41","2",32765350,-10868450,21896900,0,54662250
"405","1","2026091","20260831","20260904","51","1",1646,-274,1372,0,3018
"405","1","2026091","20260831","20260904","51","2",1497459800,-244496500,1252963300,0,2750423100
"405","1","2026091","20260831","20260904","60","1",1732,-253,1479,0,3211
"405","1","2026091","20260831","20260904","60","2",1571631300,-226919600,1344711700,0,2916343000
"406","1","2026091","20260831","20260904","11","1",0,0,0,0,0
"406","1","2026091","20260831","20260904","11","2",0,0,0,0,0
"406","1","2026091","20260831","20260904","21","1",0,0,0,0,0
"406","1","2026091","20260831","20260904","21","2",0,0,0,0,0
"406","1","2026091","20260831","20260904","22","1",0,0,0,0,0
"406","1","2026091","20260831","20260904","22","2",0,0,0,0,0
"406","1","2026091","20260831","20260904","23","1",0,0,0,0,0
"406","1","2026091","20260831","20260904","23","2",0,0,0,0,0
"406","1","2026091","20260831","20260904","24","1",1718,0,2545,827,4263
"406","1","2026091","20260831","20260904","24","2",1558589300,0,2294072000,735482700,3852661300
"406","1","2026091","20260831","20260904","31","1",0,0,0,0,0
"406","1","2026091","20260831","20260904","31","2",0,0,0,0,0
"406","1","2026091","20260831","20260904","32","1",5,0,5,0,10
"406","1","2026091","20260831","20260904","32","2",4437000,0,4541700,104700,8978700
"406","1","2026091","20260831","20260904","33","1",293,-197,96,0,389
"406","1","2026091","20260831","20260904","33","2",260086700,-173785700,86301000,0,346387700
"406","1","2026091","20260831","20260904","41","1",9,-5,4,0,13
"406","1","2026091","20260831","20260904","41","2",8270200,-4631900,3638300,0,11908500
"406","1","2026091","20260831","20260904","51","1",852,-540,312,0,1164
"406","1","2026091","20260831","20260904","51","2",764112000,-480821300,283290700,0,1047402700
"406","1","2026091","20260831","20260904","60","1",1114,-85,1029,0,2143
"406","1","2026091","20260831","20260904","60","2",997557200,-76348500,921208700,0,1918765900
"407","1","2026091","20260831","20260904","11","1",0,0,0,0,0
"407","1","2026091","20260831","20260904","11","2",0,0,0,0,0
"407","1","2026091","20260831","20260904","21","1",0,0,0,0,0
"407","1","2026091","20260831","20260904","21","2",0,0,0,0,0
"407","1","2026091","20260831","20260904","22","1",0,0,0,0,0
"407","1","2026091","20260831","20260904","22","2",0,0,0,0,0
"407","1","2026091","20260831","20260904","23","1",0,0,0,0,0
"407","1","2026091","20260831","20260904","23","2",0,0,0,0,0
"407","1","2026091","20260831","20260904","24","1",0,0,0,0,0
"407","1","2026091","20260831","20260904","24","2",0,0,0,0,0
"407","1","2026091","20260831","20260904","31","1",0,0,0,0,0
"407","1","2026091","20260831","20260904","31","2",0,0,0,0,0
"407","1","2026091","20260831","20260904","32","1",0,0,0,0,0
"407","1","2026091","20260831","20260904","32","2",0,0,0,0,0
"407","1","2026091","20260831","20260904","33","1",0,0,0,0,0
"407","1","2026091","20260831","20260904","33","2",0,0,0,0,0
"407","1","2026091","20260831","20260904","41","1",0,0,0,0,0
"407","1","2026091","20260831","20260904","41","2",0,0,0,0,0
"407","1","2026091","20260831","20260904","51","1",0,0,0,0,0
"407","1","2026091","20260831","20260904","51","2",0,0,0,0,0
"407","1","2026091","20260831","20260904","60","1",0,0,0,0,0
"407","1","2026091","20260831","20260904","60","2",0,0,0,0,0
"415","1","2026091","20260831","20260904","11","1",0,0,0,0,0
"415","1","2026091","20260831","20260904","11","2",0,0,0,0,0
"415","1","2026091","20260831","20260904","21","1",0,0,0,0,0
"415","1","2026091","20260831","20260904","21","2",0,0,0,0,0
"415","1","2026091","20260831","20260904","22","1",0,0,0,0,0
"415","1","2026091","20260831","20260904","22","2",0,0,0,0,0
"415","1","2026091","20260831","20260904","23","1",0,0,0,0,0
"415","1","2026091","20260831","20260904","23","2",0,0,0,0,0
"415","1","2026091","20260831","20260904","24","1",0,0,0,0,0
"415","1","2026091","20260831","20260904","24","2",0,0,0,0,0
"415","1","2026091","20260831","20260904","31","1",0,0,0,0,0
"415","1","2026091","20260831","20260904","31","2",0,0,0,0,0
"415","1","2026091","20260831","20260904","32","1",0,0,0,0,0
"415","1","2026091","20260831","20260904","32","2",0,0,0,0,0
"415","1","2026091","20260831","20260904","33","1",0,0,0,0,0
"415","1","2026091","20260831","20260904","33","2",0,0,0,0,0
"415","1","2026091","20260831","20260904","41","1",0,0,0,0,0
"415","1","2026091","20260831","20260904","41","2",0,0,0,0,0
"415","1","2026091","20260831","20260904","51","1",0,0,0,0,0
"415","1","2026091","20260831","20260904","51","2",0,0,0,0,0
"415","1","2026091","20260831","20260904","60","1",0,0,0,0,0
"415","1","2026091","20260831","20260904","60","2",0,0,0,0,0
"408","1","2026091","20260831","20260904","11","1",458,-33,425,0,883
"408","1","2026091","20260831","20260904","11","2",1004832000,-80578000,924254000,0,1929086000
"408","1","2026091","20260831","20260904","21","1",0,0,0,0,0
"408","1","2026091","20260831","20260904","21","2",0,0,0,0,0
"408","1","2026091","20260831","20260904","22","1",0,0,0,0,0
"408","1","2026091","20260831","20260904","22","2",0,0,0,0,0
"408","1","2026091","20260831","20260904","23","1",0,0,0,0,0
"408","1","2026091","20260831","20260904","23","2",0,0,0,0,0
"408","1","2026091","20260831","20260904","24","1",0,0,0,0,0
"408","1","2026091","20260831","20260904","24","2",0,0,0,0,0
"408","1","2026091","20260831","20260904","31","1",0,0,0,0,0
"408","1","2026091","20260831","20260904","31","2",0,0,0,0,0
"408","1","2026091","20260831","20260904","32","1",85,0,85,0,170
"408","1","2026091","20260831","20260904","32","2",187316000,0,187975500,659500,375291500
"408","1","2026091","20260831","20260904","33","1",190,0,196,6,386
"408","1","2026091","20260831","20260904","33","2",414690000,0,427609000,12919000,842299000
"408","1","2026091","20260831","20260904","41","1",34,-25,9,0,43
"408","1","2026091","20260831","20260904","41","2",73830500,-54236500,19594000,0,93424500
"408","1","2026091","20260831","20260904","51","1",309,0,494,185,803
"408","1","2026091","20260831","20260904","51","2",671299500,0,1073833500,402534000,1745133000
"408","1","2026091","20260831","20260904","60","1",5669,-133,5536,0,11205
"408","1","2026091","20260831","20260904","60","2",12367046000,-281298000,12085748000,0,24452794000
"409","1","2026091","20260831","20260904","11","1",0,0,0,0,0
"409","1","2026091","20260831","20260904","11","2",0,0,0,0,0
"409","1","2026091","20260831","20260904","21","1",0,0,0,0,0
"409","1","2026091","20260831","20260904","21","2",0,0,0,0,0
"409","1","2026091","20260831","20260904","22","1",0,0,0,0,0
"409","1","2026091","20260831","20260904","22","2",0,0,0,0,0
"409","1","2026091","20260831","20260904","23","1",0,0,0,0,0
"409","1","2026091","20260831","20260904","23","2",0,0,0,0,0
"409","1","2026091","20260831","20260904","24","1",0,0,0,0,0
"409","1","2026091","20260831","20260904","24","2",0,0,0,0,0
"409","1","2026091","20260831","20260904","31","1",0,0,0,0,0
"409","1","2026091","20260831","20260904","31","2",0,0,0,0,0
"409","1","2026091","20260831","20260904","32","1",0,0,0,0,0
"409","1","2026091","20260831","20260904","32","2",0,0,0,0,0
"409","1","2026091","20260831","20260904","33","1",0,0,0,0,0
"409","1","2026091","20260831","20260904","33","2",0,0,0,0,0
"409","1","2026091","20260831","20260904","41","1",0,0,0,0,0
"409","1","2026091","20260831","20260904","41","2",0,0,0,0,0
"409","1","2026091","20260831","20260904","51","1",0,0,0,0,0
"409","1","2026091","20260831","20260904","51","2",0,0,0,0,0
"409","1","2026091","20260831","20260904","60","1",0,0,0,0,0
"409","1","2026091","20260831","20260904","60","2",0,0,0,0,0
"431","1","2026091","20260831","20260904","11","1",0,0,0,0,0
"431","1","2026091","20260831","20260904","11","2",0,0,0,0,0
"431","1","2026091","20260831","20260904","21","1",0,0,0,0,0
"431","1","2026091","20260831","20260904","21","2",0,0,0,0,0
"431","1","2026091","20260831","20260904","22","1",0,0,0,0,0
"431","1","2026091","20260831","20260904","22","2",0,0,0,0,0
"431","1","2026091","20260831","20260904","23","1",0,0,0,0,0
"431","1","2026091","20260831","20260904","23","2",0,0,0,0,0
"431","1","2026091","20260831","20260904","24","1",0,0,0,0,0
"431","1","2026091","20260831","20260904","24","2",0,0,0,0,0
"431","1","2026091","20260831","20260904","31","1",0,0,0,0,0
"431","1","2026091","20260831","20260904","31","2",0,0,0,0,0
"431","1","2026091","20260831","20260904","32","1",0,0,0,0,0
"431","1","2026091","20260831","20260904","32","2",0,0,0,0,0
"431","1","2026091","20260831","20260904","33","1",0,0,0,0,0
"431","1","2026091","20260831","20260904","33","2",0,0,0,0,0
"431","1","2026091","20260831","20260904","41","1",0,0,0,0,0
"431","1","2026091","20260831","20260904","41","2",0,0,0,0,0
"431","1","2026091","20260831","20260904","51","1",0,0,0,0,0
"431","1","2026091","20260831","20260904","51","2",0,0,0,0,0
"431","1","2026091","20260831","20260904","60","1",128,0,128,0,256
"431","1","2026091","20260831","20260904","60","2",239325000,0,239325000,0,478650000
"410","1","2026091","20260831","20260904","11","1",0,0,0,0,0
"410","1","2026091","20260831","20260904","11","2",0,0,0,0,0
"410","1","2026091","20260831","20260904","21","1",0,0,0,0,0
"410","1","2026091","20260831","20260904","21","2",0,0,0,0,0
"410","1","2026091","20260831","20260904","22","1",0,0,0,0,0
"410","1","2026091","20260831","20260904","22","2",0,0,0,0,0
"410","1","2026091","20260831","20260904","23","1",0,0,0,0,0
"410","1","2026091","20260831","20260904","23","2",0,0,0,0,0
"410","1","2026091","20260831","20260904","24","1",0,0,0,0,0
"410","1","2026091","20260831","20260904","24","2",0,0,0,0,0
"410","1","2026091","20260831","20260904","31","1",0,0,0,0,0
"410","1","2026091","20260831","20260904","31","2",0,0,0,0,0
"410","1","2026091","20260831","20260904","32","1",0,0,0,0,0
"410","1","2026091","20260831","20260904","32","2",0,0,0,0,0
"410","1","2026091","20260831","20260904","33","1",0,0,0,0,0
"410","1","2026091","20260831","20260904","33","2",0,0,0,0,0
"410","1","2026091","20260831","20260904","41","1",0,0,0,0,0
"410","1","2026091","20260831","20260904","41","2",0,0,0,0,0
"410","1","2026091","20260831","20260904","51","1",0,0,0,0,0
"410","1","2026091","20260831","20260904","51","2",0,0,0,0,0
"410","1","2026091","20260831","20260904","60","1",0,0,0,0,0
"410","1","2026091","20260831","20260904","60","2",0,0,0,0,0
"411","1","2026091","20260831","20260904","11","1",0,0,0,0,0
"411","1","2026091","20260831","20260904","11","2",0,0,0,0,0
"411","1","2026091","20260831","20260904","21","1",0,0,0,0,0
"411","1","2026091","20260831","20260904","21","2",0,0,0,0,0
"411","1","2026091","20260831","20260904","22","1",0,0,0,0,0
"411","1","2026091","20260831","20260904","22","2",0,0,0,0,0
"411","1","2026091","20260831","20260904","23","1",0,0,0,0,0
"411","1","2026091","20260831","20260904","23","2",0,0,0,0,0
"411","1","2026091","20260831","20260904","24","1",0,0,0,0,0
"411","1","2026091","20260831","20260904","24","2",0,0,0,0,0
"411","1","2026091","20260831","20260904","31","1",0,0,0,0,0
"411","1","2026091","20260831","20260904","31","2",0,0,0,0,0
"411","1","2026091","20260831","20260904","32","1",0,0,0,0,0
"411","1","2026091","20260831","20260904","32","2",0,0,0,0,0
"411","1","2026091","20260831","20260904","33","1",0,0,0,0,0
"411","1","2026091","20260831","20260904","33","2",0,0,0,0,0
"411","1","2026091","20260831","20260904","41","1",0,0,0,0,0
"411","1","2026091","20260831","20260904","41","2",0,0,0,0,0
"411","1","2026091","20260831","20260904","51","1",0,0,0,0,0
"411","1","2026091","20260831","20260904","51","2",0,0,0,0,0
"411","1","2026091","20260831","20260904","60","1",0,0,0,0,0
"411","1","2026091","20260831","20260904","60","2",0,0,0,0,0
"412","1","2026091","20260831","20260904","11","1",0,0,0,0,0
"412","1","2026091","20260831","20260904","11","2",0,0,0,0,0
"412","1","2026091","20260831","20260904","21","1",0,0,0,0,0
"412","1","2026091","20260831","20260904","21","2",0,0,0,0,0
"412","1","2026091","20260831","20260904","22","1",0,0,0,0,0
"412","1","2026091","20260831","20260904","22","2",0,0,0,0,0
"412","1","2026091","20260831","20260904","23","1",0,0,0,0,0
"412","1","2026091","20260831","20260904","23","2",0,0,0,0,0
"412","1","2026091","20260831","20260904","24","1",0,0,0,0,0
"412","1","2026091","20260831","20260904","24","2",0,0,0,0,0
"412","1","2026091","20260831","20260904","31","1",0,0,0,0,0
"412","1","2026091","20260831","20260904","31","2",0,0,0,0,0
"412","1","2026091","20260831","20260904","32","1",0,0,0,0,0
"412","1","2026091","20260831","20260904","32","2",0,0,0,0,0
"412","1","2026091","20260831","20260904","33","1",0,0,0,0,0
"412","1","2026091","20260831","20260904","33","2",0,0,0,0,0
"412","1","2026091","20260831","20260904","41","1",0,0,0,0,0
"412","1","2026091","20260831","20260904","41","2",0,0,0,0,0
"412","1","2026091","20260831","20260904","51","1",0,0,0,0,0
"412","1","2026091","20260831","20260904","51","2",0,0,0,0,0
"412","1","2026091","20260831","20260904","60","1",0,0,0,0,0
"412","1","2026091","20260831","20260904","60","2",0,0,0,0,0
"416","1","2026091","20260831","20260904","11","1",0,0,0,0,0
"416","1","2026091","20260831","20260904","11","2",0,0,0,0,0
"416","1","2026091","20260831","20260904","21","1",0,0,0,0,0
"416","1","2026091","20260831","20260904","21","2",0,0,0,0,0
"416","1","2026091","20260831","20260904","22","1",0,0,0,0,0
"416","1","2026091","20260831","20260904","22","2",0,0,0,0,0
"416","1","2026091","20260831","20260904","23","1",0,0,0,0,0
"416","1","2026091","20260831","20260904","23","2",0,0,0,0,0
"416","1","2026091","20260831","20260904","24","1",0,0,0,0,0
"416","1","2026091","20260831","20260904","24","2",0,0,0,0,0
"416","1","2026091","20260831","20260904","31","1",0,0,0,0,0
"416","1","2026091","20260831","20260904","31","2",0,0,0,0,0
"416","1","2026091","20260831","20260904","32","1",0,0,0,0,0
"416","1","2026091","20260831","20260904","32","2",0,0,0,0,0
"416","1","2026091","20260831","20260904","33","1",0,0,0,0,0
"416","1","2026091","20260831","20260904","33","2",0,0,0,0,0
"416","1","2026091","20260831","20260904","41","1",0,0,0,0,0
"416","1","2026091","20260831","20260904","41","2",0,0,0,0,0
"416","1","2026091","20260831","20260904","51","1",0,0,0,0,0
"416","1","2026091","20260831","20260904","51","2",0,0,0,0,0
"416","1","2026091","20260831","20260904","60","1",0,0,0,0,0
"416","1","2026091","20260831","20260904","60","2",0,0,0,0,0
"417","1","2026091","20260831","20260904","11","1",0,0,0,0,0
"417","1","2026091","20260831","20260904","11","2",0,0,0,0,0
"417","1","2026091","20260831","20260904","21","1",0,0,0,0,0
"417","1","2026091","20260831","20260904","21","2",0,0,0,0,0
"417","1","2026091","20260831","20260904","22","1",0,0,0,0,0
"417","1","2026091","20260831","20260904","22","2",0,0,0,0,0
"417","1","2026091","20260831","20260904","23","1",0,0,0,0,0
"417","1","2026091","20260831","20260904","23","2",0,0,0,0,0
"417","1","2026091","20260831","20260904","24","1",0,0,0,0,0
"417","1","2026091","20260831","20260904","24","2",0,0,0,0,0
"417","1","2026091","20260831","20260904","31","1",0,0,0,0,0
"417","1","2026091","20260831","20260904","31","2",0,0,0,0,0
"417","1","2026091","20260831","20260904","32","1",0,0,0,0,0
"417","1","2026091","20260831","20260904","32","2",0,0,0,0,0
"417","1","2026091","20260831","20260904","33","1",0,0,0,0,0
"417","1","2026091","20260831","20260904","33","2",0,0,0,0,0
"417","1","2026091","20260831","20260904","41","1",0,0,0,0,0
"417","1","2026091","20260831","20260904","41","2",0,0,0,0,0
"417","1","2026091","20260831","20260904","51","1",0,0,0,0,0
"417","1","2026091","20260831","20260904","51","2",0,0,0,0,0
"417","1","2026091","20260831","20260904","60","1",0,0,0,0,0
"417","1","2026091","20260831","20260904","60","2",0,0,0,0,0
"418","1","2026091","20260831","20260904","11","1",0,0,0,0,0
"418","1","2026091","20260831","20260904","11","2",0,0,0,0,0
"418","1","2026091","20260831","20260904","21","1",0,0,0,0,0
"418","1","2026091","20260831","20260904","21","2",0,0,0,0,0
"418","1","2026091","20260831","20260904","22","1",0,0,0,0,0
"418","1","2026091","20260831","20260904","22","2",0,0,0,0,0
"418","1","2026091","20260831","20260904","23","1",0,0,0,0,0
"418","1","2026091","20260831","20260904","23","2",0,0,0,0,0
"418","1","2026091","20260831","20260904","24","1",0,0,0,0,0
"418","1","2026091","20260831","20260904","24","2",0,0,0,0,0
"418","1","2026091","20260831","20260904","31","1",0,0,0,0,0
"418","1","2026091","20260831","20260904","31","2",0,0,0,0,0
"418","1","2026091","20260831","20260904","32","1",0,0,0,0,0
"418","1","2026091","20260831","20260904","32","2",0,0,0,0,0
"418","1","2026091","20260831","20260904","33","1",0,0,0,0,0
"418","1","2026091","20260831","20260904","33","2",0,0,0,0,0
"418","1","2026091","20260831","20260904","41","1",0,0,0,0,0
"418","1","2026091","20260831","20260904","41","2",0,0,0,0,0
"418","1","2026091","20260831","20260904","51","1",0,0,0,0,0
"418","1","2026091","20260831","20260904","51","2",0,0,0,0,0
"418","1","2026091","20260831","20260904","60","1",0,0,0,0,0
"418","1","2026091","20260831","20260904","60","2",0,0,0,0,0
"419","1","2026091","20260831","20260904","11","1",1868,0,1959,91,3827
"419","1","2026091","20260831","20260904","11","2",7392897500,0,7696381500,303484000,15089279000
"419","1","2026091","20260831","20260904","21","1",0,0,0,0,0
"419","1","2026091","20260831","20260904","21","2",0,0,0,0,0
"419","1","2026091","20260831","20260904","22","1",0,0,0,0,0
"419","1","2026091","20260831","20260904","22","2",0,0,0,0,0
"419","1","2026091","20260831","20260904","23","1",0,0,0,0,0
"419","1","2026091","20260831","20260904","23","2",0,0,0,0,0
"419","1","2026091","20260831","20260904","24","1",0,0,0,0,0
"419","1","2026091","20260831","20260904","24","2",0,0,0,0,0
"419","1","2026091","20260831","20260904","31","1",0,0,0,0,0
"419","1","2026091","20260831","20260904","31","2",0,0,0,0,0
"419","1","2026091","20260831","20260904","32","1",2507,0,2621,114,5128
"419","1","2026091","20260831","20260904","32","2",9740912500,0,10385130500,644218000,20126043000
"419","1","2026091","20260831","20260904","33","1",896,-22,874,0,1770
"419","1","2026091","20260831","20260904","33","2",3524028500,-154398500,3369630000,0,6893658500
"419","1","2026091","20260831","20260904","41","1",0,0,0,0,0
"419","1","2026091","20260831","20260904","41","2",0,0,0,0,0
"419","1","2026091","20260831","20260904","51","1",1120,-61,1059,0,2179
"419","1","2026091","20260831","20260904","51","2",4415086500,-255419000,4159667500,0,8574754000
"419","1","2026091","20260831","20260904","60","1",4081,-122,3959,0,8040
"419","1","2026091","20260831","20260904","60","2",16111443000,-537884500,15573558500,0,31685001500
"423","1","2026091","20260831","20260904","11","1",0,0,0,0,0
"423","1","2026091","20260831","20260904","11","2",0,0,0,0,0
"423","1","2026091","20260831","20260904","21","1",0,0,0,0,0
"423","1","2026091","20260831","20260904","21","2",0,0,0,0,0
"423","1","2026091","20260831","20260904","22","1",0,0,0,0,0
"423","1","2026091","20260831","20260904","22","2",0,0,0,0,0
"423","1","2026091","20260831","20260904","23","1",0,0,0,0,0
"423","1","2026091","20260831","20260904","23","2",0,0,0,0,0
"423","1","2026091","20260831","20260904","24","1",0,0,200,200,200
"423","1","2026091","20260831","20260904","24","2",0,0,352656000,352656000,352656000
"423","1","2026091","20260831","20260904","31","1",0,0,0,0,0
"423","1","2026091","20260831","20260904","31","2",0,0,0,0,0
"423","1","2026091","20260831","20260904","32","1",240,-200,40,0,280
"423","1","2026091","20260831","20260904","32","2",421401600,-352656000,68745600,0,490147200
"423","1","2026091","20260831","20260904","33","1",0,0,0,0,0
"423","1","2026091","20260831","20260904","33","2",0,0,0,0,0
"423","1","2026091","20260831","20260904","41","1",0,0,0,0,0
"423","1","2026091","20260831","20260904","41","2",0,0,0,0,0
"423","1","2026091","20260831","20260904","51","1",0,0,0,0,0
"423","1","2026091","20260831","20260904","51","2",0,0,0,0,0
"423","1","2026091","20260831","20260904","60","1",0,0,0,0,0
"423","1","2026091","20260831","20260904","60","2",0,0,0,0,0
"422","1","2026091","20260831","20260904","11","1",0,0,0,0,0
"422","1","2026091","20260831","20260904","11","2",0,0,0,0,0
"422","1","2026091","20260831","20260904","21","1",0,0,0,0,0
"422","1","2026091","20260831","20260904","21","2",0,0,0,0,0
"422","1","2026091","20260831","20260904","22","1",0,0,0,0,0
"422","1","2026091","20260831","20260904","22","2",0,0,0,0,0
"422","1","2026091","20260831","20260904","23","1",0,0,0,0,0
"422","1","2026091","20260831","20260904","23","2",0,0,0,0,0
"422","1","2026091","20260831","20260904","24","1",0,0,0,0,0
"422","1","2026091","20260831","20260904","24","2",0,0,0,0,0
"422","1","2026091","20260831","20260904","31","1",0,0,0,0,0
"422","1","2026091","20260831","20260904","31","2",0,0,0,0,0
"422","1","2026091","20260831","20260904","32","1",400,-300,100,0,500
"422","1","2026091","20260831","20260904","32","2",560286000,-423408000,136878000,0,697164000
"422","1","2026091","20260831","20260904","33","1",0,0,0,0,0
"422","1","2026091","20260831","20260904","33","2",0,0,0,0,0
"422","1","2026091","20260831","20260904","41","1",0,0,0,0,0
"422","1","2026091","20260831","20260904","41","2",0,0,0,0,0
"422","1","2026091","20260831","20260904","51","1",0,0,0,0,0
"422","1","2026091","20260831","20260904","51","2",0,0,0,0,0
"422","1","2026091","20260831","20260904","60","1",150,0,450,300,600
"422","1","2026091","20260831","20260904","60","2",204228000,0,627636000,423408000,831864000
"445","1","2026091","20260831","20260904","11","1",0,0,0,0,0
"445","1","2026091","20260831","20260904","11","2",0,0,0,0,0
"445","1","2026091","20260831","20260904","21","1",0,0,0,0,0
"445","1","2026091","20260831","20260904","21","2",0,0,0,0,0
"445","1","2026091","20260831","20260904","22","1",0,0,0,0,0
"445","1","2026091","20260831","20260904","22","2",0,0,0,0,0
"445","1","2026091","20260831","20260904","23","1",0,0,0,0,0
"445","1","2026091","20260831","20260904","23","2",0,0,0,0,0
"445","1","2026091","20260831","20260904","24","1",0,0,0,0,0
"445","1","2026091","20260831","20260904","24","2",0,0,0,0,0
"445","1","2026091","20260831","20260904","31","1",0,0,0,0,0
"445","1","2026091","20260831","20260904","31","2",0,0,0,0,0
"445","1","2026091","20260831","20260904","32","1",0,0,0,0,0
"445","1","2026091","20260831","20260904","32","2",0,0,0,0,0
"445","1","2026091","20260831","20260904","33","1",0,0,0,0,0
"445","1","2026091","20260831","20260904","33","2",0,0,0,0,0
"445","1","2026091","20260831","20260904","41","1",0,0,0,0,0
"445","1","2026091","20260831","20260904","41","2",0,0,0,0,0
"445","1","2026091","20260831","20260904","51","1",0,0,0,0,0
"445","1","2026091","20260831","20260904","51","2",0,0,0,0,0
"445","1","2026091","20260831","20260904","60","1",0,0,0,0,0
"445","1","2026091","20260831","20260904","60","2",0,0,0,0,0
"425","1","2026091","20260831","20260904","11","1",0,0,0,0,0
"425","1","2026091","20260831","20260904","11","2",0,0,0,0,0
"425","1","2026091","20260831","20260904","21","1",0,0,0,0,0
"425","1","2026091","20260831","20260904","21","2",0,0,0,0,0
"425","1","2026091","20260831","20260904","22","1",0,0,0,0,0
"425","1","2026091","20260831","20260904","22","2",0,0,0,0,0
"425","1","2026091","20260831","20260904","23","1",0,0,0,0,0
"425","1","2026091","20260831","20260904","23","2",0,0,0,0,0
"425","1","2026091","20260831","20260904","24","1",0,0,0,0,0
"425","1","2026091","20260831","20260904","24","2",0,0,0,0,0
"425","1","2026091","20260831","20260904","31","1",0,0,0,0,0
"425","1","2026091","20260831","20260904","31","2",0,0,0,0,0
"425","1","2026091","20260831","20260904","32","1",0,0,0,0,0
"425","1","2026091","20260831","20260904","32","2",0,0,0,0,0
"425","1","2026091","20260831","20260904","33","1",0,0,0,0,0
"425","1","2026091","20260831","20260904","33","2",0,0,0,0,0
"425","1","2026091","20260831","20260904","41","1",0,0,0,0,0
"425","1","2026091","20260831","20260904","41","2",0,0,0,0,0
"425","1","2026091","20260831","20260904","51","1",0,0,0,0,0
"425","1","2026091","20260831","20260904","51","2",0,0,0,0,0
"425","1","2026091","20260831","20260904","60","1",0,0,0,0,0
"425","1","2026091","20260831","20260904","60","2",0,0,0,0,0
"424","1","2026091","20260831","20260904","11","1",0,0,0,0,0
"424","1","2026091","20260831","20260904","11","2",0,0,0,0,0
"424","1","2026091","20260831","20260904","21","1",0,0,0,0,0
"424","1","2026091","20260831","20260904","21","2",0,0,0,0,0
"424","1","2026091","20260831","20260904","22","1",0,0,0,0,0
"424","1","2026091","20260831","20260904","22","2",0,0,0,0,0
"424","1","2026091","20260831","20260904","23","1",0,0,0,0,0
"424","1","2026091","20260831","20260904","23","2",0,0,0,0,0
"424","1","2026091","20260831","20260904","24","1",0,0,0,0,0
"424","1","2026091","20260831","20260904","24","2",0,0,0,0,0
"424","1","2026091","20260831","20260904","31","1",0,0,0,0,0
"424","1","2026091","20260831","20260904","31","2",0,0,0,0,0
"424","1","2026091","20260831","20260904","32","1",0,0,0,0,0
"424","1","2026091","20260831","20260904","32","2",0,0,0,0,0
"424","1","2026091","20260831","20260904","33","1",0,0,0,0,0
"424","1","2026091","20260831","20260904","33","2",0,0,0,0,0
"424","1","2026091","20260831","20260904","41","1",0,0,0,0,0
"424","1","2026091","20260831","20260904","41","2",0,0,0,0,0
"424","1","2026091","20260831","20260904","51","1",0,0,0,0,0
"424","1","2026091","20260831","20260904","51","2",0,0,0,0,0
"424","1","2026091","20260831","20260904","60","1",0,0,0,0,0
"424","1","2026091","20260831","20260904","60","2",0,0,0,0,0
"446","1","2026091","20260831","20260904","11","1",0,0,0,0,0
"446","1","2026091","20260831","20260904","11","2",0,0,0,0,0
"446","1","2026091","20260831","20260904","21","1",0,0,0,0,0
"446","1","2026091","20260831","20260904","21","2",0,0,0,0,0
"446","1","2026091","20260831","20260904","22","1",0,0,0,0,0
"446","1","2026091","20260831","20260904","22","2",0,0,0,0,0
"446","1","2026091","20260831","20260904","23","1",0,0,0,0,0
"446","1","2026091","20260831","20260904","23","2",0,0,0,0,0
"446","1","2026091","20260831","20260904","24","1",0,0,0,0,0
"446","1","2026091","20260831","20260904","24","2",0,0,0,0,0
"446","1","2026091","20260831","20260904","31","1",0,0,0,0,0
"446","1","2026091","20260831","20260904","31","2",0,0,0,0,0
"446","1","2026091","20260831","20260904","32","1",0,0,0,0,0
"446","1","2026091","20260831","20260904","32","2",0,0,0,0,0
"446","1","2026091","20260831","20260904","33","1",0,0,0,0,0
"446","1","2026091","20260831","20260904","33","2",0,0,0,0,0
"446","1","2026091","20260831","20260904","41","1",0,0,0,0,0
"446","1","2026091","20260831","20260904","41","2",0,0,0,0,0
"446","1","2026091","20260831","20260904","51","1",0,0,0,0,0
"446","1","2026091","20260831","20260904","51","2",0,0,0,0,0
"446","1","2026091","20260831","20260904","60","1",0,0,0,0,0
"446","1","2026091","20260831","20260904","60","2",0,0,0,0,0
"428","1","2026091","20260831","20260904","11","1",0,0,0,0,0
"428","1","2026091","20260831","20260904","11","2",0,0,0,0,0
"428","1","2026091","20260831","20260904","21","1",0,0,0,0,0
"428","1","2026091","20260831","20260904","21","2",0,0,0,0,0
"428","1","2026091","20260831","20260904","22","1",0,0,0,0,0
"428","1","2026091","20260831","20260904","22","2",0,0,0,0,0
"428","1","2026091","20260831","20260904","23","1",0,0,0,0,0
"428","1","2026091","20260831","20260904","23","2",0,0,0,0,0
"428","1","2026091","20260831","20260904","24","1",0,0,0,0,0
"428","1","2026091","20260831","20260904","24","2",0,0,0,0,0
"428","1","2026091","20260831","20260904","31","1",0,0,0,0,0
"428","1","2026091","20260831","20260904","31","2",0,0,0,0,0
"428","1","2026091","20260831","20260904","32","1",0,0,100,100,100
"428","1","2026091","20260831","20260904","32","2",0,0,38640000,38640000,38640000
"428","1","2026091","20260831","20260904","33","1",0,0,0,0,0
"428","1","2026091","20260831","20260904","33","2",0,0,0,0,0
"428","1","2026091","20260831","20260904","41","1",0,0,0,0,0
"428","1","2026091","20260831","20260904","41","2",0,0,0,0,0
"428","1","2026091","20260831","20260904","51","1",0,0,0,0,0
"428","1","2026091","20260831","20260904","51","2",0,0,0,0,0
"428","1","2026091","20260831","20260904","60","1",100,-100,0,0,100
"428","1","2026091","20260831","20260904","60","2",38640000,-38640000,0,0,38640000
"427","1","2026091","20260831","20260904","11","1",0,0,0,0,0
"427","1","2026091","20260831","20260904","11","2",0,0,0,0,0
"427","1","2026091","20260831","20260904","21","1",0,0,0,0,0
"427","1","2026091","20260831","20260904","21","2",0,0,0,0,0
"427","1","2026091","20260831","20260904","22","1",0,0,0,0,0
"427","1","2026091","20260831","20260904","22","2",0,0,0,0,0
"427","1","2026091","20260831","20260904","23","1",0,0,0,0,0
"427","1","2026091","20260831","20260904","23","2",0,0,0,0,0
"427","1","2026091","20260831","20260904","24","1",0,0,0,0,0
"427","1","2026091","20260831","20260904","24","2",0,0,0,0,0
"427","1","2026091","20260831","20260904","31","1",0,0,0,0,0
"427","1","2026091","20260831","20260904","31","2",0,0,0,0,0
"427","1","2026091","20260831","20260904","32","1",0,0,0,0,0
"427","1","2026091","20260831","20260904","32","2",0,0,0,0,0
"427","1","2026091","20260831","20260904","33","1",0,0,0,0,0
"427","1","2026091","20260831","20260904","33","2",0,0,0,0,0
"427","1","2026091","20260831","20260904","41","1",0,0,0,0,0
"427","1","2026091","20260831","20260904","41","2",0,0,0,0,0
"427","1","2026091","20260831","20260904","51","1",0,0,0,0,0
"427","1","2026091","20260831","20260904","51","2",0,0,0,0,0
"427","1","2026091","20260831","20260904","60","1",5,0,5,0,10
"427","1","2026091","20260831","20260904","60","2",1478400,0,1478400,0,2956800
"430","1","2026091","20260831","20260904","11","1",0,0,0,0,0
"430","1","2026091","20260831","20260904","11","2",0,0,0,0,0
"430","1","2026091","20260831","20260904","21","1",0,0,0,0,0
"430","1","2026091","20260831","20260904","21","2",0,0,0,0,0
"430","1","2026091","20260831","20260904","22","1",0,0,0,0,0
"430","1","2026091","20260831","20260904","22","2",0,0,0,0,0
"430","1","2026091","20260831","20260904","23","1",0,0,0,0,0
"430","1","2026091","20260831","20260904","23","2",0,0,0,0,0
"430","1","2026091","20260831","20260904","24","1",0,0,0,0,0
"430","1","2026091","20260831","20260904","24","2",0,0,0,0,0
"430","1","2026091","20260831","20260904","31","1",0,0,0,0,0
"430","1","2026091","20260831","20260904","31","2",0,0,0,0,0
"430","1","2026091","20260831","20260904","32","1",0,0,0,0,0
"430","1","2026091","20260831","20260904","32","2",0,0,0,0,0
"430","1","2026091","20260831","20260904","33","1",0,0,0,0,0
"430","1","2026091","20260831","20260904","33","2",0,0,0,0,0
"430","1","2026091","20260831","20260904","41","1",0,0,0,0,0
"430","1","2026091","20260831","20260904","41","2",0,0,0,0,0
"430","1","2026091","20260831","20260904","51","1",0,0,0,0,0
"430","1","2026091","20260831","20260904","51","2",0,0,0,0,0
"430","1","2026091","20260831","20260904","60","1",0,0,0,0,0
"430","1","2026091","20260831","20260904","60","2",0,0,0,0,0
"429","1","2026091","20260831","20260904","11","1",0,0,0,0,0
"429","1","2026091","20260831","20260904","11","2",0,0,0,0,0
"429","1","2026091","20260831","20260904","21","1",0,0,0,0,0
"429","1","2026091","20260831","20260904","21","2",0,0,0,0,0
"429","1","2026091","20260831","20260904","22","1",0,0,0,0,0
"429","1","2026091","20260831","20260904","22","2",0,0,0,0,0
"429","1","2026091","20260831","20260904","23","1",0,0,0,0,0
"429","1","2026091","20260831","20260904","23","2",0,0,0,0,0
"429","1","2026091","20260831","20260904","24","1",0,0,0,0,0
"429","1","2026091","20260831","20260904","24","2",0,0,0,0,0
"429","1","2026091","20260831","20260904","31","1",0,0,0,0,0
"429","1","2026091","20260831","20260904","31","2",0,0,0,0,0
"429","1","2026091","20260831","20260904","32","1",0,0,0,0,0
"429","1","2026091","20260831","20260904","32","2",0,0,0,0,0
"429","1","2026091","20260831","20260904","33","1",0,0,0,0,0
"429","1","2026091","20260831","20260904","33","2",0,0,0,0,0
"429","1","2026091","20260831","20260904","41","1",0,0,0,0,0
"429","1","2026091","20260831","20260904","41","2",0,0,0,0,0
"429","1","2026091","20260831","20260904","51","1",0,0,0,0,0
"429","1","2026091","20260831","20260904","51","2",0,0,0,0,0
"429","1","2026091","20260831","20260904","60","1",0,0,0,0,0
"429","1","2026091","20260831","20260904","60","2",0,0,0,0,0
"433","1","2026091","20260831","20260904","11","1",0,0,0,0,0
"433","1","2026091","20260831","20260904","11","2",0,0,0,0,0
"433","1","2026091","20260831","20260904","21","1",0,0,0,0,0
"433","1","2026091","20260831","20260904","21","2",0,0,0,0,0
"433","1","2026091","20260831","20260904","22","1",0,0,0,0,0
"433","1","2026091","20260831","20260904","22","2",0,0,0,0,0
"433","1","2026091","20260831","20260904","23","1",0,0,0,0,0
"433","1","2026091","20260831","20260904","23","2",0,0,0,0,0
"433","1","2026091","20260831","20260904","24","1",0,0,0,0,0
"433","1","2026091","20260831","20260904","24","2",0,0,0,0,0
"433","1","2026091","20260831","20260904","31","1",0,0,0,0,0
"433","1","2026091","20260831","20260904","31","2",0,0,0,0,0
"433","1","2026091","20260831","20260904","32","1",0,0,0,0,0
"433","1","2026091","20260831","20260904","32","2",0,0,0,0,0
"433","1","2026091","20260831","20260904","33","1",0,0,0,0,0
"433","1","2026091","20260831","20260904","33","2",0,0,0,0,0
"433","1","2026091","20260831","20260904","41","1",0,0,0,0,0
"433","1","2026091","20260831","20260904","41","2",0,0,0,0,0
"433","1","2026091","20260831","20260904","51","1",0,0,0,0,0
"433","1","2026091","20260831","20260904","51","2",0,0,0,0,0
"433","1","2026091","20260831","20260904","60","1",0,0,0,0,0
"433","1","2026091","20260831","20260904","60","2",0,0,0,0,0
"432","1","2026091","20260831","20260904","11","1",0,0,0,0,0
"432","1","2026091","20260831","20260904","11","2",0,0,0,0,0
"432","1","2026091","20260831","20260904","21","1",0,0,0,0,0
"432","1","2026091","20260831","20260904","21","2",0,0,0,0,0
"432","1","2026091","20260831","20260904","22","1",0,0,0,0,0
"432","1","2026091","20260831","20260904","22","2",0,0,0,0,0
"432","1","2026091","20260831","20260904","23","1",0,0,0,0,0
"432","1","2026091","20260831","20260904","23","2",0,0,0,0,0
"432","1","2026091","20260831","20260904","24","1",0,0,0,0,0
"432","1","2026091","20260831","20260904","24","2",0,0,0,0,0
"432","1","2026091","20260831","20260904","31","1",0,0,0,0,0
"432","1","2026091","20260831","20260904","31","2",0,0,0,0,0
"432","1","2026091","20260831","20260904","32","1",0,0,0,0,0
"432","1","2026091","20260831","20260904","32","2",0,0,0,0,0
"432","1","2026091","20260831","20260904","33","1",0,0,0,0,0
"432","1","2026091","20260831","20260904","33","2",0,0,0,0,0
"432","1","2026091","20260831","20260904","41","1",0,0,0,0,0
"432","1","2026091","20260831","20260904","41","2",0,0,0,0,0
"432","1","2026091","20260831","20260904","51","1",0,0,0,0,0
"432","1","2026091","20260831","20260904","51","2",0,0,0,0,0
"432","1","2026091","20260831","20260904","60","1",0,0,0,0,0
"432","1","2026091","20260831","20260904","60","2",0,0,0,0,0
"447","1","2026091","20260831","20260904","11","1",0,0,0,0,0
"447","1","2026091","20260831","20260904","11","2",0,0,0,0,0
"447","1","2026091","20260831","20260904","21","1",0,0,0,0,0
"447","1","2026091","20260831","20260904","21","2",0,0,0,0,0
"447","1","2026091","20260831","20260904","22","1",0,0,0,0,0
"447","1","2026091","20260831","20260904","22","2",0,0,0,0,0
"447","1","2026091","20260831","20260904","23","1",0,0,0,0,0
"447","1","2026091","20260831","20260904","23","2",0,0,0,0,0
"447","1","2026091","20260831","20260904","24","1",0,0,0,0,0
"447","1","2026091","20260831","20260904","24","2",0,0,0,0,0
"447","1","2026091","20260831","20260904","31","1",0,0,0,0,0
"447","1","2026091","20260831","20260904","31","2",0,0,0,0,0
"447","1","2026091","20260831","20260904","32","1",0,0,0,0,0
"447","1","2026091","20260831","20260904","32","2",0,0,0,0,0
"447","1","2026091","20260831","20260904","33","1",0,0,0,0,0
"447","1","2026091","20260831","20260904","33","2",0,0,0,0,0
"447","1","2026091","20260831","20260904","41","1",0,0,0,0,0
"447","1","2026091","20260831","20260904","41","2",0,0,0,0,0
"447","1","2026091","20260831","20260904","51","1",0,0,0,0,0
"447","1","2026091","20260831","20260904","51","2",0,0,0,0,0
"447","1","2026091","20260831","20260904","60","1",0,0,0,0,0
"447","1","2026091","20260831","20260904","60","2",0,0,0,0,0
"435","1","2026091","20260831","20260904","11","1",0,0,0,0,0
"435","1","2026091","20260831","20260904","11","2",0,0,0,0,0
"435","1","2026091","20260831","20260904","21","1",0,0,0,0,0
"435","1","2026091","20260831","20260904","21","2",0,0,0,0,0
"435","1","2026091","20260831","20260904","22","1",0,0,0,0,0
"435","1","2026091","20260831","20260904","22","2",0,0,0,0,0
"435","1","2026091","20260831","20260904","23","1",0,0,0,0,0
"435","1","2026091","20260831","20260904","23","2",0,0,0,0,0
"435","1","2026091","20260831","20260904","24","1",0,0,0,0,0
"435","1","2026091","20260831","20260904","24","2",0,0,0,0,0
"435","1","2026091","20260831","20260904","31","1",0,0,0,0,0
"435","1","2026091","20260831","20260904","31","2",0,0,0,0,0
"435","1","2026091","20260831","20260904","32","1",0,0,0,0,0
"435","1","2026091","20260831","20260904","32","2",0,0,0,0,0
"435","1","2026091","20260831","20260904","33","1",0,0,0,0,0
"435","1","2026091","20260831","20260904","33","2",0,0,0,0,0
"435","1","2026091","20260831","20260904","41","1",0,0,0,0,0
"435","1","2026091","20260831","20260904","41","2",0,0,0,0,0
"435","1","2026091","20260831","20260904","51","1",0,0,0,0,0
"435","1","2026091","20260831","20260904","51","2",0,0,0,0,0
"435","1","2026091","20260831","20260904","60","1",0,0,0,0,0
"435","1","2026091","20260831","20260904","60","2",0,0,0,0,0
"434","1","2026091","20260831","20260904","11","1",0,0,0,0,0
"434","1","2026091","20260831","20260904","11","2",0,0,0,0,0
"434","1","2026091","20260831","20260904","21","1",0,0,0,0,0
"434","1","2026091","20260831","20260904","21","2",0,0,0,0,0
"434","1","2026091","20260831","20260904","22","1",0,0,0,0,0
"434","1","2026091","20260831","20260904","22","2",0,0,0,0,0
"434","1","2026091","20260831","20260904","23","1",0,0,0,0,0
"434","1","2026091","20260831","20260904","23","2",0,0,0,0,0
"434","1","2026091","20260831","20260904","24","1",0,0,0,0,0
"434","1","2026091","20260831","20260904","24","2",0,0,0,0,0
"434","1","2026091","20260831","20260904","31","1",0,0,0,0,0
"434","1","2026091","20260831","20260904","31","2",0,0,0,0,0
"434","1","2026091","20260831","20260904","32","1",0,0,0,0,0
"434","1","2026091","20260831","20260904","32","2",0,0,0,0,0
"434","1","2026091","20260831","20260904","33","1",0,0,0,0,0
"434","1","2026091","20260831","20260904","33","2",0,0,0,0,0
"434","1","2026091","20260831","20260904","41","1",0,0,0,0,0
"434","1","2026091","20260831","20260904","41","2",0,0,0,0,0
"434","1","2026091","20260831","20260904","51","1",0,0,0,0,0
"434","1","2026091","20260831","20260904","51","2",0,0,0,0,0
"434","1","2026091","20260831","20260904","60","1",0,0,0,0,0
"434","1","2026091","20260831","20260904","60","2",0,0,0,0,0
"448","1","2026091","20260831","20260904","11","1",0,0,0,0,0
"448","1","2026091","20260831","20260904","11","2",0,0,0,0,0
"448","1","2026091","20260831","20260904","21","1",0,0,0,0,0
"448","1","2026091","20260831","20260904","21","2",0,0,0,0,0
"448","1","2026091","20260831","20260904","22","1",0,0,0,0,0
"448","1","2026091","20260831","20260904","22","2",0,0,0,0,0
"448","1","2026091","20260831","20260904","23","1",0,0,0,0,0
"448","1","2026091","20260831","20260904","23","2",0,0,0,0,0
"448","1","2026091","20260831","20260904","24","1",0,0,0,0,0
"448","1","2026091","20260831","20260904","24","2",0,0,0,0,0
"448","1","2026091","20260831","20260904","31","1",0,0,0,0,0
"448","1","2026091","20260831","20260904","31","2",0,0,0,0,0
"448","1","2026091","20260831","20260904","32","1",0,0,0,0,0
"448","1","2026091","20260831","20260904","32","2",0,0,0,0,0
"448","1","2026091","20260831","20260904","33","1",0,0,0,0,0
"448","1","2026091","20260831","20260904","33","2",0,0,0,0,0
"448","1","2026091","20260831","20260904","41","1",0,0,0,0,0
"448","1","2026091","20260831","20260904","41","2",0,0,0,0,0
"448","1","2026091","20260831","20260904","51","1",0,0,0,0,0
"448","1","2026091","20260831","20260904","51","2",0,0,0,0,0
"448","1","2026091","20260831","20260904","60","1",0,0,0,0,0
"448","1","2026091","20260831","20260904","60","2",0,0,0,0,0
"426","1","2026091","20260831","20260904","11","1",0,0,0,0,0
"426","1","2026091","20260831","20260904","11","2",0,0,0,0,0
"426","1","2026091","20260831","20260904","21","1",0,0,0,0,0
"426","1","2026091","20260831","20260904","21","2",0,0,0,0,0
"426","1","2026091","20260831","20260904","22","1",0,0,0,0,0
"426","1","2026091","20260831","20260904","22","2",0,0,0,0,0
"426","1","2026091","20260831","20260904","23","1",0,0,0,0,0
"426","1","2026091","20260831","20260904","23","2",0,0,0,0,0
"426","1","2026091","20260831","20260904","24","1",0,0,0,0,0
"426","1","2026091","20260831","20260904","24","2",0,0,0,0,0
"426","1","2026091","20260831","20260904","31","1",0,0,0,0,0
"426","1","2026091","20260831","20260904","31","2",0,0,0,0,0
"426","1","2026091","20260831","20260904","32","1",0,0,0,0,0
"426","1","2026091","20260831","20260904","32","2",0,0,0,0,0
"426","1","2026091","20260831","20260904","33","1",0,0,0,0,0
"426","1","2026091","20260831","20260904","33","2",0,0,0,0,0
"426","1","2026091","20260831","20260904","41","1",0,0,0,0,0
"426","1","2026091","20260831","20260904","41","2",0,0,0,0,0
"426","1","2026091","20260831","20260904","51","1",0,0,0,0,0
"426","1","2026091","20260831","20260904","51","2",0,0,0,0,0
"426","1","2026091","20260831","20260904","60","1",0,0,0,0,0
"426","1","2026091","20260831","20260904","60","2",0,0,0,0,0
"420","1","2026091","20260831","20260904","11","1",0,0,0,0,0
"420","1","2026091","20260831","20260904","11","2",0,0,0,0,0
"420","1","2026091","20260831","20260904","21","1",0,0,0,0,0
"420","1","2026091","20260831","20260904","21","2",0,0,0,0,0
"420","1","2026091","20260831","20260904","22","1",0,0,0,0,0
"420","1","2026091","20260831","20260904","22","2",0,0,0,0,0
"420","1","2026091","20260831","20260904","23","1",0,0,0,0,0
"420","1","2026091","20260831","20260904","23","2",0,0,0,0,0
"420","1","2026091","20260831","20260904","24","1",0,0,0,0,0
"420","1","2026091","20260831","20260904","24","2",0,0,0,0,0
"420","1","2026091","20260831","20260904","31","1",0,0,0,0,0
"420","1","2026091","20260831","20260904","31","2",0,0,0,0,0
"420","1","2026091","20260831","20260904","32","1",0,0,0,0,0
"420","1","2026091","20260831","20260904","32","2",0,0,0,0,0
"420","1","2026091","20260831","20260904","33","1",0,0,0,0,0
"420","1","2026091","20260831","20260904","33","2",0,0,0,0,0
"420","1","2026091","20260831","20260904","41","1",0,0,0,0,0
"420","1","2026091","20260831","20260904","41","2",0,0,0,0,0
"420","1","2026091","20260831","20260904","51","1",0,0,0,0,0
"420","1","2026091","20260831","20260904","51","2",0,0,0,0,0
"420","1","2026091","20260831","20260904","60","1",0,0,0,0,0
"420","1","2026091","20260831","20260904","60","2",0,0,0,0,0
"421","1","2026091","20260831","20260904","11","1",0,0,0,0,0
"421","1","2026091","20260831","20260904","11","2",0,0,0,0,0
"421","1","2026091","20260831","20260904","21","1",0,0,0,0,0
"421","1","2026091","20260831","20260904","21","2",0,0,0,0,0
"421","1","2026091","20260831","20260904","22","1",0,0,0,0,0
"421","1","2026091","20260831","20260904","22","2",0,0,0,0,0
"421","1","2026091","20260831","20260904","23","1",0,0,0,0,0
"421","1","2026091","20260831","20260904","23","2",0,0,0,0,0
"421","1","2026091","20260831","20260904","24","1",0,0,0,0,0
"421","1","2026091","20260831","20260904","24","2",0,0,0,0,0
"421","1","2026091","20260831","20260904","31","1",0,0,0,0,0
"421","1","2026091","20260831","20260904","31","2",0,0,0,0,0
"421","1","2026091","20260831","20260904","32","1",0,0,0,0,0
"421","1","2026091","20260831","20260904","32","2",0,0,0,0,0
"421","1","2026091","20260831","20260904","33","1",0,0,0,0,0
"421","1","2026091","20260831","20260904","33","2",0,0,0,0,0
"421","1","2026091","20260831","20260904","41","1",0,0,0,0,0
"421","1","2026091","20260831","20260904","41","2",0,0,0,0,0
"421","1","2026091","20260831","20260904","51","1",0,0,0,0,0
"421","1","2026091","20260831","20260904","51","2",0,0,0,0,0
"421","1","2026091","20260831","20260904","60","1",0,0,0,0,0
"421","1","2026091","20260831","20260904","60","2",0,0,0,0,0
"303","1","2026091","20260831","20260904","11","1",20115,-445,19670,0,39785
"303","1","2026091","20260831","20260904","11","2",6807589000,0,7170223666,362634666,13977812666
"303","1","2026091","20260831","20260904","21","1",0,0,0,0,0
"303","1","2026091","20260831","20260904","21","2",0,0,0,0,0
"303","1","2026091","20260831","20260904","22","1",2000,0,2118,118,4118
"303","1","2026091","20260831","20260904","22","2",130000000,0,1341645000,1211645000,1471645000
"303","1","2026091","20260831","20260904","23","1",184,-36,148,0,332
"303","1","2026091","20260831","20260904","23","2",114098000,-14839000,99259000,0,213357000
"303","1","2026091","20260831","20260904","24","1",0,0,0,0,0
"303","1","2026091","20260831","20260904","24","2",0,0,0,0,0
"303","1","2026091","20260831","20260904","31","1",5,0,24,19,29
"303","1","2026091","20260831","20260904","31","2",2600000,0,16590000,13990000,19190000
"303","1","2026091","20260831","20260904","32","1",857,0,1691,834,2548
"303","1","2026091","20260831","20260904","32","2",131960180,-8107420,123852760,0,255812940
"303","1","2026091","20260831","20260904","33","1",139,-5,134,0,273
"303","1","2026091","20260831","20260904","33","2",19876000,-3398000,16478000,0,36354000
"303","1","2026091","20260831","20260904","41","1",0,0,1,1,1
"303","1","2026091","20260831","20260904","41","2",0,0,8000,8000,8000
"303","1","2026091","20260831","20260904","51","1",16337,-423,15914,0,32251
"303","1","2026091","20260831","20260904","51","2",1998887110,-163933140,1834953970,0,3833841080
"303","1","2026091","20260831","20260904","60","1",112848,-90,112758,0,225606
"303","1","2026091","20260831","20260904","60","2",65805696396,-2363752106,63441944290,0,129247640686
"304","1","2026091","20260831","20260904","11","1",7702,-1110,6592,0,14294
"304","1","2026091","20260831","20260904","11","2",2333788000,-126279000,2207509000,0,4541297000
"304","1","2026091","20260831","20260904","21","1",0,0,0,0,0
"304","1","2026091","20260831","20260904","21","2",0,0,0,0,0
"304","1","2026091","20260831","20260904","22","1",80,-35,45,0,125
"304","1","2026091","20260831","20260904","22","2",25210000,-9615000,15595000,0,40805000
"304","1","2026091","20260831","20260904","23","1",286,0,393,107,679
"304","1","2026091","20260831","20260904","23","2",122262000,-78945000,43317000,0,165579000
"304","1","2026091","20260831","20260904","24","1",0,0,0,0,0
"304","1","2026091","20260831","20260904","24","2",0,0,0,0,0
"304","1","2026091","20260831","20260904","31","1",40,-15,25,0,65
"304","1","2026091","20260831","20260904","31","2",16400000,-14795000,1605000,0,18005000
"304","1","2026091","20260831","20260904","32","1",751,0,773,22,1524
"304","1","2026091","20260831","20260904","32","2",90787690,-8039320,82748370,0,173536060
"304","1","2026091","20260831","20260904","33","1",133,-3,130,0,263
"304","1","2026091","20260831","20260904","33","2",29031000,-11809000,17222000,0,46253000
"304","1","2026091","20260831","20260904","41","1",0,0,2,2,2
"304","1","2026091","20260831","20260904","41","2",0,0,314000,314000,314000
"304","1","2026091","20260831","20260904","51","1",13452,-81,13371,0,26823
"304","1","2026091","20260831","20260904","51","2",1604913880,0,1611899950,6986070,3216813830
"304","1","2026091","20260831","20260904","60","1",53905,0,55946,2041,109851
"304","1","2026091","20260831","20260904","60","2",146325000280,0,149197446530,2872446250,295522446810
"332","1","2026091","20260831","20260904","11","1",1528,-967,561,0,2089
"332","1","2026091","20260831","20260904","11","2",5963700,0,11272900,5309200,17236600
"332","1","2026091","20260831","20260904","21","1",0,0,0,0,0
"332","1","2026091","20260831","20260904","21","2",0,0,0,0,0
"332","1","2026091","20260831","20260904","22","1",0,0,0,0,0
"332","1","2026091","20260831","20260904","22","2",0,0,0,0,0
"332","1","2026091","20260831","20260904","23","1",0,0,0,0,0
"332","1","2026091","20260831","20260904","23","2",0,0,0,0,0
"332","1","2026091","20260831","20260904","24","1",0,0,0,0,0
"332","1","2026091","20260831","20260904","24","2",0,0,0,0,0
"332","1","2026091","20260831","20260904","31","1",0,0,0,0,0
"332","1","2026091","20260831","20260904","31","2",0,0,0,0,0
"332","1","2026091","20260831","20260904","32","1",1099,-13,1086,0,2185
"332","1","2026091","20260831","20260904","32","2",28610680,-213880,28396800,0,57007480
"332","1","2026091","20260831","20260904","33","1",419,-132,287,0,706
"332","1","2026091","20260831","20260904","33","2",10577100,-314900,10262200,0,20839300
"332","1","2026091","20260831","20260904","41","1",0,0,0,0,0
"332","1","2026091","20260831","20260904","41","2",0,0,0,0,0
"332","1","2026091","20260831","20260904","51","1",49274,-4973,44301,0,93575
"332","1","2026091","20260831","20260904","51","2",1065011110,-22623910,1042387200,0,2107398310
"332","1","2026091","20260831","20260904","60","1",60801,0,66274,5473,127075
"332","1","2026091","20260831","20260904","60","2",1747963060,0,1784453750,36490690,3532416810
"333","1","2026091","20260831","20260904","11","1",2510,-2240,270,0,2780
"333","1","2026091","20260831","20260904","11","2",1878800,-506000,1372800,0,3251600
"333","1","2026091","20260831","20260904","21","1",0,0,0,0,0
"333","1","2026091","20260831","20260904","21","2",0,0,0,0,0
"333","1","2026091","20260831","20260904","22","1",0,0,0,0,0
"333","1","2026091","20260831","20260904","22","2",0,0,0,0,0
"333","1","2026091","20260831","20260904","23","1",0,0,0,0,0
"333","1","2026091","20260831","20260904","23","2",0,0,0,0,0
"333","1","2026091","20260831","20260904","24","1",0,0,0,0,0
"333","1","2026091","20260831","20260904","24","2",0,0,0,0,0
"333","1","2026091","20260831","20260904","31","1",0,0,0,0,0
"333","1","2026091","20260831","20260904","31","2",0,0,0,0,0
"333","1","2026091","20260831","20260904","32","1",1294,-22,1272,0,2566
"333","1","2026091","20260831","20260904","32","2",18608280,0,19540280,932000,38148560
"333","1","2026091","20260831","20260904","33","1",366,-74,292,0,658
"333","1","2026091","20260831","20260904","33","2",8770600,-2056500,6714100,0,15484700
"333","1","2026091","20260831","20260904","41","1",0,0,0,0,0
"333","1","2026091","20260831","20260904","41","2",0,0,0,0,0
"333","1","2026091","20260831","20260904","51","1",37063,-606,36457,0,73520
"333","1","2026091","20260831","20260904","51","2",730708410,-24443590,706264820,0,1436973230
"333","1","2026091","20260831","20260904","60","1",53059,0,56613,3554,109672
"333","1","2026091","20260831","20260904","60","2",1465815800,0,1576890290,111074490,3042706090
"319","1","2026091","20260831","20260904","11","1",1062,-346,716,0,1778
"319","1","2026091","20260831","20260904","11","2",780019230,-429029230,350990000,0,1131009230
"319","1","2026091","20260831","20260904","21","1",0,0,0,0,0
"319","1","2026091","20260831","20260904","21","2",0,0,0,0,0
"319","1","2026091","20260831","20260904","22","1",0,0,0,0,0
"319","1","2026091","20260831","20260904","22","2",0,0,0,0,0
"319","1","2026091","20260831","20260904","23","1",0,0,0,0,0
"319","1","2026091","20260831","20260904","23","2",0,0,0,0,0
"319","1","2026091","20260831","20260904","24","1",0,0,0,0,0
"319","1","2026091","20260831","20260904","24","2",0,0,0,0,0
"319","1","2026091","20260831","20260904","31","1",0,0,0,0,0
"319","1","2026091","20260831","20260904","31","2",0,0,0,0,0
"319","1","2026091","20260831","20260904","32","1",0,0,0,0,0
"319","1","2026091","20260831","20260904","32","2",0,0,0,0,0
"319","1","2026091","20260831","20260904","33","1",0,0,0,0,0
"319","1","2026091","20260831","20260904","33","2",0,0,0,0,0
"319","1","2026091","20260831","20260904","41","1",0,0,0,0,0
"319","1","2026091","20260831","20260904","41","2",0,0,0,0,0
"319","1","2026091","20260831","20260904","51","1",0,0,0,0,0
"319","1","2026091","20260831","20260904","51","2",0,0,0,0,0
"319","1","2026091","20260831","20260904","60","1",9089,0,10085,996,19174
"319","1","2026091","20260831","20260904","60","2",7421931606,0,8730085836,1308154230,16152017442
"320","1","2026091","20260831","20260904","11","1",500,-200,300,0,800
"320","1","2026091","20260831","20260904","11","2",504550000,-429050000,75500000,0,580050000
"320","1","2026091","20260831","20260904","21","1",0,0,0,0,0
"320","1","2026091","20260831","20260904","21","2",0,0,0,0,0
"320","1","2026091","20260831","20260904","22","1",0,0,0,0,0
"320","1","2026091","20260831","20260904","22","2",0,0,0,0,0
"320","1","2026091","20260831","20260904","23","1",0,0,0,0,0
"320","1","2026091","20260831","20260904","23","2",0,0,0,0,0
"320","1","2026091","20260831","20260904","24","1",0,0,0,0,0
"320","1","2026091","20260831","20260904","24","2",0,0,0,0,0
"320","1","2026091","20260831","20260904","31","1",0,0,0,0,0
"320","1","2026091","20260831","20260904","31","2",0,0,0,0,0
"320","1","2026091","20260831","20260904","32","1",0,0,0,0,0
"320","1","2026091","20260831","20260904","32","2",0,0,0,0,0
"320","1","2026091","20260831","20260904","33","1",0,0,0,0,0
"320","1","2026091","20260831","20260904","33","2",0,0,0,0,0
"320","1","2026091","20260831","20260904","41","1",0,0,0,0,0
"320","1","2026091","20260831","20260904","41","2",0,0,0,0,0
"320","1","2026091","20260831","20260904","51","1",0,0,0,0,0
"320","1","2026091","20260831","20260904","51","2",0,0,0,0,0
"320","1","2026091","20260831","20260904","60","1",3815,0,4065,250,7880
"320","1","2026091","20260831","20260904","60","2",4488857620,0,5068907620,580050000,9557765240
"327","1","2026091","20260831","20260904","11","1",0,0,0,0,0
"327","1","2026091","20260831","20260904","11","2",0,0,0,0,0
"327","1","2026091","20260831","20260904","21","1",0,0,0,0,0
"327","1","2026091","20260831","20260904","21","2",0,0,0,0,0
"327","1","2026091","20260831","20260904","22","1",0,0,0,0,0
"327","1","2026091","20260831","20260904","22","2",0,0,0,0,0
"327","1","2026091","20260831","20260904","23","1",0,0,0,0,0
"327","1","2026091","20260831","20260904","23","2",0,0,0,0,0
"327","1","2026091","20260831","20260904","24","1",0,0,0,0,0
"327","1","2026091","20260831","20260904","24","2",0,0,0,0,0
"327","1","2026091","20260831","20260904","31","1",0,0,0,0,0
"327","1","2026091","20260831","20260904","31","2",0,0,0,0,0
"327","1","2026091","20260831","20260904","32","1",0,0,0,0,0
"327","1","2026091","20260831","20260904","32","2",0,0,0,0,0
"327","1","2026091","20260831","20260904","33","1",0,0,0,0,0
"327","1","2026091","20260831","20260904","33","2",0,0,0,0,0
"327","1","2026091","20260831","20260904","41","1",0,0,0,0,0
"327","1","2026091","20260831","20260904","41","2",0,0,0,0,0
"327","1","2026091","20260831","20260904","51","1",0,0,0,0,0
"327","1","2026091","20260831","20260904","51","2",0,0,0,0,0
"327","1","2026091","20260831","20260904","60","1",0,0,0,0,0
"327","1","2026091","20260831","20260904","60","2",0,0,0,0,0
"328","1","2026091","20260831","20260904","11","1",0,0,0,0,0
"328","1","2026091","20260831","20260904","11","2",0,0,0,0,0
"328","1","2026091","20260831","20260904","21","1",0,0,0,0,0
"328","1","2026091","20260831","20260904","21","2",0,0,0,0,0
"328","1","2026091","20260831","20260904","22","1",0,0,0,0,0
"328","1","2026091","20260831","20260904","22","2",0,0,0,0,0
"328","1","2026091","20260831","20260904","23","1",0,0,0,0,0
"328","1","2026091","20260831","20260904","23","2",0,0,0,0,0
"328","1","2026091","20260831","20260904","24","1",0,0,0,0,0
"328","1","2026091","20260831","20260904","24","2",0,0,0,0,0
"328","1","2026091","20260831","20260904","31","1",0,0,0,0,0
"328","1","2026091","20260831","20260904","31","2",0,0,0,0,0
"328","1","2026091","20260831","20260904","32","1",0,0,0,0,0
"328","1","2026091","20260831","20260904","32","2",0,0,0,0,0
"328","1","2026091","20260831","20260904","33","1",0,0,0,0,0
"328","1","2026091","20260831","20260904","33","2",0,0,0,0,0
"328","1","2026091","20260831","20260904","41","1",0,0,0,0,0
"328","1","2026091","20260831","20260904","41","2",0,0,0,0,0
"328","1","2026091","20260831","20260904","51","1",0,0,0,0,0
"328","1","2026091","20260831","20260904","51","2",0,0,0,0,0
"328","1","2026091","20260831","20260904","60","1",0,0,0,0,0
"328","1","2026091","20260831","20260904","60","2",0,0,0,0,0
"439","1","2026091","20260831","20260904","11","1",0,0,0,0,0
"439","1","2026091","20260831","20260904","11","2",0,0,0,0,0
"439","1","2026091","20260831","20260904","21","1",0,0,0,0,0
"439","1","2026091","20260831","20260904","21","2",0,0,0,0,0
"439","1","2026091","20260831","20260904","22","1",0,0,0,0,0
"439","1","2026091","20260831","20260904","22","2",0,0,0,0,0
"439","1","2026091","20260831","20260904","23","1",0,0,0,0,0
"439","1","2026091","20260831","20260904","23","2",0,0,0,0,0
"439","1","2026091","20260831","20260904","24","1",0,0,0,0,0
"439","1","2026091","20260831","20260904","24","2",0,0,0,0,0
"439","1","2026091","20260831","20260904","31","1",0,0,0,0,0
"439","1","2026091","20260831","20260904","31","2",0,0,0,0,0
"439","1","2026091","20260831","20260904","32","1",0,0,0,0,0
"439","1","2026091","20260831","20260904","32","2",0,0,0,0,0
"439","1","2026091","20260831","20260904","33","1",0,0,0,0,0
"439","1","2026091","20260831","20260904","33","2",0,0,0,0,0
"439","1","2026091","20260831","20260904","41","1",0,0,0,0,0
"439","1","2026091","20260831","20260904","41","2",0,0,0,0,0
"439","1","2026091","20260831","20260904","51","1",0,0,0,0,0
"439","1","2026091","20260831","20260904","51","2",0,0,0,0,0
"439","1","2026091","20260831","20260904","60","1",0,0,0,0,0
"439","1","2026091","20260831","20260904","60","2",0,0,0,0,0
"440","1","2026091","20260831","20260904","11","1",0,0,0,0,0
"440","1","2026091","20260831","20260904","11","2",0,0,0,0,0
"440","1","2026091","20260831","20260904","21","1",0,0,0,0,0
"440","1","2026091","20260831","20260904","21","2",0,0,0,0,0
"440","1","2026091","20260831","20260904","22","1",0,0,0,0,0
"440","1","2026091","20260831","20260904","22","2",0,0,0,0,0
"440","1","2026091","20260831","20260904","23","1",0,0,0,0,0
"440","1","2026091","20260831","20260904","23","2",0,0,0,0,0
"440","1","2026091","20260831","20260904","24","1",0,0,0,0,0
"440","1","2026091","20260831","20260904","24","2",0,0,0,0,0
"440","1","2026091","20260831","20260904","31","1",0,0,0,0,0
"440","1","2026091","20260831","20260904","31","2",0,0,0,0,0
"440","1","2026091","20260831","20260904","32","1",0,0,0,0,0
"440","1","2026091","20260831","20260904","32","2",0,0,0,0,0
"440","1","2026091","20260831","20260904","33","1",0,0,0,0,0
"440","1","2026091","20260831","20260904","33","2",0,0,0,0,0
"440","1","2026091","20260831","20260904","41","1",0,0,0,0,0
"440","1","2026091","20260831","20260904","41","2",0,0,0,0,0
"440","1","2026091","20260831","20260904","51","1",0,0,0,0,0
"440","1","2026091","20260831","20260904","51","2",0,0,0,0,0
"440","1","2026091","20260831","20260904","60","1",0,0,0,0,0
"440","1","2026091","20260831","20260904","60","2",0,0,0,0,0
"441","1","2026091","20260831","20260904","11","1",0,0,0,0,0
"441","1","2026091","20260831","20260904","11","2",0,0,0,0,0
"441","1","2026091","20260831","20260904","21","1",0,0,0,0,0
"441","1","2026091","20260831","20260904","21","2",0,0,0,0,0
"441","1","2026091","20260831","20260904","22","1",0,0,0,0,0
"441","1","2026091","20260831","20260904","22","2",0,0,0,0,0
"441","1","2026091","20260831","20260904","23","1",0,0,0,0,0
"441","1","2026091","20260831","20260904","23","2",0,0,0,0,0
"441","1","2026091","20260831","20260904","24","1",0,0,0,0,0
"441","1","2026091","20260831","20260904","24","2",0,0,0,0,0
"441","1","2026091","20260831","20260904","31","1",0,0,0,0,0
"441","1","2026091","20260831","20260904","31","2",0,0,0,0,0
"441","1","2026091","20260831","20260904","32","1",0,0,0,0,0
"441","1","2026091","20260831","20260904","32","2",0,0,0,0,0
"441","1","2026091","20260831","20260904","33","1",0,0,0,0,0
"441","1","2026091","20260831","20260904","33","2",0,0,0,0,0
"441","1","2026091","20260831","20260904","41","1",0,0,0,0,0
"441","1","2026091","20260831","20260904","41","2",0,0,0,0,0
"441","1","2026091","20260831","20260904","51","1",0,0,0,0,0
"441","1","2026091","20260831","20260904","51","2",0,0,0,0,0
"441","1","2026091","20260831","20260904","60","1",0,0,0,0,0
"441","1","2026091","20260831","20260904","60","2",0,0,0,0,0
"442","1","2026091","20260831","20260904","11","1",0,0,0,0,0
"442","1","2026091","20260831","20260904","11","2",0,0,0,0,0
"442","1","2026091","20260831","20260904","21","1",0,0,0,0,0
"442","1","2026091","20260831","20260904","21","2",0,0,0,0,0
"442","1","2026091","20260831","20260904","22","1",0,0,0,0,0
"442","1","2026091","20260831","20260904","22","2",0,0,0,0,0
"442","1","2026091","20260831","20260904","23","1",0,0,0,0,0
"442","1","2026091","20260831","20260904","23","2",0,0,0,0,0
"442","1","2026091","20260831","20260904","24","1",0,0,0,0,0
"442","1","2026091","20260831","20260904","24","2",0,0,0,0,0
"442","1","2026091","20260831","20260904","31","1",0,0,0,0,0
"442","1","2026091","20260831","20260904","31","2",0,0,0,0,0
"442","1","2026091","20260831","20260904","32","1",0,0,0,0,0
"442","1","2026091","20260831","20260904","32","2",0,0,0,0,0
"442","1","2026091","20260831","20260904","33","1",0,0,0,0,0
"442","1","2026091","20260831","20260904","33","2",0,0,0,0,0
"442","1","2026091","20260831","20260904","41","1",0,0,0,0,0
"442","1","2026091","20260831","20260904","41","2",0,0,0,0,0
"442","1","2026091","20260831","20260904","51","1",0,0,0,0,0
"442","1","2026091","20260831","20260904","51","2",0,0,0,0,0
"442","1","2026091","20260831","20260904","60","1",0,0,0,0,0
"442","1","2026091","20260831","20260904","60","2",0,0,0,0,0
"321","1","2026091","20260831","20260904","11","1",100,0,339,239,439
"321","1","2026091","20260831","20260904","11","2",15500000,0,70130000,54630000,85630000
"321","1","2026091","20260831","20260904","21","1",0,0,0,0,0
"321","1","2026091","20260831","20260904","21","2",0,0,0,0,0
"321","1","2026091","20260831","20260904","22","1",30,-8,22,0,52
"321","1","2026091","20260831","20260904","22","2",4500000,0,6720000,2220000,11220000
"321","1","2026091","20260831","20260904","23","1",0,0,0,0,0
"321","1","2026091","20260831","20260904","23","2",0,0,0,0,0
"321","1","2026091","20260831","20260904","24","1",0,0,0,0,0
"321","1","2026091","20260831","20260904","24","2",0,0,0,0,0
"321","1","2026091","20260831","20260904","31","1",50,-50,0,0,50
"321","1","2026091","20260831","20260904","31","2",4500000,-4500000,0,0,4500000
"321","1","2026091","20260831","20260904","32","1",0,0,0,0,0
"321","1","2026091","20260831","20260904","32","2",0,0,0,0,0
"321","1","2026091","20260831","20260904","33","1",0,0,0,0,0
"321","1","2026091","20260831","20260904","33","2",0,0,0,0,0
"321","1","2026091","20260831","20260904","41","1",0,0,0,0,0
"321","1","2026091","20260831","20260904","41","2",0,0,0,0,0
"321","1","2026091","20260831","20260904","51","1",0,0,0,0,0
"321","1","2026091","20260831","20260904","51","2",0,0,0,0,0
"321","1","2026091","20260831","20260904","60","1",230,-130,100,0,330
"321","1","2026091","20260831","20260904","60","2",52780000,-8880000,43900000,0,96680000
"322","1","2026091","20260831","20260904","11","1",65,0,184,119,249
"322","1","2026091","20260831","20260904","11","2",17930000,0,45680000,27750000,63610000
"322","1","2026091","20260831","20260904","21","1",0,0,0,0,0
"322","1","2026091","20260831","20260904","21","2",0,0,0,0,0
"322","1","2026091","20260831","20260904","22","1",0,0,0,0,0
"322","1","2026091","20260831","20260904","22","2",0,0,0,0,0
"322","1","2026091","20260831","20260904","23","1",42,-26,16,0,58
"322","1","2026091","20260831","20260904","23","2",7920000,-3120000,4800000,0,12720000
"322","1","2026091","20260831","20260904","24","1",0,0,0,0,0
"322","1","2026091","20260831","20260904","24","2",0,0,0,0,0
"322","1","2026091","20260831","20260904","31","1",50,-50,0,0,50
"322","1","2026091","20260831","20260904","31","2",2000000,-2000000,0,0,2000000
"322","1","2026091","20260831","20260904","32","1",0,0,0,0,0
"322","1","2026091","20260831","20260904","32","2",0,0,0,0,0
"322","1","2026091","20260831","20260904","33","1",0,0,0,0,0
"322","1","2026091","20260831","20260904","33","2",0,0,0,0,0
"322","1","2026091","20260831","20260904","41","1",0,0,0,0,0
"322","1","2026091","20260831","20260904","41","2",0,0,0,0,0
"322","1","2026091","20260831","20260904","51","1",0,0,0,0,0
"322","1","2026091","20260831","20260904","51","2",0,0,0,0,0
"322","1","2026091","20260831","20260904","60","1",367,-103,264,0,631
"322","1","2026091","20260831","20260904","60","2",72500000,-34860000,37640000,0,110140000
"307","1","2026091","20260831","20260904","11","1",30951,-19699,11252,0,42203
"307","1","2026091","20260831","20260904","11","2",242205000,-163937960,78267040,0,320472040
"307","1","2026091","20260831","20260904","21","1",0,0,0,0,0
"307","1","2026091","20260831","20260904","21","2",0,0,0,0,0
"307","1","2026091","20260831","20260904","22","1",0,0,0,0,0
"307","1","2026091","20260831","20260904","22","2",0,0,0,0,0
"307","1","2026091","20260831","20260904","23","1",0,0,0,0,0
"307","1","2026091","20260831","20260904","23","2",0,0,0,0,0
"307","1","2026091","20260831","20260904","24","1",0,0,0,0,0
"307","1","2026091","20260831","20260904","24","2",0,0,0,0,0
"307","1","2026091","20260831","20260904","31","1",0,0,0,0,0
"307","1","2026091","20260831","20260904","31","2",0,0,0,0,0
"307","1","2026091","20260831","20260904","32","1",1014,-1014,0,0,1014
"307","1","2026091","20260831","20260904","32","2",2387500,-2387500,0,0,2387500
"307","1","2026091","20260831","20260904","33","1",0,0,0,0,0
"307","1","2026091","20260831","20260904","33","2",0,0,0,0,0
"307","1","2026091","20260831","20260904","41","1",0,0,0,0,0
"307","1","2026091","20260831","20260904","41","2",0,0,0,0,0
"307","1","2026091","20260831","20260904","51","1",1179,-482,697,0,1876
"307","1","2026091","20260831","20260904","51","2",2893893,-1330019,1563874,0,4457767
"307","1","2026091","20260831","20260904","60","1",15216,0,37292,22076,52508
"307","1","2026091","20260831","20260904","60","2",106971714,0,290969896,183998182,397941610
"308","1","2026091","20260831","20260904","11","1",17880,-5475,12405,0,30285
"308","1","2026091","20260831","20260904","11","2",28372000,0,32297350,3925350,60669350
"308","1","2026091","20260831","20260904","21","1",0,0,0,0,0
"308","1","2026091","20260831","20260904","21","2",0,0,0,0,0
"308","1","2026091","20260831","20260904","22","1",0,0,0,0,0
"308","1","2026091","20260831","20260904","22","2",0,0,0,0,0
"308","1","2026091","20260831","20260904","23","1",0,0,0,0,0
"308","1","2026091","20260831","20260904","23","2",0,0,0,0,0
"308","1","2026091","20260831","20260904","24","1",0,0,0,0,0
"308","1","2026091","20260831","20260904","24","2",0,0,0,0,0
"308","1","2026091","20260831","20260904","31","1",0,0,0,0,0
"308","1","2026091","20260831","20260904","31","2",0,0,0,0,0
"308","1","2026091","20260831","20260904","32","1",18002,0,20007,2005,38009
"308","1","2026091","20260831","20260904","32","2",18726550,-11684840,7041710,0,25768260
"308","1","2026091","20260831","20260904","33","1",0,0,0,0,0
"308","1","2026091","20260831","20260904","33","2",0,0,0,0,0
"308","1","2026091","20260831","20260904","41","1",0,0,0,0,0
"308","1","2026091","20260831","20260904","41","2",0,0,0,0,0
"308","1","2026091","20260831","20260904","51","1",493,0,2896,2403,3389
"308","1","2026091","20260831","20260904","51","2",2361625,-731109,1630516,0,3992141
"308","1","2026091","20260831","20260904","60","1",37141,0,37910,769,75051
"308","1","2026091","20260831","20260904","60","2",73491916,0,88911850,15419934,162403766
"413","1","2026091","20260831","20260904","11","1",0,0,0,0,0
"413","1","2026091","20260831","20260904","11","2",0,0,0,0,0
"413","1","2026091","20260831","20260904","21","1",0,0,0,0,0
"413","1","2026091","20260831","20260904","21","2",0,0,0,0,0
"413","1","2026091","20260831","20260904","22","1",0,0,0,0,0
"413","1","2026091","20260831","20260904","22","2",0,0,0,0,0
"413","1","2026091","20260831","20260904","23","1",0,0,0,0,0
"413","1","2026091","20260831","20260904","23","2",0,0,0,0,0
"413","1","2026091","20260831","20260904","24","1",0,0,0,0,0
"413","1","2026091","20260831","20260904","24","2",0,0,0,0,0
"413","1","2026091","20260831","20260904","31","1",0,0,0,0,0
"413","1","2026091","20260831","20260904","31","2",0,0,0,0,0
"413","1","2026091","20260831","20260904","32","1",0,0,0,0,0
"413","1","2026091","20260831","20260904","32","2",0,0,0,0,0
"413","1","2026091","20260831","20260904","33","1",0,0,0,0,0
"413","1","2026091","20260831","20260904","33","2",0,0,0,0,0
"413","1","2026091","20260831","20260904","41","1",0,0,0,0,0
"413","1","2026091","20260831","20260904","41","2",0,0,0,0,0
"413","1","2026091","20260831","20260904","51","1",0,0,0,0,0
"413","1","2026091","20260831","20260904","51","2",0,0,0,0,0
"413","1","2026091","20260831","20260904","60","1",0,0,0,0,0
"413","1","2026091","20260831","20260904","60","2",0,0,0,0,0
"414","1","2026091","20260831","20260904","11","1",0,0,0,0,0
"414","1","2026091","20260831","20260904","11","2",0,0,0,0,0
"414","1","2026091","20260831","20260904","21","1",0,0,0,0,0
"414","1","2026091","20260831","20260904","21","2",0,0,0,0,0
"414","1","2026091","20260831","20260904","22","1",0,0,0,0,0
"414","1","2026091","20260831","20260904","22","2",0,0,0,0,0
"414","1","2026091","20260831","20260904","23","1",0,0,0,0,0
"414","1","2026091","20260831","20260904","23","2",0,0,0,0,0
"414","1","2026091","20260831","20260904","24","1",0,0,0,0,0
"414","1","2026091","20260831","20260904","24","2",0,0,0,0,0
"414","1","2026091","20260831","20260904","31","1",0,0,0,0,0
"414","1","2026091","20260831","20260904","31","2",0,0,0,0,0
"414","1","2026091","20260831","20260904","32","1",0,0,0,0,0
"414","1","2026091","20260831","20260904","32","2",0,0,0,0,0
"414","1","2026091","20260831","20260904","33","1",0,0,0,0,0
"414","1","2026091","20260831","20260904","33","2",0,0,0,0,0
"414","1","2026091","20260831","20260904","41","1",0,0,0,0,0
"414","1","2026091","20260831","20260904","41","2",0,0,0,0,0
"414","1","2026091","20260831","20260904","51","1",0,0,0,0,0
"414","1","2026091","20260831","20260904","51","2",0,0,0,0,0
"414","1","2026091","20260831","20260904","60","1",0,0,0,0,0
"414","1","2026091","20260831","20260904","60","2",0,0,0,0,0
