"帳票種別 Product type","サイクル区分 Cycle","年月週 Year, Month, Week","報告年月日（自）Period covered - from","報告年月日（至）Period covered - to","投資部門コード Type of Investor","数量金額区分 Volume/Value","売 Sales","売-差引 Balance","買 Purchases","買-差引 Balance","合計 Total"
"301","1","2026084","20260824","20260828","11","1",13584,0,13991,407,27575
"301","1","2026084","20260824","20260828","11","2",895061699460,0,923276441170,28214741710,1818338140630
"301","1","2026084","20260824","20260828","21","1",1,0,1,0,2
"301","1","2026084","20260824","20260828","21","2",66000000,0,67000000,1000000,133000000
"301","1","2026084","20260824","20260828","22","1",78,0,393,315,471
"301","1","2026084","20260824","20260828","22","2",5124160000,0,26061500000,20937340000,31185660000
"301","1","2026084","20260824","20260828","23","1",2231,0,3181,950,5412
"301","1","2026084","20260824","20260828","23","2",147020183100,0,210621196620,63601013520,357641379720
"301","1","2026084","20260824","20260828","24","1",25,0,27,2,52
"301","1","2026084","20260824","20260828","24","2",1649360000,0,1783170000,133810000,3432530000
"301","1","2026084","20260824","20260828","31","1",534,0,785,251,1319
"301","1","2026084","20260824","20260828","31","2",35144427800,0,51931804400,16787376600,87076232200
"301","1","2026084","20260824","20260828","32","1",1731,-99,1632,0,3363
"301","1","2026084","20260824","20260828","32","2",114625661000,-6975199300,107650461700,0,222276122700
"301","1","2026084","20260824","20260828","33","1",184,-59,125,0,309
"301","1","2026084","20260824","20260828","33","2",12227850900,-3964990900,8262860000,0,20490710900
"301","1","2026084","20260824","20260828","41","1",0,0,0,0,0
"301","1","2026084","20260824","20260828","41","2",0,0,0,0,0
"301","1","2026084","20260824","20260828","51","1",9929,-91,9838,0,19767
"301","1","2026084","20260824","20260828","51","2",655420285500,-6713775000,648706510500,0,1304126796000
"301","1","2026084","20260824","20260828","60","1",93627,-1913,91714,0,185341
"301","1","2026084","20260824","20260828","60","2",6180188498471,-128133576506,6052054921965,0,12232243420436
"313","1","2026084","20260824","20260828","11","1",32494,0,43074,10580,75568
"313","1","2026084","20260824","20260828","11","2",214170476000,0,283236963120,69066487120,497407439120
"313","1","2026084","20260824","20260828","21","1",0,0,0,0,0
"313","1","2026084","20260824","20260828","21","2",0,0,0,0,0
"313","1","2026084","20260824","20260828","22","1",0,0,0,0,0
"313","1","2026084","20260824","20260828","22","2",0,0,0,0,0
"313","1","2026084","20260824","20260828","23","1",161,0,194,33,355
"313","1","2026084","20260824","20260828","23","2",1064783920,0,1283282550,218498630,2348066470
"313","1","2026084","20260824","20260828","24","1",0,0,0,0,0
"313","1","2026084","20260824","20260828","24","2",0,0,0,0,0
"313","1","2026084","20260824","20260828","31","1",109,0,128,19,237
"313","1","2026084","20260824","20260828","31","2",719860500,0,845690500,125830000,1565551000
"313","1","2026084","20260824","20260828","32","1",14275,-9,14266,0,28541
"313","1","2026084","20260824","20260828","32","2",94131858940,-72703480,94059155460,0,188191014400
"313","1","2026084","20260824","20260828","33","1",793,0,806,13,1599
"313","1","2026084","20260824","20260828","33","2",5229161490,0,5315406040,86244550,10544567530
"313","1","2026084","20260824","20260828","41","1",75,0,92,17,167
"313","1","2026084","20260824","20260828","41","2",494467500,0,607237000,112769500,1101704500
"313","1","2026084","20260824","20260828","51","1",483973,-741,483232,0,967205
"313","1","2026084","20260824","20260828","51","2",3192082205440,-5309910320,3186772295120,0,6378854500560
"313","1","2026084","20260824","20260828","60","1",1721805,-12003,1709802,0,3431607
"313","1","2026084","20260824","20260828","60","2",11354517479516,-78329947910,11276187531606,0,22630705011122
"331","1","2026084","20260824","20260828","11","1",0,0,0,0,0
"331","1","2026084","20260824","20260828","11","2",0,0,0,0,0
"331","1","2026084","20260824","20260828","21","1",0,0,0,0,0
"331","1","2026084","20260824","20260828","21","2",0,0,0,0,0
"331","1","2026084","20260824","20260828","22","1",0,0,0,0,0
"331","1","2026084","20260824","20260828","22","2",0,0,0,0,0
"331","1","2026084","20260824","20260828","23","1",0,0,0,0,0
"331","1","2026084","20260824","20260828","23","2",0,0,0,0,0
"331","1","2026084","20260824","20260828","24","1",0,0,0,0,0
"331","1","2026084","20260824","20260828","24","2",0,0,0,0,0
"331","1","2026084","20260824","20260828","31","1",0,0,0,0,0
"331","1","2026084","20260824","20260828","31","2",0,0,0,0,0
"331","1","2026084","20260824","20260828","32","1",6771,0,7103,332,13874
"331","1","2026084","20260824","20260828","32","2",4465760500,0,4686182350,220421850,9151942850
"331","1","2026084","20260824","20260828","33","1",2636,0,2648,12,5284
"331","1","2026084","20260824","20260828","33","2",1737801550,0,1745347900,7546350,3483149450
"331","1","2026084","20260824","20260828","41","1",0,0,0,0,0
"331","1","2026084","20260824","20260828","41","2",0,0,0,0,0
"331","1","2026084","20260824","20260828","51","1",1065755,-3517,1062238,0,2127993
"331","1","2026084","20260824","20260828","51","2",702922661750,-2454979450,700467682300,0,1403390344050
"331","1","2026084","20260824","20260828","60","1",2151287,0,2155691,4404,4306978
"331","1","2026084","20260824","20260828","60","2",1418400897350,0,1421426479850,3025582500,2839827377200
"314","1","2026084","20260824","20260828","11","1",24094,-5328,18766,0,42860
"314","1","2026084","20260824","20260828","11","2",989177485000,-218971856060,770205628940,0,1759383113940
"314","1","2026084","20260824","20260828","21","1",30,0,266,236,296
"314","1","2026084","20260824","20260828","21","2",1230680000,0,10852320600,9621640600,12083000600
"314","1","2026084","20260824","20260828","22","1",408,-216,192,0,600
"314","1","2026084","20260824","20260828","22","2",16681195000,-8794340000,7886855000,0,24568050000
"314","1","2026084","20260824","20260828","23","1",7657,-1974,5683,0,13340
"314","1","2026084","20260824","20260828","23","2",314373048500,-81174299900,233198748600,0,547571797100
"314","1","2026084","20260824","20260828","24","1",5,0,5,0,10
"314","1","2026084","20260824","20260828","24","2",207600000,-4275000,203325000,0,410925000
"314","1","2026084","20260824","20260828","31","1",917,0,1506,589,2423
"314","1","2026084","20260824","20260828","31","2",37551720500,0,61850090600,24298370100,99401811100
"314","1","2026084","20260824","20260828","32","1",300,-50,250,0,550
"314","1","2026084","20260824","20260828","32","2",12277070000,-1976330000,10300740000,0,22577810000
"314","1","2026084","20260824","20260828","33","1",26,-1,25,0,51
"314","1","2026084","20260824","20260828","33","2",1063110000,-40880000,1022230000,0,2085340000
"314","1","2026084","20260824","20260828","41","1",0,0,3,3,3
"314","1","2026084","20260824","20260828","41","2",0,0,122975000,122975000,122975000
"314","1","2026084","20260824","20260828","51","1",1362,-291,1071,0,2433
"314","1","2026084","20260824","20260828","51","2",55908973000,-11964345000,43944628000,0,99853601000
"314","1","2026084","20260824","20260828","60","1",183239,0,190256,7017,373495
"314","1","2026084","20260824","20260828","60","2",7528516086850,0,7816812236110,288296149260,15345328322960
"316","1","2026084","20260824","20260828","11","1",1149,0,2226,1077,3375
"316","1","2026084","20260824","20260828","11","2",4724407800,0,9148690730,4424282930,13873098530
"316","1","2026084","20260824","20260828","21","1",0,0,0,0,0
"316","1","2026084","20260824","20260828","21","2",0,0,0,0,0
"316","1","2026084","20260824","20260828","22","1",0,0,0,0,0
"316","1","2026084","20260824","20260828","22","2",0,0,0,0,0
"316","1","2026084","20260824","20260828","23","1",351,0,418,67,769
"316","1","2026084","20260824","20260828","23","2",1440269250,0,1721152050,280882800,3161421300
"316","1","2026084","20260824","20260828","24","1",0,0,0,0,0
"316","1","2026084","20260824","20260828","24","2",0,0,0,0,0
"316","1","2026084","20260824","20260828","31","1",110,-3,107,0,217
"316","1","2026084","20260824","20260828","31","2",453823480,-13389230,440434250,0,894257730
"316","1","2026084","20260824","20260828","32","1",71,0,111,40,182
"316","1","2026084","20260824","20260828","32","2",291752300,0,454885750,163133450,746638050
"316","1","2026084","20260824","20260828","33","1",46,-2,44,0,90
"316","1","2026084","20260824","20260828","33","2",188752050,-8287000,180465050,0,369217100
"316","1","2026084","20260824","20260828","41","1",0,0,0,0,0
"316","1","2026084","20260824","20260828","41","2",0,0,0,0,0
"316","1","2026084","20260824","20260828","51","1",8799,-626,8173,0,16972
"316","1","2026084","20260824","20260828","51","2",36121107600,-2597577850,33523529750,0,69644637350
"316","1","2026084","20260824","20260828","60","1",55951,-562,55389,0,111340
"316","1","2026084","20260824","20260828","60","2",229611498400,-2292816900,227318681500,0,456930179900
"335","1","2026084","20260824","20260828","11","1",0,0,0,0,0
"335","1","2026084","20260824","20260828","11","2",0,0,0,0,0
"335","1","2026084","20260824","20260828","21","1",0,0,0,0,0
"335","1","2026084","20260824","20260828","21","2",0,0,0,0,0
"335","1","2026084","20260824","20260828","22","1",0,0,0,0,0
"335","1","2026084","20260824","20260828","22","2",0,0,0,0,0
"335","1","2026084","20260824","20260828","23","1",0,0,0,0,0
"335","1","2026084","20260824","20260828","23","2",0,0,0,0,0
"335","1","2026084","20260824","20260828","24","1",0,0,0,0,0
"335","1","2026084","20260824","20260828","24","2",0,0,0,0,0
"335","1","2026084","20260824","20260828","31","1",0,0,0,0,0
"335","1","2026084","20260824","20260828","31","2",0,0,0,0,0
"335","1","2026084","20260824","20260828","32","1",0,0,0,0,0
"335","1","2026084","20260824","20260828","32","2",0,0,0,0,0
"335","1","2026084","20260824","20260828","33","1",0,0,0,0,0
"335","1","2026084","20260824","20260828","33","2",0,0,0,0,0
"335","1","2026084","20260824","20260828","41","1",0,0,0,0,0
"335","1","2026084","20260824","20260828","41","2",0,0,0,0,0
"335","1","2026084","20260824","20260828","51","1",0,0,0,0,0
"335","1","2026084","20260824","20260828","51","2",0,0,0,0,0
"335","1","2026084","20260824","20260828","60","1",0,0,0,0,0
"335","1","2026084","20260824","20260828","60","2",0,0,0,0,0
"323","1","2026084","20260824","20260828","11","1",5904,-4118,1786,0,7690
"323","1","2026084","20260824","20260828","11","2",21918929340,-15305902692,6613026648,0,28531955988
"323","1","2026084","20260824","20260828","21","1",0,0,0,0,0
"323","1","2026084","20260824","20260828","21","2",0,0,0,0,0
"323","1","2026084","20260824","20260828","22","1",0,0,0,0,0
"323","1","2026084","20260824","20260828","22","2",0,0,0,0,0
"323","1","2026084","20260824","20260828","23","1",872,-376,496,0,1368
"323","1","2026084","20260824","20260828","23","2",3258345000,-1407191672,1851153328,0,5109498328
"323","1","2026084","20260824","20260828","24","1",0,0,0,0,0
"323","1","2026084","20260824","20260828","24","2",0,0,0,0,0
"323","1","2026084","20260824","20260828","31","1",76,0,284,208,360
"323","1","2026084","20260824","20260828","31","2",283551750,0,1059873690,776321940,1343425440
"323","1","2026084","20260824","20260828","32","1",1,-1,0,0,1
"323","1","2026084","20260824","20260828","32","2",3713000,-3713000,0,0,3713000
"323","1","2026084","20260824","20260828","33","1",0,0,0,0,0
"323","1","2026084","20260824","20260828","33","2",0,0,0,0,0
"323","1","2026084","20260824","20260828","41","1",0,0,0,0,0
"323","1","2026084","20260824","20260828","41","2",0,0,0,0,0
"323","1","2026084","20260824","20260828","51","1",276,0,363,87,639
"323","1","2026084","20260824","20260828","51","2",1021137050,0,1339151500,318014450,2360288550
"323","1","2026084","20260824","20260828","60","1",8135,0,11791,3656,19926
"323","1","2026084","20260824","20260828","60","2",30109442500,0,43715927424,13606484924,73825369924
"449","1","2026084","20260824","20260828","11","1",0,0,0,0,0
"449","1","2026084","20260824","20260828","11","2",0,0,0,0,0
"449","1","2026084","20260824","20260828","21","1",0,0,0,0,0
"449","1","2026084","20260824","20260828","21","2",0,0,0,0,0
"449","1","2026084","20260824","20260828","22","1",0,0,0,0,0
"449","1","2026084","20260824","20260828","22","2",0,0,0,0,0
"449","1","2026084","20260824","20260828","23","1",0,0,0,0,0
"449","1","2026084","20260824","20260828","23","2",0,0,0,0,0
"449","1","2026084","20260824","20260828","24","1",0,0,0,0,0
"449","1","2026084","20260824","20260828","24","2",0,0,0,0,0
"449","1","2026084","20260824","20260828","31","1",0,0,0,0,0
"449","1","2026084","20260824","20260828","31","2",0,0,0,0,0
"449","1","2026084","20260824","20260828","32","1",0,0,0,0,0
"449","1","2026084","20260824","20260828","32","2",0,0,0,0,0
"449","1","2026084","20260824","20260828","33","1",0,0,0,0,0
"449","1","2026084","20260824","20260828","33","2",0,0,0,0,0
"449","1","2026084","20260824","20260828","41","1",0,0,0,0,0
"449","1","2026084","20260824","20260828","41","2",0,0,0,0,0
"449","1","2026084","20260824","20260828","51","1",0,0,0,0,0
"449","1","2026084","20260824","20260828","51","2",0,0,0,0,0
"449","1","2026084","20260824","20260828","60","1",817,0,817,0,1634
"449","1","2026084","20260824","20260828","60","2",6150754300,0,6150754300,0,12301508600
"329","1","2026084","20260824","20260828","11","1",10091,-8962,1129,0,11220
"329","1","2026084","20260824","20260828","11","2",18203306440,-16170157090,2033149350,0,20236455790
"329","1","2026084","20260824","20260828","21","1",0,0,0,0,0
"329","1","2026084","20260824","20260828","21","2",0,0,0,0,0
"329","1","2026084","20260824","20260828","22","1",0,0,0,0,0
"329","1","2026084","20260824","20260828","22","2",0,0,0,0,0
"329","1","2026084","20260824","20260828","23","1",577,0,5362,4785,5939
"329","1","2026084","20260824","20260828","23","2",1037256840,0,9663861600,8626604760,10701118440
"329","1","2026084","20260824","20260828","24","1",0,0,0,0,0
"329","1","2026084","20260824","20260828","24","2",0,0,0,0,0
"329","1","2026084","20260824","20260828","31","1",236,0,4347,4111,4583
"329","1","2026084","20260824","20260828","31","2",424306050,0,7853336910,7429030860,8277642960
"329","1","2026084","20260824","20260828","32","1",0,0,0,0,0
"329","1","2026084","20260824","20260828","32","2",0,0,0,0,0
"329","1","2026084","20260824","20260828","33","1",0,0,0,0,0
"329","1","2026084","20260824","20260828","33","2",0,0,0,0,0
"329","1","2026084","20260824","20260828","41","1",0,0,0,0,0
"329","1","2026084","20260824","20260828","41","2",0,0,0,0,0
"329","1","2026084","20260824","20260828","51","1",366,-92,274,0,640
"329","1","2026084","20260824","20260828","51","2",658376000,-163115500,495260500,0,1153636500
"329","1","2026084","20260824","20260828","60","1",772,0,992,220,1764
"329","1","2026084","20260824","20260828","60","2",1395542460,0,1785371430,389828970,3180913890
"312","1","2026084","20260824","20260828","11","1",0,0,0,0,0
"312","1","2026084","20260824","20260828","11","2",0,0,0,0,0
"312","1","2026084","20260824","20260828","21","1",0,0,0,0,0
"312","1","2026084","20260824","20260828","21","2",0,0,0,0,0
"312","1","2026084","20260824","20260828","22","1",0,0,0,0,0
"312","1","2026084","20260824","20260828","22","2",0,0,0,0,0
"312","1","2026084","20260824","20260828","23","1",0,0,0,0,0
"312","1","2026084","20260824","20260828","23","2",0,0,0,0,0
"312","1","2026084","20260824","20260828","24","1",0,0,0,0,0
"312","1","2026084","20260824","20260828","24","2",0,0,0,0,0
"312","1","2026084","20260824","20260828","31","1",0,0,0,0,0
"312","1","2026084","20260824","20260828","31","2",0,0,0,0,0
"312","1","2026084","20260824","20260828","32","1",0,0,0,0,0
"312","1","2026084","20260824","20260828","32","2",0,0,0,0,0
"312","1","2026084","20260824","20260828","33","1",0,0,0,0,0
"312","1","2026084","20260824","20260828","33","2",0,0,0,0,0
"312","1","2026084","20260824","20260828","41","1",0,0,0,0,0
"312","1","2026084","20260824","20260828","41","2",0,0,0,0,0
"312","1","2026084","20260824","20260828","51","1",0,0,0,0,0
"312","1","2026084","20260824","20260828","51","2",0,0,0,0,0
"312","1","2026084","20260824","20260828","60","1",0,0,0,0,0
"312","1","2026084","20260824","20260828","60","2",0,0,0,0,0
"324","1","2026084","20260824","20260828","11","1",2172,-504,1668,0,3840
"324","1","2026084","20260824","20260828","11","2",1757045780,-432571530,1324474250,0,3081520030
"324","1","2026084","20260824","20260828","21","1",0,0,0,0,0
"324","1","2026084","20260824","20260828","21","2",0,0,0,0,0
"324","1","2026084","20260824","20260828","22","1",0,0,0,0,0
"324","1","2026084","20260824","20260828","22","2",0,0,0,0,0
"324","1","2026084","20260824","20260828","23","1",320,0,648,328,968
"324","1","2026084","20260824","20260828","23","2",247501850,0,529932780,282430930,777434630
"324","1","2026084","20260824","20260828","24","1",0,0,0,0,0
"324","1","2026084","20260824","20260828","24","2",0,0,0,0,0
"324","1","2026084","20260824","20260828","31","1",70,-70,0,0,70
"324","1","2026084","20260824","20260828","31","2",53172000,-53172000,0,0,53172000
"324","1","2026084","20260824","20260828","32","1",264,-133,131,0,395
"324","1","2026084","20260824","20260828","32","2",206943000,-105539000,101404000,0,308347000
"324","1","2026084","20260824","20260828","33","1",45,0,59,14,104
"324","1","2026084","20260824","20260828","33","2",35030100,0,46354900,11324800,81385000
"324","1","2026084","20260824","20260828","41","1",0,0,0,0,0
"324","1","2026084","20260824","20260828","41","2",0,0,0,0,0
"324","1","2026084","20260824","20260828","51","1",5569,-761,4808,0,10377
"324","1","2026084","20260824","20260828","51","2",4371116800,-586634100,3784482700,0,8155599500
"324","1","2026084","20260824","20260828","60","1",7695,0,8834,1139,16529
"324","1","2026084","20260824","20260828","60","2",6079501400,0,6973793000,894291600,13053294400
"309","1","2026084","20260824","20260828","11","1",0,0,0,0,0
"309","1","2026084","20260824","20260828","11","2",0,0,0,0,0
"309","1","2026084","20260824","20260828","21","1",0,0,0,0,0
"309","1","2026084","20260824","20260828","21","2",0,0,0,0,0
"309","1","2026084","20260824","20260828","22","1",0,0,0,0,0
"309","1","2026084","20260824","20260828","22","2",0,0,0,0,0
"309","1","2026084","20260824","20260828","23","1",0,0,0,0,0
"309","1","2026084","20260824","20260828","23","2",0,0,0,0,0
"309","1","2026084","20260824","20260828","24","1",0,0,0,0,0
"309","1","2026084","20260824","20260828","24","2",0,0,0,0,0
"309","1","2026084","20260824","20260828","31","1",0,0,0,0,0
"309","1","2026084","20260824","20260828","31","2",0,0,0,0,0
"309","1","2026084","20260824","20260828","32","1",36,0,90,54,126
"309","1","2026084","20260824","20260828","32","2",193173400,0,481114500,287941100,674287900
"309","1","2026084","20260824","20260828","33","1",0,0,0,0,0
"309","1","2026084","20260824","20260828","33","2",0,0,0,0,0
"309","1","2026084","20260824","20260828","41","1",0,0,0,0,0
"309","1","2026084","20260824","20260828","41","2",0,0,0,0,0
"309","1","2026084","20260824","20260828","51","1",341,-15,326,0,667
"309","1","2026084","20260824","20260828","51","2",1824330540,-82158730,1742171810,0,3566502350
"309","1","2026084","20260824","20260828","60","1",969,-12,957,0,1926
"309","1","2026084","20260824","20260828","60","2",5180390600,-61900000,5118490600,0,10298881200
"325","1","2026084","20260824","20260828","11","1",0,0,0,0,0
"325","1","2026084","20260824","20260828","11","2",0,0,0,0,0
"325","1","2026084","20260824","20260828","21","1",0,0,0,0,0
"325","1","2026084","20260824","20260828","21","2",0,0,0,0,0
"325","1","2026084","20260824","20260828","22","1",0,0,0,0,0
"325","1","2026084","20260824","20260828","22","2",0,0,0,0,0
"325","1","2026084","20260824","20260828","23","1",0,0,0,0,0
"325","1","2026084","20260824","20260828","23","2",0,0,0,0,0
"325","1","2026084","20260824","20260828","24","1",0,0,0,0,0
"325","1","2026084","20260824","20260828","24","2",0,0,0,0,0
"325","1","2026084","20260824","20260828","31","1",0,0,0,0,0
"325","1","2026084","20260824","20260828","31","2",0,0,0,0,0
"325","1","2026084","20260824","20260828","32","1",0,0,0,0,0
"325","1","2026084","20260824","20260828","32","2",0,0,0,0,0
"325","1","2026084","20260824","20260828","33","1",0,0,0,0,0
"325","1","2026084","20260824","20260828","33","2",0,0,0,0,0
"325","1","2026084","20260824","20260828","41","1",0,0,0,0,0
"325","1","2026084","20260824","20260828","41","2",0,0,0,0,0
"325","1","2026084","20260824","20260828","51","1",0,0,0,0,0
"325","1","2026084","20260824","20260828","51","2",0,0,0,0,0
"325","1","2026084","20260824","20260828","60","1",0,0,0,0,0
"325","1","2026084","20260824","20260828","60","2",0,0,0,0,0
"326","1","2026084","20260824","20260828","11","1",0,0,0,0,0
"326","1","2026084","20260824","20260828","11","2",0,0,0,0,0
"326","1","2026084","20260824","20260828","21","1",0,0,0,0,0
"326","1","2026084","20260824","20260828","21","2",0,0,0,0,0
"326","1","2026084","20260824","20260828","22","1",0,0,0,0,0
"326","1","2026084","20260824","20260828","22","2",0,0,0,0,0
"326","1","2026084","20260824","20260828","23","1",0,0,0,0,0
"326","1","2026084","20260824","20260828","23","2",0,0,0,0,0
"326","1","2026084","20260824","20260828","24","1",0,0,0,0,0
"326","1","2026084","20260824","20260828","24","2",0,0,0,0,0
"326","1","2026084","20260824","20260828","31","1",0,0,0,0,0
"326","1","2026084","20260824","20260828","31","2",0,0,0,0,0
"326","1","2026084","20260824","20260828","32","1",0,0,0,0,0
"326","1","2026084","20260824","20260828","32","2",0,0,0,0,0
"326","1","2026084","20260824","20260828","33","1",0,0,0,0,0
"326","1","2026084","20260824","20260828","33","2",0,0,0,0,0
"326","1","2026084","20260824","20260828","41","1",0,0,0,0,0
"326","1","2026084","20260824","20260828","41","2",0,0,0,0,0
"326","1","2026084","20260824","20260828","51","1",0,0,0,0,0
"326","1","2026084","20260824","20260828","51","2",0,0,0,0,0
"326","1","2026084","20260824","20260828","60","1",0,0,0,0,0
"326","1","2026084","20260824","20260828","60","2",0,0,0,0,0
"315","1","2026084","20260824","20260828","11","1",0,0,0,0,0
"315","1","2026084","20260824","20260828","11","2",0,0,0,0,0
"315","1","2026084","20260824","20260828","21","1",0,0,0,0,0
"315","1","2026084","20260824","20260828","21","2",0,0,0,0,0
"315","1","2026084","20260824","20260828","22","1",0,0,0,0,0
"315","1","2026084","20260824","20260828","22","2",0,0,0,0,0
"315","1","2026084","20260824","20260828","23","1",0,0,0,0,0
"315","1","2026084","20260824","20260828","23","2",0,0,0,0,0
"315","1","2026084","20260824","20260828","24","1",0,0,0,0,0
"315","1","2026084","20260824","20260828","24","2",0,0,0,0,0
"315","1","2026084","20260824","20260828","31","1",0,0,0,0,0
"315","1","2026084","20260824","20260828","31","2",0,0,0,0,0
"315","1","2026084","20260824","20260828","32","1",0,0,0,0,0
"315","1","2026084","20260824","20260828","32","2",0,0,0,0,0
"315","1","2026084","20260824","20260828","33","1",0,0,0,0,0
"315","1","2026084","20260824","20260828","33","2",0,0,0,0,0
"315","1","2026084","20260824","20260828","41","1",0,0,0,0,0
"315","1","2026084","20260824","20260828","41","2",0,0,0,0,0
"315","1","2026084","20260824","20260828","51","1",30,0,85,55,115
"315","1","2026084","20260824","20260828","51","2",9715500,0,26963500,17248000,36679000
"315","1","2026084","20260824","20260828","60","1",78,-66,12,0,90
"315","1","2026084","20260824","20260828","60","2",25421500,-21840000,3581500,0,29003000
"436","1","2026084","20260824","20260828","11","1",0,0,0,0,0
"436","1","2026084","20260824","20260828","11","2",0,0,0,0,0
"436","1","2026084","20260824","20260828","21","1",0,0,0,0,0
"436","1","2026084","20260824","20260828","21","2",0,0,0,0,0
"436","1","2026084","20260824","20260828","22","1",0,0,0,0,0
"436","1","2026084","20260824","20260828","22","2",0,0,0,0,0
"436","1","2026084","20260824","20260828","23","1",0,0,0,0,0
"436","1","2026084","20260824","20260828","23","2",0,0,0,0,0
"436","1","2026084","20260824","20260828","24","1",0,0,0,0,0
"436","1","2026084","20260824","20260828","24","2",0,0,0,0,0
"436","1","2026084","20260824","20260828","31","1",0,0,0,0,0
"436","1","2026084","20260824","20260828","31","2",0,0,0,0,0
"436","1","2026084","20260824","20260828","32","1",0,0,0,0,0
"436","1","2026084","20260824","20260828","32","2",0,0,0,0,0
"436","1","2026084","20260824","20260828","33","1",0,0,0,0,0
"436","1","2026084","20260824","20260828","33","2",0,0,0,0,0
"436","1","2026084","20260824","20260828","41","1",0,0,0,0,0
"436","1","2026084","20260824","20260828","41","2",0,0,0,0,0
"436","1","2026084","20260824","20260828","51","1",0,0,0,0,0
"436","1","2026084","20260824","20260828","51","2",0,0,0,0,0
"436","1","2026084","20260824","20260828","60","1",80,-9,71,0,151
"436","1","2026084","20260824","20260828","60","2",127077700,-14359200,112718500,0,239796200
"437","1","2026084","20260824","20260828","11","1",0,0,0,0,0
"437","1","2026084","20260824","20260828","11","2",0,0,0,0,0
"437","1","2026084","20260824","20260828","21","1",0,0,0,0,0
"437","1","2026084","20260824","20260828","21","2",0,0,0,0,0
"437","1","2026084","20260824","20260828","22","1",0,0,0,0,0
"437","1","2026084","20260824","20260828","22","2",0,0,0,0,0
"437","1","2026084","20260824","20260828","23","1",0,0,0,0,0
"437","1","2026084","20260824","20260828","23","2",0,0,0,0,0
"437","1","2026084","20260824","20260828","24","1",0,0,0,0,0
"437","1","2026084","20260824","20260828","24","2",0,0,0,0,0
"437","1","2026084","20260824","20260828","31","1",0,0,0,0,0
"437","1","2026084","20260824","20260828","31","2",0,0,0,0,0
"437","1","2026084","20260824","20260828","32","1",0,0,0,0,0
"437","1","2026084","20260824","20260828","32","2",0,0,0,0,0
"437","1","2026084","20260824","20260828","33","1",0,0,0,0,0
"437","1","2026084","20260824","20260828","33","2",0,0,0,0,0
"437","1","2026084","20260824","20260828","41","1",0,0,0,0,0
"437","1","2026084","20260824","20260828","41","2",0,0,0,0,0
"437","1","2026084","20260824","20260828","51","1",0,0,0,0,0
"437","1","2026084","20260824","20260828","51","2",0,0,0,0,0
"437","1","2026084","20260824","20260828","60","1",13,-2,11,0,24
"437","1","2026084","20260824","20260828","60","2",30772800,-4740800,26032000,0,56804800
"438","1","2026084","20260824","20260828","11","1",0,0,0,0,0
"438","1","2026084","20260824","20260828","11","2",0,0,0,0,0
"438","1","2026084","20260824","20260828","21","1",0,0,0,0,0
"438","1","2026084","20260824","20260828","21","2",0,0,0,0,0
"438","1","2026084","20260824","20260828","22","1",0,0,0,0,0
"438","1","2026084","20260824","20260828","22","2",0,0,0,0,0
"438","1","2026084","20260824","20260828","23","1",0,0,0,0,0
"438","1","2026084","20260824","20260828","23","2",0,0,0,0,0
"438","1","2026084","20260824","20260828","24","1",0,0,0,0,0
"438","1","2026084","20260824","20260828","24","2",0,0,0,0,0
"438","1","2026084","20260824","20260828","31","1",0,0,0,0,0
"438","1","2026084","20260824","20260828","31","2",0,0,0,0,0
"438","1","2026084","20260824","20260828","32","1",0,0,0,0,0
"438","1","2026084","20260824","20260828","32","2",0,0,0,0,0
"438","1","2026084","20260824","20260828","33","1",0,0,0,0,0
"438","1","2026084","20260824","20260828","33","2",0,0,0,0,0
"438","1","2026084","20260824","20260828","41","1",0,0,0,0,0
"438","1","2026084","20260824","20260828","41","2",0,0,0,0,0
"438","1","2026084","20260824","20260828","51","1",0,0,0,0,0
"438","1","2026084","20260824","20260828","51","2",0,0,0,0,0
"438","1","2026084","20260824","20260828","60","1",0,0,0,0,0
"438","1","2026084","20260824","20260828","60","2",0,0,0,0,0
"317","1","2026084","20260824","20260828","11","1",48304,-5430,42874,0,91178
"317","1","2026084","20260824","20260828","11","2",6107768220000,-688631960000,5419136260000,0,11526904480000
"317","1","2026084","20260824","20260828","21","1",210,-85,125,0,335
"317","1","2026084","20260824","20260828","21","2",26552010000,-10746920000,15805090000,0,42357100000
"317","1","2026084","20260824","20260828","22","1",468,0,499,31,967
"317","1","2026084","20260824","20260828","22","2",59165590000,0,63068900000,3903310000,122234490000
"317","1","2026084","20260824","20260828","23","1",1471,-612,859,0,2330
"317","1","2026084","20260824","20260828","23","2",185914820000,-77360350000,108554470000,0,294469290000
"317","1","2026084","20260824","20260828","24","1",74,0,87,13,161
"317","1","2026084","20260824","20260828","24","2",9363400000,0,10978640000,1615240000,20342040000
"317","1","2026084","20260824","20260828","31","1",418,0,441,23,859
"317","1","2026084","20260824","20260828","31","2",52909910000,0,55778090000,2868180000,108688000000
"317","1","2026084","20260824","20260828","32","1",0,0,0,0,0
"317","1","2026084","20260824","20260828","32","2",0,0,0,0,0
"317","1","2026084","20260824","20260828","33","1",0,0,0,0,0
"317","1","2026084","20260824","20260828","33","2",0,0,0,0,0
"317","1","2026084","20260824","20260828","41","1",4,-3,1,0,5
"317","1","2026084","20260824","20260828","41","2",505530000,-379700000,125830000,0,631360000
"317","1","2026084","20260824","20260828","51","1",2,0,5,3,7
"317","1","2026084","20260824","20260828","51","2",252550000,0,630950000,378400000,883500000
"317","1","2026084","20260824","20260828","60","1",122373,0,128508,6135,250881
"317","1","2026084","20260824","20260828","60","2",15466688135000,0,16244092515000,777404380000,31710780650000
"330","1","2026084","20260824","20260828","11","1",0,0,0,0,0
"330","1","2026084","20260824","20260828","11","2",0,0,0,0,0
"330","1","2026084","20260824","20260828","21","1",0,0,0,0,0
"330","1","2026084","20260824","20260828","21","2",0,0,0,0,0
"330","1","2026084","20260824","20260828","22","1",0,0,0,0,0
"330","1","2026084","20260824","20260828","22","2",0,0,0,0,0
"330","1","2026084","20260824","20260828","23","1",0,0,0,0,0
"330","1","2026084","20260824","20260828","23","2",0,0,0,0,0
"330","1","2026084","20260824","20260828","24","1",0,0,0,0,0
"330","1","2026084","20260824","20260828","24","2",0,0,0,0,0
"330","1","2026084","20260824","20260828","31","1",0,0,0,0,0
"330","1","2026084","20260824","20260828","31","2",0,0,0,0,0
"330","1","2026084","20260824","20260828","32","1",0,0,0,0,0
"330","1","2026084","20260824","20260828","32","2",0,0,0,0,0
"330","1","2026084","20260824","20260828","33","1",0,0,0,0,0
"330","1","2026084","20260824","20260828","33","2",0,0,0,0,0
"330","1","2026084","20260824","20260828","41","1",0,0,0,0,0
"330","1","2026084","20260824","20260828","41","2",0,0,0,0,0
"330","1","2026084","20260824","20260828","51","1",2,0,4,2,6
"330","1","2026084","20260824","20260828","51","2",25330000,0,50494000,25164000,75824000
"330","1","2026084","20260824","20260828","60","1",9535,0,9569,34,19104
"330","1","2026084","20260824","20260828","60","2",120544071000,0,120972345000,428274000,241516416000
"318","1","2026084","20260824","20260828","11","1",910,-10,900,0,1810
"318","1","2026084","20260824","20260828","11","2",8158430000,-89950000,8068480000,0,16226910000
"318","1","2026084","20260824","20260828","21","1",0,0,0,0,0
"318","1","2026084","20260824","20260828","21","2",0,0,0,0,0
"318","1","2026084","20260824","20260828","22","1",0,0,0,0,0
"318","1","2026084","20260824","20260828","22","2",0,0,0,0,0
"318","1","2026084","20260824","20260828","23","1",0,0,0,0,0
"318","1","2026084","20260824","20260828","23","2",0,0,0,0,0
"318","1","2026084","20260824","20260828","24","1",0,0,0,0,0
"318","1","2026084","20260824","20260828","24","2",0,0,0,0,0
"318","1","2026084","20260824","20260828","31","1",0,0,10,10,10
"318","1","2026084","20260824","20260828","31","2",0,0,89950000,89950000,89950000
"318","1","2026084","20260824","20260828","32","1",0,0,0,0,0
"318","1","2026084","20260824","20260828","32","2",0,0,0,0,0
"318","1","2026084","20260824","20260828","33","1",0,0,0,0,0
"318","1","2026084","20260824","20260828","33","2",0,0,0,0,0
"318","1","2026084","20260824","20260828","41","1",0,0,0,0,0
"318","1","2026084","20260824","20260828","41","2",0,0,0,0,0
"318","1","2026084","20260824","20260828","51","1",0,0,0,0,0
"318","1","2026084","20260824","20260828","51","2",0,0,0,0,0
"318","1","2026084","20260824","20260828","60","1",0,0,0,0,0
"318","1","2026084","20260824","20260828","60","2",0,0,0,0,0
"334","1","2026084","20260824","20260828","11","1",534,0,1516,982,2050
"334","1","2026084","20260824","20260828","11","2",13177315625,0,37426064375,24248748750,50603380000
"334","1","2026084","20260824","20260828","21","1",0,0,0,0,0
"334","1","2026084","20260824","20260828","21","2",0,0,0,0,0
"334","1","2026084","20260824","20260828","22","1",0,0,0,0,0
"334","1","2026084","20260824","20260828","22","2",0,0,0,0,0
"334","1","2026084","20260824","20260828","23","1",0,0,0,0,0
"334","1","2026084","20260824","20260828","23","2",0,0,0,0,0
"334","1","2026084","20260824","20260828","24","1",0,0,0,0,0
"334","1","2026084","20260824","20260828","24","2",0,0,0,0,0
"334","1","2026084","20260824","20260828","31","1",0,0,0,0,0
"334","1","2026084","20260824","20260828","31","2",0,0,0,0,0
"334","1","2026084","20260824","20260828","32","1",0,0,0,0,0
"334","1","2026084","20260824","20260828","32","2",0,0,0,0,0
"334","1","2026084","20260824","20260828","33","1",0,0,0,0,0
"334","1","2026084","20260824","20260828","33","2",0,0,0,0,0
"334","1","2026084","20260824","20260828","41","1",0,0,0,0,0
"334","1","2026084","20260824","20260828","41","2",0,0,0,0,0
"334","1","2026084","20260824","20260828","51","1",0,0,0,0,0
"334","1","2026084","20260824","20260828","51","2",0,0,0,0,0
"334","1","2026084","20260824","20260828","60","1",3866,-1063,2803,0,6669
"334","1","2026084","20260824","20260828","60","2",95385833125,-26236472500,69149360625,0,164535193750
"400","1","2026084","20260824","20260828","11","1",833,0,1081,248,1914
"400","1","2026084","20260824","20260828","11","2",20217962000,0,26226776000,6008814000,46444738000
"400","1","2026084","20260824","20260828","21","1",0,0,0,0,0
"400","1","2026084","20260824","20260828","21","2",0,0,0,0,0
"400","1","2026084","20260824","20260828","22","1",0,0,0,0,0
"400","1","2026084","20260824","20260828","22","2",0,0,0,0,0
"400","1","2026084","20260824","20260828","23","1",0,0,0,0,0
"400","1","2026084","20260824","20260828","23","2",0,0,0,0,0
"400","1","2026084","20260824","20260828","24","1",645,-134,511,0,1156
"400","1","2026084","20260824","20260828","24","2",15654297000,-3216446000,12437851000,0,28092148000
"400","1","2026084","20260824","20260828","31","1",0,0,46,46,46
"400","1","2026084","20260824","20260828","31","2",0,0,1120908000,1120908000,1120908000
"400","1","2026084","20260824","20260828","32","1",5737,-1568,4169,0,9906
"400","1","2026084","20260824","20260828","32","2",139034990000,-38358730000,100676260000,0,239711250000
"400","1","2026084","20260824","20260828","33","1",2141,0,2361,220,4502
"400","1","2026084","20260824","20260828","33","2",51815873000,0,57201529000,5385656000,109017402000
"400","1","2026084","20260824","20260828","41","1",288,0,382,94,670
"400","1","2026084","20260824","20260828","41","2",6980833000,0,9335396000,2354563000,16316229000
"400","1","2026084","20260824","20260828","51","1",12610,0,13863,1253,26473
"400","1","2026084","20260824","20260828","51","2",305909400000,0,336597104000,30687704000,642506504000
"400","1","2026084","20260824","20260828","60","1",52522,-159,52363,0,104885
"400","1","2026084","20260824","20260828","60","2",1275044554000,-3982469000,1271062085000,0,2546106639000
"443","1","2026084","20260824","20260828","11","1",0,0,0,0,0
"443","1","2026084","20260824","20260828","11","2",0,0,0,0,0
"443","1","2026084","20260824","20260828","21","1",0,0,0,0,0
"443","1","2026084","20260824","20260828","21","2",0,0,0,0,0
"443","1","2026084","20260824","20260828","22","1",0,0,0,0,0
"443","1","2026084","20260824","20260828","22","2",0,0,0,0,0
"443","1","2026084","20260824","20260828","23","1",0,0,0,0,0
"443","1","2026084","20260824","20260828","23","2",0,0,0,0,0
"443","1","2026084","20260824","20260828","24","1",443,0,1442,999,1885
"443","1","2026084","20260824","20260828","24","2",1066225300,0,3483004300,2416779000,4549229600
"443","1","2026084","20260824","20260828","31","1",0,0,0,0,0
"443","1","2026084","20260824","20260828","31","2",0,0,0,0,0
"443","1","2026084","20260824","20260828","32","1",1132,-1127,5,0,1137
"443","1","2026084","20260824","20260828","32","2",2732804900,-2720799900,12005000,0,2744809900
"443","1","2026084","20260824","20260828","33","1",71,-62,9,0,80
"443","1","2026084","20260824","20260828","33","2",171487800,-149690400,21797400,0,193285200
"443","1","2026084","20260824","20260828","41","1",0,0,0,0,0
"443","1","2026084","20260824","20260828","41","2",0,0,0,0,0
"443","1","2026084","20260824","20260828","51","1",190,0,270,80,460
"443","1","2026084","20260824","20260828","51","2",458102800,0,650769900,192667100,1108872700
"443","1","2026084","20260824","20260828","60","1",2336,0,2446,110,4782
"443","1","2026084","20260824","20260828","60","2",5639240900,0,5900285100,261044200,11539526000
"401","1","2026084","20260824","20260828","11","1",1582,-860,722,0,2304
"401","1","2026084","20260824","20260828","11","2",3841652750,-2094064100,1747588650,0,5589241400
"401","1","2026084","20260824","20260828","21","1",0,0,0,0,0
"401","1","2026084","20260824","20260828","21","2",0,0,0,0,0
"401","1","2026084","20260824","20260828","22","1",0,0,0,0,0
"401","1","2026084","20260824","20260828","22","2",0,0,0,0,0
"401","1","2026084","20260824","20260828","23","1",0,0,0,0,0
"401","1","2026084","20260824","20260828","23","2",0,0,0,0,0
"401","1","2026084","20260824","20260828","24","1",817,-108,709,0,1526
"401","1","2026084","20260824","20260828","24","2",1990392650,-262617650,1727775000,0,3718167650
"401","1","2026084","20260824","20260828","31","1",108,-108,0,0,108
"401","1","2026084","20260824","20260828","31","2",262646800,-262646800,0,0,262646800
"401","1","2026084","20260824","20260828","32","1",680,-15,665,0,1345
"401","1","2026084","20260824","20260828","32","2",1656922300,-36484850,1620437450,0,3277359750
"401","1","2026084","20260824","20260828","33","1",1347,-372,975,0,2322
"401","1","2026084","20260824","20260828","33","2",3282934350,-906262750,2376671600,0,5659605950
"401","1","2026084","20260824","20260828","41","1",181,0,244,63,425
"401","1","2026084","20260824","20260828","41","2",441698050,0,594319000,152620950,1036017050
"401","1","2026084","20260824","20260828","51","1",16861,0,17758,897,34619
"401","1","2026084","20260824","20260828","51","2",41076940600,0,43262840100,2185899500,84339780700
"401","1","2026084","20260824","20260828","60","1",56131,0,56634,503,112765
"401","1","2026084","20260824","20260828","60","2",136762043600,0,137985599300,1223555700,274747642900
"402","1","2026084","20260824","20260828","11","1",0,0,0,0,0
"402","1","2026084","20260824","20260828","11","2",0,0,0,0,0
"402","1","2026084","20260824","20260828","21","1",0,0,0,0,0
"402","1","2026084","20260824","20260828","21","2",0,0,0,0,0
"402","1","2026084","20260824","20260828","22","1",0,0,0,0,0
"402","1","2026084","20260824","20260828","22","2",0,0,0,0,0
"402","1","2026084","20260824","20260828","23","1",0,0,0,0,0
"402","1","2026084","20260824","20260828","23","2",0,0,0,0,0
"402","1","2026084","20260824","20260828","24","1",116,-29,87,0,203
"402","1","2026084","20260824","20260828","24","2",277192000,-69462700,207729300,0,484921300
"402","1","2026084","20260824","20260828","31","1",0,0,0,0,0
"402","1","2026084","20260824","20260828","31","2",0,0,0,0,0
"402","1","2026084","20260824","20260828","32","1",67,-8,59,0,126
"402","1","2026084","20260824","20260828","32","2",159882500,-19304400,140578100,0,300460600
"402","1","2026084","20260824","20260828","33","1",65,0,117,52,182
"402","1","2026084","20260824","20260828","33","2",155107000,0,279793800,124686800,434900800
"402","1","2026084","20260824","20260828","41","1",10,0,30,20,40
"402","1","2026084","20260824","20260828","41","2",24000000,0,71229200,47229200,95229200
"402","1","2026084","20260824","20260828","51","1",427,-33,394,0,821
"402","1","2026084","20260824","20260828","51","2",1019328100,-78530700,940797400,0,1960125500
"402","1","2026084","20260824","20260828","60","1",489,-2,487,0,976
"402","1","2026084","20260824","20260828","60","2",1167707500,-4618200,1163089300,0,2330796800
"403","1","2026084","20260824","20260828","11","1",0,0,0,0,0
"403","1","2026084","20260824","20260828","11","2",0,0,0,0,0
"403","1","2026084","20260824","20260828","21","1",0,0,0,0,0
"403","1","2026084","20260824","20260828","21","2",0,0,0,0,0
"403","1","2026084","20260824","20260828","22","1",0,0,0,0,0
"403","1","2026084","20260824","20260828","22","2",0,0,0,0,0
"403","1","2026084","20260824","20260828","23","1",0,0,0,0,0
"403","1","2026084","20260824","20260828","23","2",0,0,0,0,0
"403","1","2026084","20260824","20260828","24","1",0,0,0,0,0
"403","1","2026084","20260824","20260828","24","2",0,0,0,0,0
"403","1","2026084","20260824","20260828","31","1",0,0,0,0,0
"403","1","2026084","20260824","20260828","31","2",0,0,0,0,0
"403","1","2026084","20260824","20260828","32","1",2,-2,0,0,2
"403","1","2026084","20260824","20260828","32","2",21270000,-21270000,0,0,21270000
"403","1","2026084","20260824","20260828","33","1",0,0,0,0,0
"403","1","2026084","20260824","20260828","33","2",0,0,0,0,0
"403","1","2026084","20260824","20260828","41","1",0,0,0,0,0
"403","1","2026084","20260824","20260828","41","2",0,0,0,0,0
"403","1","2026084","20260824","20260828","51","1",0,0,1,1,1
"403","1","2026084","20260824","20260828","51","2",0,0,11460000,11460000,11460000
"403","1","2026084","20260824","20260828","60","1",1,0,2,1,3
"403","1","2026084","20260824","20260828","60","2",11460000,0,21270000,9810000,32730000
"404","1","2026084","20260824","20260828","11","1",72,0,92,20,164
"404","1","2026084","20260824","20260828","11","2",337820000,0,431694000,93874000,769514000
"404","1","2026084","20260824","20260828","21","1",0,0,0,0,0
"404","1","2026084","20260824","20260828","21","2",0,0,0,0,0
"404","1","2026084","20260824","20260828","22","1",0,0,0,0,0
"404","1","2026084","20260824","20260828","22","2",0,0,0,0,0
"404","1","2026084","20260824","20260828","23","1",0,0,0,0,0
"404","1","2026084","20260824","20260828","23","2",0,0,0,0,0
"404","1","2026084","20260824","20260828","24","1",349,0,474,125,823
"404","1","2026084","20260824","20260828","24","2",1652779000,0,2230616500,577837500,3883395500
"404","1","2026084","20260824","20260828","31","1",0,0,0,0,0
"404","1","2026084","20260824","20260828","31","2",0,0,0,0,0
"404","1","2026084","20260824","20260828","32","1",2063,-622,1441,0,3504
"404","1","2026084","20260824","20260828","32","2",9746278000,-2911834000,6834444000,0,16580722000
"404","1","2026084","20260824","20260828","33","1",950,0,1135,185,2085
"404","1","2026084","20260824","20260828","33","2",4467714000,0,5342642000,874928000,9810356000
"404","1","2026084","20260824","20260828","41","1",110,0,123,13,233
"404","1","2026084","20260824","20260828","41","2",515401000,0,575762000,60361000,1091163000
"404","1","2026084","20260824","20260828","51","1",3498,0,3699,201,7197
"404","1","2026084","20260824","20260828","51","2",16546640000,0,17462398500,915758500,34009038500
"404","1","2026084","20260824","20260828","60","1",12507,0,12585,78,25092
"404","1","2026084","20260824","20260828","60","2",59127458500,0,59516533500,389075000,118643992000
"444","1","2026084","20260824","20260828","11","1",0,0,0,0,0
"444","1","2026084","20260824","20260828","11","2",0,0,0,0,0
"444","1","2026084","20260824","20260828","21","1",0,0,0,0,0
"444","1","2026084","20260824","20260828","21","2",0,0,0,0,0
"444","1","2026084","20260824","20260828","22","1",0,0,0,0,0
"444","1","2026084","20260824","20260828","22","2",0,0,0,0,0
"444","1","2026084","20260824","20260828","23","1",0,0,0,0,0
"444","1","2026084","20260824","20260828","23","2",0,0,0,0,0
"444","1","2026084","20260824","20260828","24","1",502,0,821,319,1323
"444","1","2026084","20260824","20260828","24","2",479110700,0,787222400,308111700,1266333100
"444","1","2026084","20260824","20260828","31","1",0,0,0,0,0
"444","1","2026084","20260824","20260828","31","2",0,0,0,0,0
"444","1","2026084","20260824","20260828","32","1",0,0,2,2,2
"444","1","2026084","20260824","20260828","32","2",0,0,1907200,1907200,1907200
"444","1","2026084","20260824","20260828","33","1",251,-149,102,0,353
"444","1","2026084","20260824","20260828","33","2",240879600,-143438400,97441200,0,338320800
"444","1","2026084","20260824","20260828","41","1",0,0,0,0,0
"444","1","2026084","20260824","20260828","41","2",0,0,0,0,0
"444","1","2026084","20260824","20260828","51","1",97,-85,12,0,109
"444","1","2026084","20260824","20260828","51","2",93281200,-81791100,11490100,0,104771300
"444","1","2026084","20260824","20260828","60","1",818,-87,731,0,1549
"444","1","2026084","20260824","20260828","60","2",784595700,-84789400,699806300,0,1484402000
"405","1","2026084","20260824","20260828","11","1",184,-101,83,0,267
"405","1","2026084","20260824","20260828","11","2",173656550,-94941300,78715250,0,252371800
"405","1","2026084","20260824","20260828","21","1",0,0,0,0,0
"405","1","2026084","20260824","20260828","21","2",0,0,0,0,0
"405","1","2026084","20260824","20260828","22","1",0,0,0,0,0
"405","1","2026084","20260824","20260828","22","2",0,0,0,0,0
"405","1","2026084","20260824","20260828","23","1",0,0,0,0,0
"405","1","2026084","20260824","20260828","23","2",0,0,0,0,0
"405","1","2026084","20260824","20260828","24","1",612,0,894,282,1506
"405","1","2026084","20260824","20260828","24","2",578951650,0,846315050,267363400,1425266700
"405","1","2026084","20260824","20260828","31","1",0,0,0,0,0
"405","1","2026084","20260824","20260828","31","2",0,0,0,0,0
"405","1","2026084","20260824","20260828","32","1",27,0,28,1,55
"405","1","2026084","20260824","20260828","32","2",25606300,0,26580400,974100,52186700
"405","1","2026084","20260824","20260828","33","1",125,0,127,2,252
"405","1","2026084","20260824","20260828","33","2",118264200,0,120035900,1771700,238300100
"405","1","2026084","20260824","20260828","41","1",24,0,41,17,65
"405","1","2026084","20260824","20260828","41","2",22709400,0,38623750,15914350,61333150
"405","1","2026084","20260824","20260828","51","1",1631,-65,1566,0,3197
"405","1","2026084","20260824","20260828","51","2",1541432800,-60944700,1480488100,0,3021920900
"405","1","2026084","20260824","20260828","60","1",2184,-136,2048,0,4232
"405","1","2026084","20260824","20260828","60","2",2068391000,-130137550,1938253450,0,4006644450
"406","1","2026084","20260824","20260828","11","1",0,0,0,0,0
"406","1","2026084","20260824","20260828","11","2",0,0,0,0,0
"406","1","2026084","20260824","20260828","21","1",0,0,0,0,0
"406","1","2026084","20260824","20260828","21","2",0,0,0,0,0
"406","1","2026084","20260824","20260828","22","1",0,0,0,0,0
"406","1","2026084","20260824","20260828","22","2",0,0,0,0,0
"406","1","2026084","20260824","20260828","23","1",0,0,0,0,0
"406","1","2026084","20260824","20260828","23","2",0,0,0,0,0
"406","1","2026084","20260824","20260828","24","1",934,-246,688,0,1622
"406","1","2026084","20260824","20260828","24","2",879365700,-230420200,648945500,0,1528311200
"406","1","2026084","20260824","20260828","31","1",0,0,0,0,0
"406","1","2026084","20260824","20260828","31","2",0,0,0,0,0
"406","1","2026084","20260824","20260828","32","1",7,-1,6,0,13
"406","1","2026084","20260824","20260828","32","2",6637500,-985300,5652200,0,12289700
"406","1","2026084","20260824","20260828","33","1",46,0,157,111,203
"406","1","2026084","20260824","20260828","33","2",43534500,0,147826300,104291800,191360800
"406","1","2026084","20260824","20260828","41","1",10,0,11,1,21
"406","1","2026084","20260824","20260828","41","2",9494600,0,10429500,934900,19924100
"406","1","2026084","20260824","20260828","51","1",288,0,405,117,693
"406","1","2026084","20260824","20260828","51","2",272121000,0,381544900,109423900,653665900
"406","1","2026084","20260824","20260828","60","1",635,0,653,18,1288
"406","1","2026084","20260824","20260828","60","2",598874300,0,615629200,16754900,1214503500
"407","1","2026084","20260824","20260828","11","1",0,0,0,0,0
"407","1","2026084","20260824","20260828","11","2",0,0,0,0,0
"407","1","2026084","20260824","20260828","21","1",0,0,0,0,0
"407","1","2026084","20260824","20260828","21","2",0,0,0,0,0
"407","1","2026084","20260824","20260828","22","1",0,0,0,0,0
"407","1","2026084","20260824","20260828","22","2",0,0,0,0,0
"407","1","2026084","20260824","20260828","23","1",0,0,0,0,0
"407","1","2026084","20260824","20260828","23","2",0,0,0,0,0
"407","1","2026084","20260824","20260828","24","1",0,0,0,0,0
"407","1","2026084","20260824","20260828","24","2",0,0,0,0,0
"407","1","2026084","20260824","20260828","31","1",0,0,0,0,0
"407","1","2026084","20260824","20260828","31","2",0,0,0,0,0
"407","1","2026084","20260824","20260828","32","1",0,0,0,0,0
"407","1","2026084","20260824","20260828","32","2",0,0,0,0,0
"407","1","2026084","20260824","20260828","33","1",0,0,0,0,0
"407","1","2026084","20260824","20260828","33","2",0,0,0,0,0
"407","1","2026084","20260824","20260828","41","1",0,0,0,0,0
"407","1","2026084","20260824","20260828","41","2",0,0,0,0,0
"407","1","2026084","20260824","20260828","51","1",0,0,0,0,0
"407","1","2026084","20260824","20260828","51","2",0,0,0,0,0
"407","1","2026084","20260824","20260828","60","1",0,0,0,0,0
"407","1","2026084","20260824","20260828","60","2",0,0,0,0,0
"415","1","2026084","20260824","20260828","11","1",0,0,0,0,0
"415","1","2026084","20260824","20260828","11","2",0,0,0,0,0
"415","1","2026084","20260824","20260828","21","1",0,0,0,0,0
"415","1","2026084","20260824","20260828","21","2",0,0,0,0,0
"415","1","2026084","20260824","20260828","22","1",0,0,0,0,0
"415","1","2026084","20260824","20260828","22","2",0,0,0,0,0
"415","1","2026084","20260824","20260828","23","1",0,0,0,0,0
"415","1","2026084","20260824","20260828","23","2",0,0,0,0,0
"415","1","2026084","20260824","20260828","24","1",0,0,0,0,0
"415","1","2026084","20260824","20260828","24","2",0,0,0,0,0
"415","1","2026084","20260824","20260828","31","1",0,0,0,0,0
"415","1","2026084","20260824","20260828","31","2",0,0,0,0,0
"415","1","2026084","20260824","20260828","32","1",0,0,0,0,0
"415","1","2026084","20260824","20260828","32","2",0,0,0,0,0
"415","1","2026084","20260824","20260828","33","1",0,0,0,0,0
"415","1","2026084","20260824","20260828","33","2",0,0,0,0,0
"415","1","2026084","20260824","20260828","41","1",0,0,0,0,0
"415","1","2026084","20260824","20260828","41","2",0,0,0,0,0
"415","1","2026084","20260824","20260828","51","1",0,0,0,0,0
"415","1","2026084","20260824","20260828","51","2",0,0,0,0,0
"415","1","2026084","20260824","20260828","60","1",0,0,0,0,0
"415","1","2026084","20260824","20260828","60","2",0,0,0,0,0
"408","1","2026084","20260824","20260828","11","1",259,0,279,20,538
"408","1","2026084","20260824","20260828","11","2",572646000,0,614280000,41634000,1186926000
"408","1","2026084","20260824","20260828","21","1",0,0,0,0,0
"408","1","2026084","20260824","20260828","21","2",0,0,0,0,0
"408","1","2026084","20260824","20260828","22","1",0,0,0,0,0
"408","1","2026084","20260824","20260828","22","2",0,0,0,0,0
"408","1","2026084","20260824","20260828","23","1",0,0,0,0,0
"408","1","2026084","20260824","20260828","23","2",0,0,0,0,0
"408","1","2026084","20260824","20260828","24","1",0,0,0,0,0
"408","1","2026084","20260824","20260828","24","2",0,0,0,0,0
"408","1","2026084","20260824","20260828","31","1",0,0,0,0,0
"408","1","2026084","20260824","20260828","31","2",0,0,0,0,0
"408","1","2026084","20260824","20260828","32","1",106,-24,82,0,188
"408","1","2026084","20260824","20260828","32","2",233685500,-51853500,181832000,0,415517500
"408","1","2026084","20260824","20260828","33","1",202,-13,189,0,391
"408","1","2026084","20260824","20260828","33","2",446299500,-28092500,418207000,0,864506500
"408","1","2026084","20260824","20260828","41","1",49,0,72,23,121
"408","1","2026084","20260824","20260828","41","2",107448000,0,159011000,51563000,266459000
"408","1","2026084","20260824","20260828","51","1",601,-141,460,0,1061
"408","1","2026084","20260824","20260828","51","2",1320632000,-306682000,1013950000,0,2334582000
"408","1","2026084","20260824","20260828","60","1",3244,0,3379,135,6623
"408","1","2026084","20260824","20260828","60","2",7175960500,0,7469391500,293431000,14645352000
"409","1","2026084","20260824","20260828","11","1",0,0,0,0,0
"409","1","2026084","20260824","20260828","11","2",0,0,0,0,0
"409","1","2026084","20260824","20260828","21","1",0,0,0,0,0
"409","1","2026084","20260824","20260828","21","2",0,0,0,0,0
"409","1","2026084","20260824","20260828","22","1",0,0,0,0,0
"409","1","2026084","20260824","20260828","22","2",0,0,0,0,0
"409","1","2026084","20260824","20260828","23","1",0,0,0,0,0
"409","1","2026084","20260824","20260828","23","2",0,0,0,0,0
"409","1","2026084","20260824","20260828","24","1",0,0,0,0,0
"409","1","2026084","20260824","20260828","24","2",0,0,0,0,0
"409","1","2026084","20260824","20260828","31","1",0,0,0,0,0
"409","1","2026084","20260824","20260828","31","2",0,0,0,0,0
"409","1","2026084","20260824","20260828","32","1",0,0,0,0,0
"409","1","2026084","20260824","20260828","32","2",0,0,0,0,0
"409","1","2026084","20260824","20260828","33","1",0,0,0,0,0
"409","1","2026084","20260824","20260828","33","2",0,0,0,0,0
"409","1","2026084","20260824","20260828","41","1",0,0,0,0,0
"409","1","2026084","20260824","20260828","41","2",0,0,0,0,0
"409","1","2026084","20260824","20260828","51","1",0,0,0,0,0
"409","1","2026084","20260824","20260828","51","2",0,0,0,0,0
"409","1","2026084","20260824","20260828","60","1",0,0,0,0,0
"409","1","2026084","20260824","20260828","60","2",0,0,0,0,0
"431","1","2026084","20260824","20260828","11","1",0,0,0,0,0
"431","1","2026084","20260824","20260828","11","2",0,0,0,0,0
"431","1","2026084","20260824","20260828","21","1",0,0,0,0,0
"431","1","2026084","20260824","20260828","21","2",0,0,0,0,0
"431","1","2026084","20260824","20260828","22","1",0,0,0,0,0
"431","1","2026084","20260824","20260828","22","2",0,0,0,0,0
"431","1","2026084","20260824","20260828","23","1",0,0,0,0,0
"431","1","2026084","20260824","20260828","23","2",0,0,0,0,0
"431","1","2026084","20260824","20260828","24","1",0,0,0,0,0
"431","1","2026084","20260824","20260828","24","2",0,0,0,0,0
"431","1","2026084","20260824","20260828","31","1",0,0,0,0,0
"431","1","2026084","20260824","20260828","31","2",0,0,0,0,0
"431","1","2026084","20260824","20260828","32","1",0,0,0,0,0
"431","1","2026084","20260824","20260828","32","2",0,0,0,0,0
"431","1","2026084","20260824","20260828","33","1",0,0,0,0,0
"431","1","2026084","20260824","20260828","33","2",0,0,0,0,0
"431","1","2026084","20260824","20260828","41","1",0,0,0,0,0
"431","1","2026084","20260824","20260828","41","2",0,0,0,0,0
"431","1","2026084","20260824","20260828","51","1",0,0,0,0,0
"431","1","2026084","20260824","20260828","51","2",0,0,0,0,0
"431","1","2026084","20260824","20260828","60","1",120,0,120,0,240
"431","1","2026084","20260824","20260828","60","2",224318000,0,224318000,0,448636000
"410","1","2026084","20260824","20260828","11","1",0,0,0,0,0
"410","1","2026084","20260824","20260828","11","2",0,0,0,0,0
"410","1","2026084","20260824","20260828","21","1",0,0,0,0,0
"410","1","2026084","20260824","20260828","21","2",0,0,0,0,0
"410","1","2026084","20260824","20260828","22","1",0,0,0,0,0
"410","1","2026084","20260824","20260828","22","2",0,0,0,0,0
"410","1","2026084","20260824","20260828","23","1",0,0,0,0,0
"410","1","2026084","20260824","20260828","23","2",0,0,0,0,0
"410","1","2026084","20260824","20260828","24","1",0,0,0,0,0
"410","1","2026084","20260824","20260828","24","2",0,0,0,0,0
"410","1","2026084","20260824","20260828","31","1",0,0,0,0,0
"410","1","2026084","20260824","20260828","31","2",0,0,0,0,0
"410","1","2026084","20260824","20260828","32","1",0,0,0,0,0
"410","1","2026084","20260824","20260828","32","2",0,0,0,0,0
"410","1","2026084","20260824","20260828","33","1",0,0,0,0,0
"410","1","2026084","20260824","20260828","33","2",0,0,0,0,0
"410","1","2026084","20260824","20260828","41","1",0,0,0,0,0
"410","1","2026084","20260824","20260828","41","2",0,0,0,0,0
"410","1","2026084","20260824","20260828","51","1",0,0,0,0,0
"410","1","2026084","20260824","20260828","51","2",0,0,0,0,0
"410","1","2026084","20260824","20260828","60","1",0,0,0,0,0
"410","1","2026084","20260824","20260828","60","2",0,0,0,0,0
"411","1","2026084","20260824","20260828","11","1",0,0,0,0,0
"411","1","2026084","20260824","20260828","11","2",0,0,0,0,0
"411","1","2026084","20260824","20260828","21","1",0,0,0,0,0
"411","1","2026084","20260824","20260828","21","2",0,0,0,0,0
"411","1","2026084","20260824","20260828","22","1",0,0,0,0,0
"411","1","2026084","20260824","20260828","22","2",0,0,0,0,0
"411","1","2026084","20260824","20260828","23","1",0,0,0,0,0
"411","1","2026084","20260824","20260828","23","2",0,0,0,0,0
"411","1","2026084","20260824","20260828","24","1",0,0,0,0,0
"411","1","2026084","20260824","20260828","24","2",0,0,0,0,0
"411","1","2026084","20260824","20260828","31","1",0,0,0,0,0
"411","1","2026084","20260824","20260828","31","2",0,0,0,0,0
"411","1","2026084","20260824","20260828","32","1",0,0,0,0,0
"411","1","2026084","20260824","20260828","32","2",0,0,0,0,0
"411","1","2026084","20260824","20260828","33","1",0,0,0,0,0
"411","1","2026084","20260824","20260828","33","2",0,0,0,0,0
"411","1","2026084","20260824","20260828","41","1",0,0,0,0,0
"411","1","2026084","20260824","20260828","41","2",0,0,0,0,0
"411","1","2026084","20260824","20260828","51","1",0,0,0,0,0
"411","1","2026084","20260824","20260828","51","2",0,0,0,0,0
"411","1","2026084","20260824","20260828","60","1",0,0,0,0,0
"411","1","2026084","20260824","20260828","60","2",0,0,0,0,0
"412","1","2026084","20260824","20260828","11","1",0,0,0,0,0
"412","1","2026084","20260824","20260828","11","2",0,0,0,0,0
"412","1","2026084","20260824","20260828","21","1",0,0,0,0,0
"412","1","2026084","20260824","20260828","21","2",0,0,0,0,0
"412","1","2026084","20260824","20260828","22","1",0,0,0,0,0
"412","1","2026084","20260824","20260828","22","2",0,0,0,0,0
"412","1","2026084","20260824","20260828","23","1",0,0,0,0,0
"412","1","2026084","20260824","20260828","23","2",0,0,0,0,0
"412","1","2026084","20260824","20260828","24","1",0,0,0,0,0
"412","1","2026084","20260824","20260828","24","2",0,0,0,0,0
"412","1","2026084","20260824","20260828","31","1",0,0,0,0,0
"412","1","2026084","20260824","20260828","31","2",0,0,0,0,0
"412","1","2026084","20260824","20260828","32","1",0,0,0,0,0
"412","1","2026084","20260824","20260828","32","2",0,0,0,0,0
"412","1","2026084","20260824","20260828","33","1",0,0,0,0,0
"412","1","2026084","20260824","20260828","33","2",0,0,0,0,0
"412","1","2026084","20260824","20260828","41","1",0,0,0,0,0
"412","1","2026084","20260824","20260828","41","2",0,0,0,0,0
"412","1","2026084","20260824","20260828","51","1",0,0,0,0,0
"412","1","2026084","20260824","20260828","51","2",0,0,0,0,0
"412","1","2026084","20260824","20260828","60","1",0,0,0,0,0
"412","1","2026084","20260824","20260828","60","2",0,0,0,0,0
"416","1","2026084","20260824","20260828","11","1",0,0,0,0,0
"416","1","2026084","20260824","20260828","11","2",0,0,0,0,0
"416","1","2026084","20260824","20260828","21","1",0,0,0,0,0
"416","1","2026084","20260824","20260828","21","2",0,0,0,0,0
"416","1","2026084","20260824","20260828","22","1",0,0,0,0,0
"416","1","2026084","20260824","20260828","22","2",0,0,0,0,0
"416","1","2026084","20260824","20260828","23","1",0,0,0,0,0
"416","1","2026084","20260824","20260828","23","2",0,0,0,0,0
"416","1","2026084","20260824","20260828","24","1",0,0,0,0,0
"416","1","2026084","20260824","20260828","24","2",0,0,0,0,0
"416","1","2026084","20260824","20260828","31","1",0,0,0,0,0
"416","1","2026084","20260824","20260828","31","2",0,0,0,0,0
"416","1","2026084","20260824","20260828","32","1",0,0,0,0,0
"416","1","2026084","20260824","20260828","32","2",0,0,0,0,0
"416","1","2026084","20260824","20260828","33","1",0,0,0,0,0
"416","1","2026084","20260824","20260828","33","2",0,0,0,0,0
"416","1","2026084","20260824","20260828","41","1",0,0,0,0,0
"416","1","2026084","20260824","20260828","41","2",0,0,0,0,0
"416","1","2026084","20260824","20260828","51","1",0,0,0,0,0
"416","1","2026084","20260824","20260828","51","2",0,0,0,0,0
"416","1","2026084","20260824","20260828","60","1",0,0,0,0,0
"416","1","2026084","20260824","20260828","60","2",0,0,0,0,0
"417","1","2026084","20260824","20260828","11","1",0,0,0,0,0
"417","1","2026084","20260824","20260828","11","2",0,0,0,0,0
"417","1","2026084","20260824","20260828","21","1",0,0,0,0,0
"417","1","2026084","20260824","20260828","21","2",0,0,0,0,0
"417","1","2026084","20260824","20260828","22","1",0,0,0,0,0
"417","1","2026084","20260824","20260828","22","2",0,0,0,0,0
"417","1","2026084","20260824","20260828","23","1",0,0,0,0,0
"417","1","2026084","20260824","20260828","23","2",0,0,0,0,0
"417","1","2026084","20260824","20260828","24","1",0,0,0,0,0
"417","1","2026084","20260824","20260828","24","2",0,0,0,0,0
"417","1","2026084","20260824","20260828","31","1",0,0,0,0,0
"417","1","2026084","20260824","20260828","31","2",0,0,0,0,0
"417","1","2026084","20260824","20260828","32","1",0,0,0,0,0
"417","1","2026084","20260824","20260828","32","2",0,0,0,0,0
"417","1","2026084","20260824","20260828","33","1",0,0,0,0,0
"417","1","2026084","20260824","20260828","33","2",0,0,0,0,0
"417","1","2026084","20260824","20260828","41","1",0,0,0,0,0
"417","1","2026084","20260824","20260828","41","2",0,0,0,0,0
"417","1","2026084","20260824","20260828","51","1",0,0,0,0,0
"417","1","2026084","20260824","20260828","51","2",0,0,0,0,0
"417","1","2026084","20260824","20260828","60","1",0,0,0,0,0
"417","1","2026084","20260824","20260828","60","2",0,0,0,0,0
"418","1","2026084","20260824","20260828","11","1",0,0,0,0,0
"418","1","2026084","20260824","20260828","11","2",0,0,0,0,0
"418","1","2026084","20260824","20260828","21","1",0,0,0,0,0
"418","1","2026084","20260824","20260828","21","2",0,0,0,0,0
"418","1","2026084","20260824","20260828","22","1",0,0,0,0,0
"418","1","2026084","20260824","20260828","22","2",0,0,0,0,0
"418","1","2026084","20260824","20260828","23","1",0,0,0,0,0
"418","1","2026084","20260824","20260828","23","2",0,0,0,0,0
"418","1","2026084","20260824","20260828","24","1",0,0,0,0,0
"418","1","2026084","20260824","20260828","24","2",0,0,0,0,0
"418","1","2026084","20260824","20260828","31","1",0,0,0,0,0
"418","1","2026084","20260824","20260828","31","2",0,0,0,0,0
"418","1","2026084","20260824","20260828","32","1",0,0,0,0,0
"418","1","2026084","20260824","20260828","32","2",0,0,0,0,0
"418","1","2026084","20260824","20260828","33","1",0,0,0,0,0
"418","1","2026084","20260824","20260828","33","2",0,0,0,0,0
"418","1","2026084","20260824","20260828","41","1",0,0,0,0,0
"418","1","2026084","20260824","20260828","41","2",0,0,0,0,0
"418","1","2026084","20260824","20260828","51","1",0,0,0,0,0
"418","1","2026084","20260824","20260828","51","2",0,0,0,0,0
"418","1","2026084","20260824","20260828","60","1",0,0,0,0,0
"418","1","2026084","20260824","20260828","60","2",0,0,0,0,0
"419","1","2026084","20260824","20260828","11","1",1860,-500,1360,0,3220
"419","1","2026084","20260824","20260828","11","2",7115481500,-1924888000,5190593500,0,12306075000
"419","1","2026084","20260824","20260828","21","1",0,0,0,0,0
"419","1","2026084","20260824","20260828","21","2",0,0,0,0,0
"419","1","2026084","20260824","20260828","22","1",0,0,0,0,0
"419","1","2026084","20260824","20260828","22","2",0,0,0,0,0
"419","1","2026084","20260824","20260828","23","1",0,0,0,0,0
"419","1","2026084","20260824","20260828","23","2",0,0,0,0,0
"419","1","2026084","20260824","20260828","24","1",0,0,0,0,0
"419","1","2026084","20260824","20260828","24","2",0,0,0,0,0
"419","1","2026084","20260824","20260828","31","1",0,0,0,0,0
"419","1","2026084","20260824","20260828","31","2",0,0,0,0,0
"419","1","2026084","20260824","20260828","32","1",2646,-68,2578,0,5224
"419","1","2026084","20260824","20260828","32","2",10036640500,-58572000,9978068500,0,20014709000
"419","1","2026084","20260824","20260828","33","1",741,0,765,24,1506
"419","1","2026084","20260824","20260828","33","2",2852155000,0,2906281500,54126500,5758436500
"419","1","2026084","20260824","20260828","41","1",0,0,0,0,0
"419","1","2026084","20260824","20260828","41","2",0,0,0,0,0
"419","1","2026084","20260824","20260828","51","1",866,0,904,38,1770
"419","1","2026084","20260824","20260828","51","2",3315995000,0,3448405000,132410000,6764400000
"419","1","2026084","20260824","20260828","60","1",4165,0,4671,506,8836
"419","1","2026084","20260824","20260828","60","2",15975356000,0,17772279500,1796923500,33747635500
"423","1","2026084","20260824","20260828","11","1",0,0,0,0,0
"423","1","2026084","20260824","20260828","11","2",0,0,0,0,0
"423","1","2026084","20260824","20260828","21","1",0,0,0,0,0
"423","1","2026084","20260824","20260828","21","2",0,0,0,0,0
"423","1","2026084","20260824","20260828","22","1",0,0,0,0,0
"423","1","2026084","20260824","20260828","22","2",0,0,0,0,0
"423","1","2026084","20260824","20260828","23","1",0,0,0,0,0
"423","1","2026084","20260824","20260828","23","2",0,0,0,0,0
"423","1","2026084","20260824","20260828","24","1",0,0,100,100,100
"423","1","2026084","20260824","20260828","24","2",0,0,165391200,165391200,165391200
"423","1","2026084","20260824","20260828","31","1",0,0,0,0,0
"423","1","2026084","20260824","20260828","31","2",0,0,0,0,0
"423","1","2026084","20260824","20260828","32","1",159,-117,42,0,201
"423","1","2026084","20260824","20260828","32","2",262722000,-197557200,65164800,0,327886800
"423","1","2026084","20260824","20260828","33","1",0,0,0,0,0
"423","1","2026084","20260824","20260828","33","2",0,0,0,0,0
"423","1","2026084","20260824","20260828","41","1",0,0,0,0,0
"423","1","2026084","20260824","20260828","41","2",0,0,0,0,0
"423","1","2026084","20260824","20260828","51","1",0,0,0,0,0
"423","1","2026084","20260824","20260828","51","2",0,0,0,0,0
"423","1","2026084","20260824","20260828","60","1",12,0,29,17,41
"423","1","2026084","20260824","20260828","60","2",14932800,0,47098800,32166000,62031600
"422","1","2026084","20260824","20260828","11","1",0,0,0,0,0
"422","1","2026084","20260824","20260828","11","2",0,0,0,0,0
"422","1","2026084","20260824","20260828","21","1",0,0,0,0,0
"422","1","2026084","20260824","20260828","21","2",0,0,0,0,0
"422","1","2026084","20260824","20260828","22","1",0,0,0,0,0
"422","1","2026084","20260824","20260828","22","2",0,0,0,0,0
"422","1","2026084","20260824","20260828","23","1",0,0,0,0,0
"422","1","2026084","20260824","20260828","23","2",0,0,0,0,0
"422","1","2026084","20260824","20260828","24","1",0,0,0,0,0
"422","1","2026084","20260824","20260828","24","2",0,0,0,0,0
"422","1","2026084","20260824","20260828","31","1",0,0,0,0,0
"422","1","2026084","20260824","20260828","31","2",0,0,0,0,0
"422","1","2026084","20260824","20260828","32","1",0,0,2,2,2
"422","1","2026084","20260824","20260828","32","2",0,0,2664000,2664000,2664000
"422","1","2026084","20260824","20260828","33","1",0,0,0,0,0
"422","1","2026084","20260824","20260828","33","2",0,0,0,0,0
"422","1","2026084","20260824","20260828","41","1",0,0,0,0,0
"422","1","2026084","20260824","20260828","41","2",0,0,0,0,0
"422","1","2026084","20260824","20260828","51","1",0,0,0,0,0
"422","1","2026084","20260824","20260828","51","2",0,0,0,0,0
"422","1","2026084","20260824","20260828","60","1",2,-2,0,0,2
"422","1","2026084","20260824","20260828","60","2",2664000,-2664000,0,0,2664000
"445","1","2026084","20260824","20260828","11","1",0,0,0,0,0
"445","1","2026084","20260824","20260828","11","2",0,0,0,0,0
"445","1","2026084","20260824","20260828","21","1",0,0,0,0,0
"445","1","2026084","20260824","20260828","21","2",0,0,0,0,0
"445","1","2026084","20260824","20260828","22","1",0,0,0,0,0
"445","1","2026084","20260824","20260828","22","2",0,0,0,0,0
"445","1","2026084","20260824","20260828","23","1",0,0,0,0,0
"445","1","2026084","20260824","20260828","23","2",0,0,0,0,0
"445","1","2026084","20260824","20260828","24","1",0,0,0,0,0
"445","1","2026084","20260824","20260828","24","2",0,0,0,0,0
"445","1","2026084","20260824","20260828","31","1",0,0,0,0,0
"445","1","2026084","20260824","20260828","31","2",0,0,0,0,0
"445","1","2026084","20260824","20260828","32","1",0,0,0,0,0
"445","1","2026084","20260824","20260828","32","2",0,0,0,0,0
"445","1","2026084","20260824","20260828","33","1",0,0,0,0,0
"445","1","2026084","20260824","20260828","33","2",0,0,0,0,0
"445","1","2026084","20260824","20260828","41","1",0,0,0,0,0
"445","1","2026084","20260824","20260828","41","2",0,0,0,0,0
"445","1","2026084","20260824","20260828","51","1",0,0,0,0,0
"445","1","2026084","20260824","20260828","51","2",0,0,0,0,0
"445","1","2026084","20260824","20260828","60","1",0,0,0,0,0
"445","1","2026084","20260824","20260828","60","2",0,0,0,0,0
"425","1","2026084","20260824","20260828","11","1",0,0,0,0,0
"425","1","2026084","20260824","20260828","11","2",0,0,0,0,0
"425","1","2026084","20260824","20260828","21","1",0,0,0,0,0
"425","1","2026084","20260824","20260828","21","2",0,0,0,0,0
"425","1","2026084","20260824","20260828","22","1",0,0,0,0,0
"425","1","2026084","20260824","20260828","22","2",0,0,0,0,0
"425","1","2026084","20260824","20260828","23","1",0,0,0,0,0
"425","1","2026084","20260824","20260828","23","2",0,0,0,0,0
"425","1","2026084","20260824","20260828","24","1",0,0,0,0,0
"425","1","2026084","20260824","20260828","24","2",0,0,0,0,0
"425","1","2026084","20260824","20260828","31","1",0,0,0,0,0
"425","1","2026084","20260824","20260828","31","2",0,0,0,0,0
"425","1","2026084","20260824","20260828","32","1",0,0,15,15,15
"425","1","2026084","20260824","20260828","32","2",0,0,8495520,8495520,8495520
"425","1","2026084","20260824","20260828","33","1",0,0,0,0,0
"425","1","2026084","20260824","20260828","33","2",0,0,0,0,0
"425","1","2026084","20260824","20260828","41","1",0,0,0,0,0
"425","1","2026084","20260824","20260828","41","2",0,0,0,0,0
"425","1","2026084","20260824","20260828","51","1",0,0,0,0,0
"425","1","2026084","20260824","20260828","51","2",0,0,0,0,0
"425","1","2026084","20260824","20260828","60","1",15,-15,0,0,15
"425","1","2026084","20260824","20260828","60","2",8495520,-8495520,0,0,8495520
"424","1","2026084","20260824","20260828","11","1",0,0,0,0,0
"424","1","2026084","20260824","20260828","11","2",0,0,0,0,0
"424","1","2026084","20260824","20260828","21","1",0,0,0,0,0
"424","1","2026084","20260824","20260828","21","2",0,0,0,0,0
"424","1","2026084","20260824","20260828","22","1",0,0,0,0,0
"424","1","2026084","20260824","20260828","22","2",0,0,0,0,0
"424","1","2026084","20260824","20260828","23","1",0,0,0,0,0
"424","1","2026084","20260824","20260828","23","2",0,0,0,0,0
"424","1","2026084","20260824","20260828","24","1",0,0,0,0,0
"424","1","2026084","20260824","20260828","24","2",0,0,0,0,0
"424","1","2026084","20260824","20260828","31","1",0,0,0,0,0
"424","1","2026084","20260824","20260828","31","2",0,0,0,0,0
"424","1","2026084","20260824","20260828","32","1",0,0,0,0,0
"424","1","2026084","20260824","20260828","32","2",0,0,0,0,0
"424","1","2026084","20260824","20260828","33","1",0,0,0,0,0
"424","1","2026084","20260824","20260828","33","2",0,0,0,0,0
"424","1","2026084","20260824","20260828","41","1",0,0,0,0,0
"424","1","2026084","20260824","20260828","41","2",0,0,0,0,0
"424","1","2026084","20260824","20260828","51","1",0,0,0,0,0
"424","1","2026084","20260824","20260828","51","2",0,0,0,0,0
"424","1","2026084","20260824","20260828","60","1",0,0,0,0,0
"424","1","2026084","20260824","20260828","60","2",0,0,0,0,0
"446","1","2026084","20260824","20260828","11","1",0,0,0,0,0
"446","1","2026084","20260824","20260828","11","2",0,0,0,0,0
"446","1","2026084","20260824","20260828","21","1",0,0,0,0,0
"446","1","2026084","20260824","20260828","21","2",0,0,0,0,0
"446","1","2026084","20260824","20260828","22","1",0,0,0,0,0
"446","1","2026084","20260824","20260828","22","2",0,0,0,0,0
"446","1","2026084","20260824","20260828","23","1",0,0,0,0,0
"446","1","2026084","20260824","20260828","23","2",0,0,0,0,0
"446","1","2026084","20260824","20260828","24","1",0,0,0,0,0
"446","1","2026084","20260824","20260828","24","2",0,0,0,0,0
"446","1","2026084","20260824","20260828","31","1",0,0,0,0,0
"446","1","2026084","20260824","20260828","31","2",0,0,0,0,0
"446","1","2026084","20260824","20260828","32","1",0,0,0,0,0
"446","1","2026084","20260824","20260828","32","2",0,0,0,0,0
"446","1","2026084","20260824","20260828","33","1",0,0,0,0,0
"446","1","2026084","20260824","20260828","33","2",0,0,0,0,0
"446","1","2026084","20260824","20260828","41","1",0,0,0,0,0
"446","1","2026084","20260824","20260828","41","2",0,0,0,0,0
"446","1","2026084","20260824","20260828","51","1",0,0,0,0,0
"446","1","2026084","20260824","20260828","51","2",0,0,0,0,0
"446","1","2026084","20260824","20260828","60","1",0,0,0,0,0
"446","1","2026084","20260824","20260828","60","2",0,0,0,0,0
"428","1","2026084","20260824","20260828","11","1",0,0,0,0,0
"428","1","2026084","20260824","20260828","11","2",0,0,0,0,0
"428","1","2026084","20260824","20260828","21","1",0,0,0,0,0
"428","1","2026084","20260824","20260828","21","2",0,0,0,0,0
"428","1","2026084","20260824","20260828","22","1",0,0,0,0,0
"428","1","2026084","20260824","20260828","22","2",0,0,0,0,0
"428","1","2026084","20260824","20260828","23","1",0,0,0,0,0
"428","1","2026084","20260824","20260828","23","2",0,0,0,0,0
"428","1","2026084","20260824","20260828","24","1",0,0,0,0,0
"428","1","2026084","20260824","20260828","24","2",0,0,0,0,0
"428","1","2026084","20260824","20260828","31","1",0,0,0,0,0
"428","1","2026084","20260824","20260828","31","2",0,0,0,0,0
"428","1","2026084","20260824","20260828","32","1",0,0,50,50,50
"428","1","2026084","20260824","20260828","32","2",0,0,19656000,19656000,19656000
"428","1","2026084","20260824","20260828","33","1",0,0,0,0,0
"428","1","2026084","20260824","20260828","33","2",0,0,0,0,0
"428","1","2026084","20260824","20260828","41","1",0,0,0,0,0
"428","1","2026084","20260824","20260828","41","2",0,0,0,0,0
"428","1","2026084","20260824","20260828","51","1",0,0,0,0,0
"428","1","2026084","20260824","20260828","51","2",0,0,0,0,0
"428","1","2026084","20260824","20260828","60","1",50,-50,0,0,50
"428","1","2026084","20260824","20260828","60","2",19656000,-19656000,0,0,19656000
"427","1","2026084","20260824","20260828","11","1",0,0,0,0,0
"427","1","2026084","20260824","20260828","11","2",0,0,0,0,0
"427","1","2026084","20260824","20260828","21","1",0,0,0,0,0
"427","1","2026084","20260824","20260828","21","2",0,0,0,0,0
"427","1","2026084","20260824","20260828","22","1",0,0,0,0,0
"427","1","2026084","20260824","20260828","22","2",0,0,0,0,0
"427","1","2026084","20260824","20260828","23","1",0,0,0,0,0
"427","1","2026084","20260824","20260828","23","2",0,0,0,0,0
"427","1","2026084","20260824","20260828","24","1",0,0,0,0,0
"427","1","2026084","20260824","20260828","24","2",0,0,0,0,0
"427","1","2026084","20260824","20260828","31","1",0,0,0,0,0
"427","1","2026084","20260824","20260828","31","2",0,0,0,0,0
"427","1","2026084","20260824","20260828","32","1",0,0,0,0,0
"427","1","2026084","20260824","20260828","32","2",0,0,0,0,0
"427","1","2026084","20260824","20260828","33","1",0,0,0,0,0
"427","1","2026084","20260824","20260828","33","2",0,0,0,0,0
"427","1","2026084","20260824","20260828","41","1",0,0,0,0,0
"427","1","2026084","20260824","20260828","41","2",0,0,0,0,0
"427","1","2026084","20260824","20260828","51","1",0,0,0,0,0
"427","1","2026084","20260824","20260828","51","2",0,0,0,0,0
"427","1","2026084","20260824","20260828","60","1",0,0,0,0,0
"427","1","2026084","20260824","20260828","60","2",0,0,0,0,0
"430","1","2026084","20260824","20260828","11","1",0,0,0,0,0
"430","1","2026084","20260824","20260828","11","2",0,0,0,0,0
"430","1","2026084","20260824","20260828","21","1",0,0,0,0,0
"430","1","2026084","20260824","20260828","21","2",0,0,0,0,0
"430","1","2026084","20260824","20260828","22","1",0,0,0,0,0
"430","1","2026084","20260824","20260828","22","2",0,0,0,0,0
"430","1","2026084","20260824","20260828","23","1",0,0,0,0,0
"430","1","2026084","20260824","20260828","23","2",0,0,0,0,0
"430","1","2026084","20260824","20260828","24","1",0,0,0,0,0
"430","1","2026084","20260824","20260828","24","2",0,0,0,0,0
"430","1","2026084","20260824","20260828","31","1",0,0,0,0,0
"430","1","2026084","20260824","20260828","31","2",0,0,0,0,0
"430","1","2026084","20260824","20260828","32","1",0,0,0,0,0
"430","1","2026084","20260824","20260828","32","2",0,0,0,0,0
"430","1","2026084","20260824","20260828","33","1",0,0,0,0,0
"430","1","2026084","20260824","20260828","33","2",0,0,0,0,0
"430","1","2026084","20260824","20260828","41","1",0,0,0,0,0
"430","1","2026084","20260824","20260828","41","2",0,0,0,0,0
"430","1","2026084","20260824","20260828","51","1",0,0,0,0,0
"430","1","2026084","20260824","20260828","51","2",0,0,0,0,0
"430","1","2026084","20260824","20260828","60","1",0,0,0,0,0
"430","1","2026084","20260824","20260828","60","2",0,0,0,0,0
"429","1","2026084","20260824","20260828","11","1",0,0,0,0,0
"429","1","2026084","20260824","20260828","11","2",0,0,0,0,0
"429","1","2026084","20260824","20260828","21","1",0,0,0,0,0
"429","1","2026084","20260824","20260828","21","2",0,0,0,0,0
"429","1","2026084","20260824","20260828","22","1",0,0,0,0,0
"429","1","2026084","20260824","20260828","22","2",0,0,0,0,0
"429","1","2026084","20260824","20260828","23","1",0,0,0,0,0
"429","1","2026084","20260824","20260828","23","2",0,0,0,0,0
"429","1","2026084","20260824","20260828","24","1",0,0,0,0,0
"429","1","2026084","20260824","20260828","24","2",0,0,0,0,0
"429","1","2026084","20260824","20260828","31","1",0,0,0,0,0
"429","1","2026084","20260824","20260828","31","2",0,0,0,0,0
"429","1","2026084","20260824","20260828","32","1",0,0,0,0,0
"429","1","2026084","20260824","20260828","32","2",0,0,0,0,0
"429","1","2026084","20260824","20260828","33","1",0,0,0,0,0
"429","1","2026084","20260824","20260828","33","2",0,0,0,0,0
"429","1","2026084","20260824","20260828","41","1",0,0,0,0,0
"429","1","2026084","20260824","20260828","41","2",0,0,0,0,0
"429","1","2026084","20260824","20260828","51","1",0,0,0,0,0
"429","1","2026084","20260824","20260828","51","2",0,0,0,0,0
"429","1","2026084","20260824","20260828","60","1",0,0,0,0,0
"429","1","2026084","20260824","20260828","60","2",0,0,0,0,0
"433","1","2026084","20260824","20260828","11","1",0,0,0,0,0
"433","1","2026084","20260824","20260828","11","2",0,0,0,0,0
"433","1","2026084","20260824","20260828","21","1",0,0,0,0,0
"433","1","2026084","20260824","20260828","21","2",0,0,0,0,0
"433","1","2026084","20260824","20260828","22","1",0,0,0,0,0
"433","1","2026084","20260824","20260828","22","2",0,0,0,0,0
"433","1","2026084","20260824","20260828","23","1",0,0,0,0,0
"433","1","2026084","20260824","20260828","23","2",0,0,0,0,0
"433","1","2026084","20260824","20260828","24","1",0,0,0,0,0
"433","1","2026084","20260824","20260828","24","2",0,0,0,0,0
"433","1","2026084","20260824","20260828","31","1",0,0,0,0,0
"433","1","2026084","20260824","20260828","31","2",0,0,0,0,0
"433","1","2026084","20260824","20260828","32","1",5,0,5,0,10
"433","1","2026084","20260824","20260828","32","2",74005200,0,74005200,0,148010400
"433","1","2026084","20260824","20260828","33","1",0,0,0,0,0
"433","1","2026084","20260824","20260828","33","2",0,0,0,0,0
"433","1","2026084","20260824","20260828","41","1",0,0,0,0,0
"433","1","2026084","20260824","20260828","41","2",0,0,0,0,0
"433","1","2026084","20260824","20260828","51","1",0,0,0,0,0
"433","1","2026084","20260824","20260828","51","2",0,0,0,0,0
"433","1","2026084","20260824","20260828","60","1",0,0,0,0,0
"433","1","2026084","20260824","20260828","60","2",0,0,0,0,0
"432","1","2026084","20260824","20260828","11","1",0,0,0,0,0
"432","1","2026084","20260824","20260828","11","2",0,0,0,0,0
"432","1","2026084","20260824","20260828","21","1",0,0,0,0,0
"432","1","2026084","20260824","20260828","21","2",0,0,0,0,0
"432","1","2026084","20260824","20260828","22","1",0,0,0,0,0
"432","1","2026084","20260824","20260828","22","2",0,0,0,0,0
"432","1","2026084","20260824","20260828","23","1",0,0,0,0,0
"432","1","2026084","20260824","20260828","23","2",0,0,0,0,0
"432","1","2026084","20260824","20260828","24","1",0,0,0,0,0
"432","1","2026084","20260824","20260828","24","2",0,0,0,0,0
"432","1","2026084","20260824","20260828","31","1",0,0,0,0,0
"432","1","2026084","20260824","20260828","31","2",0,0,0,0,0
"432","1","2026084","20260824","20260828","32","1",0,0,0,0,0
"432","1","2026084","20260824","20260828","32","2",0,0,0,0,0
"432","1","2026084","20260824","20260828","33","1",0,0,0,0,0
"432","1","2026084","20260824","20260828","33","2",0,0,0,0,0
"432","1","2026084","20260824","20260828","41","1",0,0,0,0,0
"432","1","2026084","20260824","20260828","41","2",0,0,0,0,0
"432","1","2026084","20260824","20260828","51","1",0,0,0,0,0
"432","1","2026084","20260824","20260828","51","2",0,0,0,0,0
"432","1","2026084","20260824","20260828","60","1",0,0,0,0,0
"432","1","2026084","20260824","20260828","60","2",0,0,0,0,0
"447","1","2026084","20260824","20260828","11","1",0,0,0,0,0
"447","1","2026084","20260824","20260828","11","2",0,0,0,0,0
"447","1","2026084","20260824","20260828","21","1",0,0,0,0,0
"447","1","2026084","20260824","20260828","21","2",0,0,0,0,0
"447","1","2026084","20260824","20260828","22","1",0,0,0,0,0
"447","1","2026084","20260824","20260828","22","2",0,0,0,0,0
"447","1","2026084","20260824","20260828","23","1",0,0,0,0,0
"447","1","2026084","20260824","20260828","23","2",0,0,0,0,0
"447","1","2026084","20260824","20260828","24","1",0,0,0,0,0
"447","1","2026084","20260824","20260828","24","2",0,0,0,0,0
"447","1","2026084","20260824","20260828","31","1",0,0,0,0,0
"447","1","2026084","20260824","20260828","31","2",0,0,0,0,0
"447","1","2026084","20260824","20260828","32","1",0,0,0,0,0
"447","1","2026084","20260824","20260828","32","2",0,0,0,0,0
"447","1","2026084","20260824","20260828","33","1",0,0,0,0,0
"447","1","2026084","20260824","20260828","33","2",0,0,0,0,0
"447","1","2026084","20260824","20260828","41","1",0,0,0,0,0
"447","1","2026084","20260824","20260828","41","2",0,0,0,0,0
"447","1","2026084","20260824","20260828","51","1",0,0,0,0,0
"447","1","2026084","20260824","20260828","51","2",0,0,0,0,0
"447","1","2026084","20260824","20260828","60","1",0,0,0,0,0
"447","1","2026084","20260824","20260828","60","2",0,0,0,0,0
"435","1","2026084","20260824","20260828","11","1",0,0,0,0,0
"435","1","2026084","20260824","20260828","11","2",0,0,0,0,0
"435","1","2026084","20260824","20260828","21","1",0,0,0,0,0
"435","1","2026084","20260824","20260828","21","2",0,0,0,0,0
"435","1","2026084","20260824","20260828","22","1",0,0,0,0,0
"435","1","2026084","20260824","20260828","22","2",0,0,0,0,0
"435","1","2026084","20260824","20260828","23","1",0,0,0,0,0
"435","1","2026084","20260824","20260828","23","2",0,0,0,0,0
"435","1","2026084","20260824","20260828","24","1",0,0,0,0,0
"435","1","2026084","20260824","20260828","24","2",0,0,0,0,0
"435","1","2026084","20260824","20260828","31","1",0,0,0,0,0
"435","1","2026084","20260824","20260828","31","2",0,0,0,0,0
"435","1","2026084","20260824","20260828","32","1",0,0,0,0,0
"435","1","2026084","20260824","20260828","32","2",0,0,0,0,0
"435","1","2026084","20260824","20260828","33","1",0,0,0,0,0
"435","1","2026084","20260824","20260828","33","2",0,0,0,0,0
"435","1","2026084","20260824","20260828","41","1",0,0,0,0,0
"435","1","2026084","20260824","20260828","41","2",0,0,0,0,0
"435","1","2026084","20260824","20260828","51","1",0,0,0,0,0
"435","1","2026084","20260824","20260828","51","2",0,0,0,0,0
"435","1","2026084","20260824","20260828","60","1",0,0,0,0,0
"435","1","2026084","20260824","20260828","60","2",0,0,0,0,0
"434","1","2026084","20260824","20260828","11","1",0,0,0,0,0
"434","1","2026084","20260824","20260828","11","2",0,0,0,0,0
"434","1","2026084","20260824","20260828","21","1",0,0,0,0,0
"434","1","2026084","20260824","20260828","21","2",0,0,0,0,0
"434","1","2026084","20260824","20260828","22","1",0,0,0,0,0
"434","1","2026084","20260824","20260828","22","2",0,0,0,0,0
"434","1","2026084","20260824","20260828","23","1",0,0,0,0,0
"434","1","2026084","20260824","20260828","23","2",0,0,0,0,0
"434","1","2026084","20260824","20260828","24","1",0,0,0,0,0
"434","1","2026084","20260824","20260828","24","2",0,0,0,0,0
"434","1","2026084","20260824","20260828","31","1",0,0,0,0,0
"434","1","2026084","20260824","20260828","31","2",0,0,0,0,0
"434","1","2026084","20260824","20260828","32","1",0,0,0,0,0
"434","1","2026084","20260824","20260828","32","2",0,0,0,0,0
"434","1","2026084","20260824","20260828","33","1",0,0,0,0,0
"434","1","2026084","20260824","20260828","33","2",0,0,0,0,0
"434","1","2026084","20260824","20260828","41","1",0,0,0,0,0
"434","1","2026084","20260824","20260828","41","2",0,0,0,0,0
"434","1","2026084","20260824","20260828","51","1",0,0,0,0,0
"434","1","2026084","20260824","20260828","51","2",0,0,0,0,0
"434","1","2026084","20260824","20260828","60","1",0,0,0,0,0
"434","1","2026084","20260824","20260828","60","2",0,0,0,0,0
"448","1","2026084","20260824","20260828","11","1",0,0,0,0,0
"448","1","2026084","20260824","20260828","11","2",0,0,0,0,0
"448","1","2026084","20260824","20260828","21","1",0,0,0,0,0
"448","1","2026084","20260824","20260828","21","2",0,0,0,0,0
"448","1","2026084","20260824","20260828","22","1",0,0,0,0,0
"448","1","2026084","20260824","20260828","22","2",0,0,0,0,0
"448","1","2026084","20260824","20260828","23","1",0,0,0,0,0
"448","1","2026084","20260824","20260828","23","2",0,0,0,0,0
"448","1","2026084","20260824","20260828","24","1",0,0,0,0,0
"448","1","2026084","20260824","20260828","24","2",0,0,0,0,0
"448","1","2026084","20260824","20260828","31","1",0,0,0,0,0
"448","1","2026084","20260824","20260828","31","2",0,0,0,0,0
"448","1","2026084","20260824","20260828","32","1",0,0,0,0,0
"448","1","2026084","20260824","20260828","32","2",0,0,0,0,0
"448","1","2026084","20260824","20260828","33","1",0,0,0,0,0
"448","1","2026084","20260824","20260828","33","2",0,0,0,0,0
"448","1","2026084","20260824","20260828","41","1",0,0,0,0,0
"448","1","2026084","20260824","20260828","41","2",0,0,0,0,0
"448","1","2026084","20260824","20260828","51","1",0,0,0,0,0
"448","1","2026084","20260824","20260828","51","2",0,0,0,0,0
"448","1","2026084","20260824","20260828","60","1",0,0,0,0,0
"448","1","2026084","20260824","20260828","60","2",0,0,0,0,0
"426","1","2026084","20260824","20260828","11","1",0,0,0,0,0
"426","1","2026084","20260824","20260828","11","2",0,0,0,0,0
"426","1","2026084","20260824","20260828","21","1",0,0,0,0,0
"426","1","2026084","20260824","20260828","21","2",0,0,0,0,0
"426","1","2026084","20260824","20260828","22","1",0,0,0,0,0
"426","1","2026084","20260824","20260828","22","2",0,0,0,0,0
"426","1","2026084","20260824","20260828","23","1",0,0,0,0,0
"426","1","2026084","20260824","20260828","23","2",0,0,0,0,0
"426","1","2026084","20260824","20260828","24","1",0,0,0,0,0
"426","1","2026084","20260824","20260828","24","2",0,0,0,0,0
"426","1","2026084","20260824","20260828","31","1",0,0,0,0,0
"426","1","2026084","20260824","20260828","31","2",0,0,0,0,0
"426","1","2026084","20260824","20260828","32","1",90,0,90,0,180
"426","1","2026084","20260824","20260828","32","2",310320000,0,310320000,0,620640000
"426","1","2026084","20260824","20260828","33","1",0,0,0,0,0
"426","1","2026084","20260824","20260828","33","2",0,0,0,0,0
"426","1","2026084","20260824","20260828","41","1",0,0,0,0,0
"426","1","2026084","20260824","20260828","41","2",0,0,0,0,0
"426","1","2026084","20260824","20260828","51","1",0,0,0,0,0
"426","1","2026084","20260824","20260828","51","2",0,0,0,0,0
"426","1","2026084","20260824","20260828","60","1",0,0,0,0,0
"426","1","2026084","20260824","20260828","60","2",0,0,0,0,0
"420","1","2026084","20260824","20260828","11","1",20,0,20,0,40
"420","1","2026084","20260824","20260828","11","2",19894000,0,19894000,0,39788000
"420","1","2026084","20260824","20260828","21","1",0,0,0,0,0
"420","1","2026084","20260824","20260828","21","2",0,0,0,0,0
"420","1","2026084","20260824","20260828","22","1",0,0,0,0,0
"420","1","2026084","20260824","20260828","22","2",0,0,0,0,0
"420","1","2026084","20260824","20260828","23","1",0,0,0,0,0
"420","1","2026084","20260824","20260828","23","2",0,0,0,0,0
"420","1","2026084","20260824","20260828","24","1",0,0,0,0,0
"420","1","2026084","20260824","20260828","24","2",0,0,0,0,0
"420","1","2026084","20260824","20260828","31","1",0,0,0,0,0
"420","1","2026084","20260824","20260828","31","2",0,0,0,0,0
"420","1","2026084","20260824","20260828","32","1",35,0,35,0,70
"420","1","2026084","20260824","20260828","32","2",34815000,0,34815000,0,69630000
"420","1","2026084","20260824","20260828","33","1",0,0,0,0,0
"420","1","2026084","20260824","20260828","33","2",0,0,0,0,0
"420","1","2026084","20260824","20260828","41","1",0,0,0,0,0
"420","1","2026084","20260824","20260828","41","2",0,0,0,0,0
"420","1","2026084","20260824","20260828","51","1",0,0,0,0,0
"420","1","2026084","20260824","20260828","51","2",0,0,0,0,0
"420","1","2026084","20260824","20260828","60","1",0,0,0,0,0
"420","1","2026084","20260824","20260828","60","2",0,0,0,0,0
"421","1","2026084","20260824","20260828","11","1",0,0,0,0,0
"421","1","2026084","20260824","20260828","11","2",0,0,0,0,0
"421","1","2026084","20260824","20260828","21","1",0,0,0,0,0
"421","1","2026084","20260824","20260828","21","2",0,0,0,0,0
"421","1","2026084","20260824","20260828","22","1",0,0,0,0,0
"421","1","2026084","20260824","20260828","22","2",0,0,0,0,0
"421","1","2026084","20260824","20260828","23","1",0,0,0,0,0
"421","1","2026084","20260824","20260828","23","2",0,0,0,0,0
"421","1","2026084","20260824","20260828","24","1",0,0,0,0,0
"421","1","2026084","20260824","20260828","24","2",0,0,0,0,0
"421","1","2026084","20260824","20260828","31","1",0,0,0,0,0
"421","1","2026084","20260824","20260828","31","2",0,0,0,0,0
"421","1","2026084","20260824","20260828","32","1",8,0,8,0,16
"421","1","2026084","20260824","20260828","32","2",8424000,0,8424000,0,16848000
"421","1","2026084","20260824","20260828","33","1",0,0,0,0,0
"421","1","2026084","20260824","20260828","33","2",0,0,0,0,0
"421","1","2026084","20260824","20260828","41","1",0,0,0,0,0
"421","1","2026084","20260824","20260828","41","2",0,0,0,0,0
"421","1","2026084","20260824","20260828","51","1",0,0,0,0,0
"421","1","2026084","20260824","20260828","51","2",0,0,0,0,0
"421","1","2026084","20260824","20260828","60","1",0,0,0,0,0
"421","1","2026084","20260824","20260828","60","2",0,0,0,0,0
"303","1","2026084","20260824","20260828","11","1",13315,-414,12901,0,26216
"303","1","2026084","20260824","20260828","11","2",5129277000,0,5757623000,628346000,10886900000
"303","1","2026084","20260824","20260828","21","1",0,0,0,0,0
"303","1","2026084","20260824","20260828","21","2",0,0,0,0,0
"303","1","2026084","20260824","20260828","22","1",0,0,42,42,42
"303","1","2026084","20260824","20260828","22","2",0,0,30959000,30959000,30959000
"303","1","2026084","20260824","20260828","23","1",215,0,301,86,516
"303","1","2026084","20260824","20260828","23","2",73892000,0,183556000,109664000,257448000
"303","1","2026084","20260824","20260828","24","1",0,0,0,0,0
"303","1","2026084","20260824","20260828","24","2",0,0,0,0,0
"303","1","2026084","20260824","20260828","31","1",0,0,10,10,10
"303","1","2026084","20260824","20260828","31","2",0,0,2140000,2140000,2140000
"303","1","2026084","20260824","20260828","32","1",495,0,3386,2891,3881
"303","1","2026084","20260824","20260828","32","2",89592870,0,114401490,24808620,203994360
"303","1","2026084","20260824","20260828","33","1",141,-16,125,0,266
"303","1","2026084","20260824","20260828","33","2",36350000,-3328000,33022000,0,69372000
"303","1","2026084","20260824","20260828","41","1",2,0,2,0,4
"303","1","2026084","20260824","20260828","41","2",524000,-197000,327000,0,851000
"303","1","2026084","20260824","20260828","51","1",9230,0,10366,1136,19596
"303","1","2026084","20260824","20260828","51","2",1440518800,-50581650,1389937150,0,2830455950
"303","1","2026084","20260824","20260828","60","1",87804,-3479,84325,0,172129
"303","1","2026084","20260824","20260828","60","2",81126772002,0,81480785032,354013030,162607557034
"304","1","2026084","20260824","20260828","11","1",4053,0,5067,1014,9120
"304","1","2026084","20260824","20260828","11","2",1924268000,0,2649479000,725211000,4573747000
"304","1","2026084","20260824","20260828","21","1",0,0,0,0,0
"304","1","2026084","20260824","20260828","21","2",0,0,0,0,0
"304","1","2026084","20260824","20260828","22","1",50,0,106,56,156
"304","1","2026084","20260824","20260828","22","2",24350000,0,54855000,30505000,79205000
"304","1","2026084","20260824","20260828","23","1",5,0,41,36,46
"304","1","2026084","20260824","20260828","23","2",1878000,0,18844000,16966000,20722000
"304","1","2026084","20260824","20260828","24","1",0,0,0,0,0
"304","1","2026084","20260824","20260828","24","2",0,0,0,0,0
"304","1","2026084","20260824","20260828","31","1",0,0,0,0,0
"304","1","2026084","20260824","20260828","31","2",0,0,0,0,0
"304","1","2026084","20260824","20260828","32","1",477,0,501,24,978
"304","1","2026084","20260824","20260828","32","2",86137000,-14748350,71388650,0,157525650
"304","1","2026084","20260824","20260828","33","1",147,-41,106,0,253
"304","1","2026084","20260824","20260828","33","2",28510000,0,29277000,767000,57787000
"304","1","2026084","20260824","20260828","41","1",0,0,1,1,1
"304","1","2026084","20260824","20260828","41","2",0,0,274000,274000,274000
"304","1","2026084","20260824","20260828","51","1",11577,-41,11536,0,23113
"304","1","2026084","20260824","20260828","51","2",1580341920,-68665940,1511675980,0,3092017900
"304","1","2026084","20260824","20260828","60","1",50618,-879,49739,0,100357
"304","1","2026084","20260824","20260828","60","2",50233300463,0,50963894761,730594298,101197195224
"332","1","2026084","20260824","20260828","11","1",1993,-1629,364,0,2357
"332","1","2026084","20260824","20260828","11","2",3352800,0,3699400,346600,7052200
"332","1","2026084","20260824","20260828","21","1",0,0,0,0,0
"332","1","2026084","20260824","20260828","21","2",0,0,0,0,0
"332","1","2026084","20260824","20260828","22","1",0,0,0,0,0
"332","1","2026084","20260824","20260828","22","2",0,0,0,0,0
"332","1","2026084","20260824","20260828","23","1",0,0,0,0,0
"332","1","2026084","20260824","20260828","23","2",0,0,0,0,0
"332","1","2026084","20260824","20260828","24","1",0,0,0,0,0
"332","1","2026084","20260824","20260828","24","2",0,0,0,0,0
"332","1","2026084","20260824","20260828","31","1",0,0,0,0,0
"332","1","2026084","20260824","20260828","31","2",0,0,0,0,0
"332","1","2026084","20260824","20260828","32","1",1260,0,1329,69,2589
"332","1","2026084","20260824","20260828","32","2",32373000,-2472660,29900340,0,62273340
"332","1","2026084","20260824","20260828","33","1",331,-121,210,0,541
"332","1","2026084","20260824","20260828","33","2",5515000,-3193100,2321900,0,7836900
"332","1","2026084","20260824","20260828","41","1",0,0,0,0,0
"332","1","2026084","20260824","20260828","41","2",0,0,0,0,0
"332","1","2026084","20260824","20260828","51","1",39979,-3811,36168,0,76147
"332","1","2026084","20260824","20260828","51","2",859169060,0,900439180,41270120,1759608240
"332","1","2026084","20260824","20260828","60","1",62854,0,72271,9417,135125
"332","1","2026084","20260824","20260828","60","2",2142801870,0,2292345510,149543640,4435147380
"333","1","2026084","20260824","20260828","11","1",1484,-1356,128,0,1612
"333","1","2026084","20260824","20260828","11","2",1343000,-319500,1023500,0,2366500
"333","1","2026084","20260824","20260828","21","1",0,0,0,0,0
"333","1","2026084","20260824","20260828","21","2",0,0,0,0,0
"333","1","2026084","20260824","20260828","22","1",0,0,0,0,0
"333","1","2026084","20260824","20260828","22","2",0,0,0,0,0
"333","1","2026084","20260824","20260828","23","1",0,0,0,0,0
"333","1","2026084","20260824","20260828","23","2",0,0,0,0,0
"333","1","2026084","20260824","20260828","24","1",0,0,0,0,0
"333","1","2026084","20260824","20260828","24","2",0,0,0,0,0
"333","1","2026084","20260824","20260828","31","1",0,0,0,0,0
"333","1","2026084","20260824","20260828","31","2",0,0,0,0,0
"333","1","2026084","20260824","20260828","32","1",1147,0,1156,9,2303
"333","1","2026084","20260824","20260828","32","2",27734420,-2658570,25075850,0,52810270
"333","1","2026084","20260824","20260828","33","1",141,0,151,10,292
"333","1","2026084","20260824","20260828","33","2",4743600,-2337400,2406200,0,7149800
"333","1","2026084","20260824","20260828","41","1",0,0,0,0,0
"333","1","2026084","20260824","20260828","41","2",0,0,0,0,0
"333","1","2026084","20260824","20260828","51","1",32775,-3185,29590,0,62365
"333","1","2026084","20260824","20260828","51","2",698994830,0,712367030,13372200,1411361860
"333","1","2026084","20260824","20260828","60","1",61861,0,68277,6416,130138
"333","1","2026084","20260824","20260828","60","2",2245340230,0,2315722700,70382470,4561062930
"319","1","2026084","20260824","20260828","11","1",995,-910,85,0,1080
"319","1","2026084","20260824","20260828","11","2",824275000,-796012500,28262500,0,852537500
"319","1","2026084","20260824","20260828","21","1",0,0,0,0,0
"319","1","2026084","20260824","20260828","21","2",0,0,0,0,0
"319","1","2026084","20260824","20260828","22","1",0,0,0,0,0
"319","1","2026084","20260824","20260828","22","2",0,0,0,0,0
"319","1","2026084","20260824","20260828","23","1",0,0,0,0,0
"319","1","2026084","20260824","20260828","23","2",0,0,0,0,0
"319","1","2026084","20260824","20260828","24","1",0,0,0,0,0
"319","1","2026084","20260824","20260828","24","2",0,0,0,0,0
"319","1","2026084","20260824","20260828","31","1",0,0,0,0,0
"319","1","2026084","20260824","20260828","31","2",0,0,0,0,0
"319","1","2026084","20260824","20260828","32","1",0,0,0,0,0
"319","1","2026084","20260824","20260828","32","2",0,0,0,0,0
"319","1","2026084","20260824","20260828","33","1",0,0,0,0,0
"319","1","2026084","20260824","20260828","33","2",0,0,0,0,0
"319","1","2026084","20260824","20260828","41","1",0,0,0,0,0
"319","1","2026084","20260824","20260828","41","2",0,0,0,0,0
"319","1","2026084","20260824","20260828","51","1",0,0,0,0,0
"319","1","2026084","20260824","20260828","51","2",0,0,0,0,0
"319","1","2026084","20260824","20260828","60","1",10555,0,11665,1110,22220
"319","1","2026084","20260824","20260828","60","2",9243196968,0,10129209468,886012500,19372406436
"320","1","2026084","20260824","20260828","11","1",495,0,600,105,1095
"320","1","2026084","20260824","20260828","11","2",360730000,-211730000,149000000,0,509730000
"320","1","2026084","20260824","20260828","21","1",0,0,0,0,0
"320","1","2026084","20260824","20260828","21","2",0,0,0,0,0
"320","1","2026084","20260824","20260828","22","1",0,0,0,0,0
"320","1","2026084","20260824","20260828","22","2",0,0,0,0,0
"320","1","2026084","20260824","20260828","23","1",0,0,0,0,0
"320","1","2026084","20260824","20260828","23","2",0,0,0,0,0
"320","1","2026084","20260824","20260828","24","1",0,0,0,0,0
"320","1","2026084","20260824","20260828","24","2",0,0,0,0,0
"320","1","2026084","20260824","20260828","31","1",0,0,0,0,0
"320","1","2026084","20260824","20260828","31","2",0,0,0,0,0
"320","1","2026084","20260824","20260828","32","1",0,0,0,0,0
"320","1","2026084","20260824","20260828","32","2",0,0,0,0,0
"320","1","2026084","20260824","20260828","33","1",0,0,0,0,0
"320","1","2026084","20260824","20260828","33","2",0,0,0,0,0
"320","1","2026084","20260824","20260828","41","1",0,0,0,0,0
"320","1","2026084","20260824","20260828","41","2",0,0,0,0,0
"320","1","2026084","20260824","20260828","51","1",0,0,0,0,0
"320","1","2026084","20260824","20260828","51","2",0,0,0,0,0
"320","1","2026084","20260824","20260828","60","1",4509,-305,4204,0,8713
"320","1","2026084","20260824","20260828","60","2",2919441000,0,3073171000,153730000,5992612000
"327","1","2026084","20260824","20260828","11","1",0,0,0,0,0
"327","1","2026084","20260824","20260828","11","2",0,0,0,0,0
"327","1","2026084","20260824","20260828","21","1",0,0,0,0,0
"327","1","2026084","20260824","20260828","21","2",0,0,0,0,0
"327","1","2026084","20260824","20260828","22","1",0,0,0,0,0
"327","1","2026084","20260824","20260828","22","2",0,0,0,0,0
"327","1","2026084","20260824","20260828","23","1",0,0,0,0,0
"327","1","2026084","20260824","20260828","23","2",0,0,0,0,0
"327","1","2026084","20260824","20260828","24","1",0,0,0,0,0
"327","1","2026084","20260824","20260828","24","2",0,0,0,0,0
"327","1","2026084","20260824","20260828","31","1",0,0,0,0,0
"327","1","2026084","20260824","20260828","31","2",0,0,0,0,0
"327","1","2026084","20260824","20260828","32","1",0,0,0,0,0
"327","1","2026084","20260824","20260828","32","2",0,0,0,0,0
"327","1","2026084","20260824","20260828","33","1",0,0,0,0,0
"327","1","2026084","20260824","20260828","33","2",0,0,0,0,0
"327","1","2026084","20260824","20260828","41","1",0,0,0,0,0
"327","1","2026084","20260824","20260828","41","2",0,0,0,0,0
"327","1","2026084","20260824","20260828","51","1",0,0,0,0,0
"327","1","2026084","20260824","20260828","51","2",0,0,0,0,0
"327","1","2026084","20260824","20260828","60","1",0,0,0,0,0
"327","1","2026084","20260824","20260828","60","2",0,0,0,0,0
"328","1","2026084","20260824","20260828","11","1",0,0,0,0,0
"328","1","2026084","20260824","20260828","11","2",0,0,0,0,0
"328","1","2026084","20260824","20260828","21","1",0,0,0,0,0
"328","1","2026084","20260824","20260828","21","2",0,0,0,0,0
"328","1","2026084","20260824","20260828","22","1",0,0,0,0,0
"328","1","2026084","20260824","20260828","22","2",0,0,0,0,0
"328","1","2026084","20260824","20260828","23","1",0,0,0,0,0
"328","1","2026084","20260824","20260828","23","2",0,0,0,0,0
"328","1","2026084","20260824","20260828","24","1",0,0,0,0,0
"328","1","2026084","20260824","20260828","24","2",0,0,0,0,0
"328","1","2026084","20260824","20260828","31","1",0,0,0,0,0
"328","1","2026084","20260824","20260828","31","2",0,0,0,0,0
"328","1","2026084","20260824","20260828","32","1",0,0,0,0,0
"328","1","2026084","20260824","20260828","32","2",0,0,0,0,0
"328","1","2026084","20260824","20260828","33","1",0,0,0,0,0
"328","1","2026084","20260824","20260828","33","2",0,0,0,0,0
"328","1","2026084","20260824","20260828","41","1",0,0,0,0,0
"328","1","2026084","20260824","20260828","41","2",0,0,0,0,0
"328","1","2026084","20260824","20260828","51","1",0,0,0,0,0
"328","1","2026084","20260824","20260828","51","2",0,0,0,0,0
"328","1","2026084","20260824","20260828","60","1",0,0,0,0,0
"328","1","2026084","20260824","20260828","60","2",0,0,0,0,0
"439","1","2026084","20260824","20260828","11","1",0,0,0,0,0
"439","1","2026084","20260824","20260828","11","2",0,0,0,0,0
"439","1","2026084","20260824","20260828","21","1",0,0,0,0,0
"439","1","2026084","20260824","20260828","21","2",0,0,0,0,0
"439","1","2026084","20260824","20260828","22","1",0,0,0,0,0
"439","1","2026084","20260824","20260828","22","2",0,0,0,0,0
"439","1","2026084","20260824","20260828","23","1",0,0,0,0,0
"439","1","2026084","20260824","20260828","23","2",0,0,0,0,0
"439","1","2026084","20260824","20260828","24","1",0,0,0,0,0
"439","1","2026084","20260824","20260828","24","2",0,0,0,0,0
"439","1","2026084","20260824","20260828","31","1",0,0,0,0,0
"439","1","2026084","20260824","20260828","31","2",0,0,0,0,0
"439","1","2026084","20260824","20260828","32","1",0,0,0,0,0
"439","1","2026084","20260824","20260828","32","2",0,0,0,0,0
"439","1","2026084","20260824","20260828","33","1",0,0,0,0,0
"439","1","2026084","20260824","20260828","33","2",0,0,0,0,0
"439","1","2026084","20260824","20260828","41","1",0,0,0,0,0
"439","1","2026084","20260824","20260828","41","2",0,0,0,0,0
"439","1","2026084","20260824","20260828","51","1",0,0,0,0,0
"439","1","2026084","20260824","20260828","51","2",0,0,0,0,0
"439","1","2026084","20260824","20260828","60","1",0,0,0,0,0
"439","1","2026084","20260824","20260828","60","2",0,0,0,0,0
"440","1","2026084","20260824","20260828","11","1",0,0,0,0,0
"440","1","2026084","20260824","20260828","11","2",0,0,0,0,0
"440","1","2026084","20260824","20260828","21","1",0,0,0,0,0
"440","1","2026084","20260824","20260828","21","2",0,0,0,0,0
"440","1","2026084","20260824","20260828","22","1",0,0,0,0,0
"440","1","2026084","20260824","20260828","22","2",0,0,0,0,0
"440","1","2026084","20260824","20260828","23","1",0,0,0,0,0
"440","1","2026084","20260824","20260828","23","2",0,0,0,0,0
"440","1","2026084","20260824","20260828","24","1",0,0,0,0,0
"440","1","2026084","20260824","20260828","24","2",0,0,0,0,0
"440","1","2026084","20260824","20260828","31","1",0,0,0,0,0
"440","1","2026084","20260824","20260828","31","2",0,0,0,0,0
"440","1","2026084","20260824","20260828","32","1",0,0,0,0,0
"440","1","2026084","20260824","20260828","32","2",0,0,0,0,0
"440","1","2026084","20260824","20260828","33","1",0,0,0,0,0
"440","1","2026084","20260824","20260828","33","2",0,0,0,0,0
"440","1","2026084","20260824","20260828","41","1",0,0,0,0,0
"440","1","2026084","20260824","20260828","41","2",0,0,0,0,0
"440","1","2026084","20260824","20260828","51","1",0,0,0,0,0
"440","1","2026084","20260824","20260828","51","2",0,0,0,0,0
"440","1","2026084","20260824","20260828","60","1",0,0,0,0,0
"440","1","2026084","20260824","20260828","60","2",0,0,0,0,0
"441","1","2026084","20260824","20260828","11","1",0,0,0,0,0
"441","1","2026084","20260824","20260828","11","2",0,0,0,0,0
"441","1","2026084","20260824","20260828","21","1",0,0,0,0,0
"441","1","2026084","20260824","20260828","21","2",0,0,0,0,0
"441","1","2026084","20260824","20260828","22","1",0,0,0,0,0
"441","1","2026084","20260824","20260828","22","2",0,0,0,0,0
"441","1","2026084","20260824","20260828","23","1",0,0,0,0,0
"441","1","2026084","20260824","20260828","23","2",0,0,0,0,0
"441","1","2026084","20260824","20260828","24","1",0,0,0,0,0
"441","1","2026084","20260824","20260828","24","2",0,0,0,0,0
"441","1","2026084","20260824","20260828","31","1",0,0,0,0,0
"441","1","2026084","20260824","20260828","31","2",0,0,0,0,0
"441","1","2026084","20260824","20260828","32","1",0,0,0,0,0
"441","1","2026084","20260824","20260828","32","2",0,0,0,0,0
"441","1","2026084","20260824","20260828","33","1",0,0,0,0,0
"441","1","2026084","20260824","20260828","33","2",0,0,0,0,0
"441","1","2026084","20260824","20260828","41","1",0,0,0,0,0
"441","1","2026084","20260824","20260828","41","2",0,0,0,0,0
"441","1","2026084","20260824","20260828","51","1",0,0,0,0,0
"441","1","2026084","20260824","20260828","51","2",0,0,0,0,0
"441","1","2026084","20260824","20260828","60","1",0,0,0,0,0
"441","1","2026084","20260824","20260828","60","2",0,0,0,0,0
"442","1","2026084","20260824","20260828","11","1",0,0,0,0,0
"442","1","2026084","20260824","20260828","11","2",0,0,0,0,0
"442","1","2026084","20260824","20260828","21","1",0,0,0,0,0
"442","1","2026084","20260824","20260828","21","2",0,0,0,0,0
"442","1","2026084","20260824","20260828","22","1",0,0,0,0,0
"442","1","2026084","20260824","20260828","22","2",0,0,0,0,0
"442","1","2026084","20260824","20260828","23","1",0,0,0,0,0
"442","1","2026084","20260824","20260828","23","2",0,0,0,0,0
"442","1","2026084","20260824","20260828","24","1",0,0,0,0,0
"442","1","2026084","20260824","20260828","24","2",0,0,0,0,0
"442","1","2026084","20260824","20260828","31","1",0,0,0,0,0
"442","1","2026084","20260824","20260828","31","2",0,0,0,0,0
"442","1","2026084","20260824","20260828","32","1",0,0,0,0,0
"442","1","2026084","20260824","20260828","32","2",0,0,0,0,0
"442","1","2026084","20260824","20260828","33","1",0,0,0,0,0
"442","1","2026084","20260824","20260828","33","2",0,0,0,0,0
"442","1","2026084","20260824","20260828","41","1",0,0,0,0,0
"442","1","2026084","20260824","20260828","41","2",0,0,0,0,0
"442","1","2026084","20260824","20260828","51","1",0,0,0,0,0
"442","1","2026084","20260824","20260828","51","2",0,0,0,0,0
"442","1","2026084","20260824","20260828","60","1",0,0,0,0,0
"442","1","2026084","20260824","20260828","60","2",0,0,0,0,0
"321","1","2026084","20260824","20260828","11","1",138,-31,107,0,245
"321","1","2026084","20260824","20260828","11","2",17740000,0,19210000,1470000,36950000
"321","1","2026084","20260824","20260828","21","1",0,0,0,0,0
"321","1","2026084","20260824","20260828","21","2",0,0,0,0,0
"321","1","2026084","20260824","20260828","22","1",30,-30,0,0,30
"321","1","2026084","20260824","20260828","22","2",4800000,-4800000,0,0,4800000
"321","1","2026084","20260824","20260828","23","1",17,-9,8,0,25
"321","1","2026084","20260824","20260828","23","2",2210000,-2050000,160000,0,2370000
"321","1","2026084","20260824","20260828","24","1",0,0,0,0,0
"321","1","2026084","20260824","20260828","24","2",0,0,0,0,0
"321","1","2026084","20260824","20260828","31","1",50,-50,0,0,50
"321","1","2026084","20260824","20260828","31","2",6500000,-6500000,0,0,6500000
"321","1","2026084","20260824","20260828","32","1",0,0,0,0,0
"321","1","2026084","20260824","20260828","32","2",0,0,0,0,0
"321","1","2026084","20260824","20260828","33","1",0,0,0,0,0
"321","1","2026084","20260824","20260828","33","2",0,0,0,0,0
"321","1","2026084","20260824","20260828","41","1",0,0,0,0,0
"321","1","2026084","20260824","20260828","41","2",0,0,0,0,0
"321","1","2026084","20260824","20260828","51","1",0,0,1,1,1
"321","1","2026084","20260824","20260828","51","2",0,0,10000,10000,10000
"321","1","2026084","20260824","20260828","60","1",36,0,175,139,211
"321","1","2026084","20260824","20260828","60","2",7320000,0,22540000,15220000,29860000
"322","1","2026084","20260824","20260828","11","1",165,-47,118,0,283
"322","1","2026084","20260824","20260828","11","2",12380000,0,24560000,12180000,36940000
"322","1","2026084","20260824","20260828","21","1",0,0,0,0,0
"322","1","2026084","20260824","20260828","21","2",0,0,0,0,0
"322","1","2026084","20260824","20260828","22","1",30,-30,0,0,30
"322","1","2026084","20260824","20260828","22","2",3300000,-3300000,0,0,3300000
"322","1","2026084","20260824","20260828","23","1",0,0,0,0,0
"322","1","2026084","20260824","20260828","23","2",0,0,0,0,0
"322","1","2026084","20260824","20260828","24","1",0,0,0,0,0
"322","1","2026084","20260824","20260828","24","2",0,0,0,0,0
"322","1","2026084","20260824","20260828","31","1",0,0,0,0,0
"322","1","2026084","20260824","20260828","31","2",0,0,0,0,0
"322","1","2026084","20260824","20260828","32","1",0,0,0,0,0
"322","1","2026084","20260824","20260828","32","2",0,0,0,0,0
"322","1","2026084","20260824","20260828","33","1",0,0,0,0,0
"322","1","2026084","20260824","20260828","33","2",0,0,0,0,0
"322","1","2026084","20260824","20260828","41","1",0,0,0,0,0
"322","1","2026084","20260824","20260828","41","2",0,0,0,0,0
"322","1","2026084","20260824","20260828","51","1",0,0,0,0,0
"322","1","2026084","20260824","20260828","51","2",0,0,0,0,0
"322","1","2026084","20260824","20260828","60","1",274,0,487,213,761
"322","1","2026084","20260824","20260828","60","2",16870000,0,23350000,6480000,40220000
"307","1","2026084","20260824","20260828","11","1",20565,-18885,1680,0,22245
"307","1","2026084","20260824","20260828","11","2",127025600,-14504100,112521500,0,239547100
"307","1","2026084","20260824","20260828","21","1",0,0,0,0,0
"307","1","2026084","20260824","20260828","21","2",0,0,0,0,0
"307","1","2026084","20260824","20260828","22","1",0,0,0,0,0
"307","1","2026084","20260824","20260828","22","2",0,0,0,0,0
"307","1","2026084","20260824","20260828","23","1",0,0,0,0,0
"307","1","2026084","20260824","20260828","23","2",0,0,0,0,0
"307","1","2026084","20260824","20260828","24","1",0,0,0,0,0
"307","1","2026084","20260824","20260828","24","2",0,0,0,0,0
"307","1","2026084","20260824","20260828","31","1",0,0,0,0,0
"307","1","2026084","20260824","20260828","31","2",0,0,0,0,0
"307","1","2026084","20260824","20260828","32","1",2010,0,4000,1990,6010
"307","1","2026084","20260824","20260828","32","2",3212450,0,4558000,1345550,7770450
"307","1","2026084","20260824","20260828","33","1",0,0,0,0,0
"307","1","2026084","20260824","20260828","33","2",0,0,0,0,0
"307","1","2026084","20260824","20260828","41","1",0,0,0,0,0
"307","1","2026084","20260824","20260828","41","2",0,0,0,0,0
"307","1","2026084","20260824","20260828","51","1",253,-170,83,0,336
"307","1","2026084","20260824","20260828","51","2",2846530,-2348396,498134,0,3344664
"307","1","2026084","20260824","20260828","60","1",7868,0,25333,17465,33201
"307","1","2026084","20260824","20260828","60","2",345630399,0,366577955,20947556,712208354
"308","1","2026084","20260824","20260828","11","1",8420,-2390,6030,0,14450
"308","1","2026084","20260824","20260828","11","2",17675500,0,71440000,53764500,89115500
"308","1","2026084","20260824","20260828","21","1",0,0,0,0,0
"308","1","2026084","20260824","20260828","21","2",0,0,0,0,0
"308","1","2026084","20260824","20260828","22","1",0,0,0,0,0
"308","1","2026084","20260824","20260828","22","2",0,0,0,0,0
"308","1","2026084","20260824","20260828","23","1",0,0,0,0,0
"308","1","2026084","20260824","20260828","23","2",0,0,0,0,0
"308","1","2026084","20260824","20260828","24","1",0,0,0,0,0
"308","1","2026084","20260824","20260828","24","2",0,0,0,0,0
"308","1","2026084","20260824","20260828","31","1",0,0,0,0,0
"308","1","2026084","20260824","20260828","31","2",0,0,0,0,0
"308","1","2026084","20260824","20260828","32","1",2,0,6054,6052,6056
"308","1","2026084","20260824","20260828","32","2",11710,0,8409190,8397480,8420900
"308","1","2026084","20260824","20260828","33","1",0,0,0,0,0
"308","1","2026084","20260824","20260828","33","2",0,0,0,0,0
"308","1","2026084","20260824","20260828","41","1",0,0,0,0,0
"308","1","2026084","20260824","20260828","41","2",0,0,0,0,0
"308","1","2026084","20260824","20260828","51","1",1747,-1363,384,0,2131
"308","1","2026084","20260824","20260828","51","2",2943794,-609071,2334723,0,5278517
"308","1","2026084","20260824","20260828","60","1",13868,-2089,11779,0,25647
"308","1","2026084","20260824","20260828","60","2",201251233,-60580750,140670483,0,341921716
"413","1","2026084","20260824","20260828","11","1",0,0,0,0,0
"413","1","2026084","20260824","20260828","11","2",0,0,0,0,0
"413","1","2026084","20260824","20260828","21","1",0,0,0,0,0
"413","1","2026084","20260824","20260828","21","2",0,0,0,0,0
"413","1","2026084","20260824","20260828","22","1",0,0,0,0,0
"413","1","2026084","20260824","20260828","22","2",0,0,0,0,0
"413","1","2026084","20260824","20260828","23","1",0,0,0,0,0
"413","1","2026084","20260824","20260828","23","2",0,0,0,0,0
"413","1","2026084","20260824","20260828","24","1",0,0,0,0,0
"413","1","2026084","20260824","20260828","24","2",0,0,0,0,0
"413","1","2026084","20260824","20260828","31","1",0,0,0,0,0
"413","1","2026084","20260824","20260828","31","2",0,0,0,0,0
"413","1","2026084","20260824","20260828","32","1",0,0,0,0,0
"413","1","2026084","20260824","20260828","32","2",0,0,0,0,0
"413","1","2026084","20260824","20260828","33","1",0,0,0,0,0
"413","1","2026084","20260824","20260828","33","2",0,0,0,0,0
"413","1","2026084","20260824","20260828","41","1",0,0,0,0,0
"413","1","2026084","20260824","20260828","41","2",0,0,0,0,0
"413","1","2026084","20260824","20260828","51","1",0,0,0,0,0
"413","1","2026084","20260824","20260828","51","2",0,0,0,0,0
"413","1","2026084","20260824","20260828","60","1",0,0,0,0,0
"413","1","2026084","20260824","20260828","60","2",0,0,0,0,0
"414","1","2026084","20260824","20260828","11","1",0,0,0,0,0
"414","1","2026084","20260824","20260828","11","2",0,0,0,0,0
"414","1","2026084","20260824","20260828","21","1",0,0,0,0,0
"414","1","2026084","20260824","20260828","21","2",0,0,0,0,0
"414","1","2026084","20260824","20260828","22","1",0,0,0,0,0
"414","1","2026084","20260824","20260828","22","2",0,0,0,0,0
"414","1","2026084","20260824","20260828","23","1",0,0,0,0,0
"414","1","2026084","20260824","20260828","23","2",0,0,0,0,0
"414","1","2026084","20260824","20260828","24","1",0,0,0,0,0
"414","1","2026084","20260824","20260828","24","2",0,0,0,0,0
"414","1","2026084","20260824","20260828","31","1",0,0,0,0,0
"414","1","2026084","20260824","20260828","31","2",0,0,0,0,0
"414","1","2026084","20260824","20260828","32","1",0,0,0,0,0
"414","1","2026084","20260824","20260828","32","2",0,0,0,0,0
"414","1","2026084","20260824","20260828","33","1",0,0,0,0,0
"414","1","2026084","20260824","20260828","33","2",0,0,0,0,0
"414","1","2026084","20260824","20260828","41","1",0,0,0,0,0
"414","1","2026084","20260824","20260828","41","2",0,0,0,0,0
"414","1","2026084","20260824","20260828","51","1",0,0,0,0,0
"414","1","2026084","20260824","20260828","51","2",0,0,0,0,0
"414","1","2026084","20260824","20260828","60","1",0,0,0,0,0
"414","1","2026084","20260824","20260828","60","2",0,0,0,0,0
