"帳票種別 Product type","サイクル区分 Cycle","年月週 Year, Month, Week","報告年月日（自）Period covered - from","報告年月日（至）Period covered - to","投資部門コード Type of Investor","数量金額区分 Volume/Value","売 Sales","売-差引 Balance","買 Purchases","買-差引 Balance","合計 Total"
"301","1","2026094","20260924","20260925","11","1",4951,-601,4350,0,9301
"301","1","2026094","20260924","20260925","11","2",325448912211,-39705508250,285743403961,0,611192316172
"301","1","2026094","20260924","20260925","21","1",0,0,0,0,0
"301","1","2026094","20260924","20260925","21","2",0,0,0,0,0
"301","1","2026094","20260924","20260925","22","1",22,-2,20,0,42
"301","1","2026094","20260924","20260925","22","2",1452280000,-137110000,1315170000,0,2767450000
"301","1","2026094","20260924","20260925","23","1",1573,-677,896,0,2469
"301","1","2026094","20260924","20260925","23","2",103733036000,-44654487170,59078548830,0,162811584830
"301","1","2026094","20260924","20260925","24","1",14,-12,2,0,16
"301","1","2026094","20260924","20260925","24","2",922980000,-791980000,131000000,0,1053980000
"301","1","2026094","20260924","20260925","31","1",431,-8,423,0,854
"301","1","2026094","20260924","20260925","31","2",28310079000,-394497000,27915582000,0,56225661000
"301","1","2026094","20260924","20260925","32","1",896,-424,472,0,1368
"301","1","2026094","20260924","20260925","32","2",59333558100,-28188842500,31144715600,0,90478273700
"301","1","2026094","20260924","20260925","33","1",63,0,68,5,131
"301","1","2026094","20260924","20260925","33","2",4166970300,0,4499340000,332369700,8666310300
"301","1","2026094","20260924","20260925","41","1",0,0,0,0,0
"301","1","2026094","20260924","20260925","41","2",0,0,0,0,0
"301","1","2026094","20260924","20260925","51","1",8396,-261,8135,0,16531
"301","1","2026094","20260924","20260925","51","2",553478669100,-17418447900,536060221200,0,1089538890300
"301","1","2026094","20260924","20260925","60","1",62077,0,64515,2438,126592
"301","1","2026094","20260924","20260925","60","2",4086315203514,0,4248019527634,161704324120,8334334731148
"313","1","2026094","20260924","20260925","11","1",9200,-62,9138,0,18338
"313","1","2026094","20260924","20260925","11","2",60440290500,-473858500,59966432000,0,120406722500
"313","1","2026094","20260924","20260925","21","1",0,0,0,0,0
"313","1","2026094","20260924","20260925","21","2",0,0,0,0,0
"313","1","2026094","20260924","20260925","22","1",0,0,0,0,0
"313","1","2026094","20260924","20260925","22","2",0,0,0,0,0
"313","1","2026094","20260924","20260925","23","1",59,-40,19,0,78
"313","1","2026094","20260924","20260925","23","2",385995500,-261218750,124776750,0,510772250
"313","1","2026094","20260924","20260925","24","1",0,0,0,0,0
"313","1","2026094","20260924","20260925","24","2",0,0,0,0,0
"313","1","2026094","20260924","20260925","31","1",64,-43,21,0,85
"313","1","2026094","20260924","20260925","31","2",421253500,-283600500,137653000,0,558906500
"313","1","2026094","20260924","20260925","32","1",26384,0,27100,716,53484
"313","1","2026094","20260924","20260925","32","2",173883145780,0,178656816530,4773670750,352539962310
"313","1","2026094","20260924","20260925","33","1",2067,0,2116,49,4183
"313","1","2026094","20260924","20260925","33","2",13662728180,0,13983375730,320647550,27646103910
"313","1","2026094","20260924","20260925","41","1",10,-10,0,0,10
"313","1","2026094","20260924","20260925","41","2",66154500,-66154500,0,0,66154500
"313","1","2026094","20260924","20260925","51","1",445195,-1670,443525,0,888720
"313","1","2026094","20260924","20260925","51","2",2934150629720,-11415574820,2922735054900,0,5856885684620
"313","1","2026094","20260924","20260925","60","1",1377108,0,1380190,3082,2757298
"313","1","2026094","20260924","20260925","60","2",9067708253130,0,9088355360950,20647107820,18156063614080
"331","1","2026094","20260924","20260925","11","1",5,-5,0,0,5
"331","1","2026094","20260924","20260925","11","2",3299750,-3299750,0,0,3299750
"331","1","2026094","20260924","20260925","21","1",0,0,0,0,0
"331","1","2026094","20260924","20260925","21","2",0,0,0,0,0
"331","1","2026094","20260924","20260925","22","1",0,0,0,0,0
"331","1","2026094","20260924","20260925","22","2",0,0,0,0,0
"331","1","2026094","20260924","20260925","23","1",0,0,0,0,0
"331","1","2026094","20260924","20260925","23","2",0,0,0,0,0
"331","1","2026094","20260924","20260925","24","1",0,0,0,0,0
"331","1","2026094","20260924","20260925","24","2",0,0,0,0,0
"331","1","2026094","20260924","20260925","31","1",0,0,0,0,0
"331","1","2026094","20260924","20260925","31","2",0,0,0,0,0
"331","1","2026094","20260924","20260925","32","1",5070,0,5130,60,10200
"331","1","2026094","20260924","20260925","32","2",3344571050,0,3380207650,35636600,6724778700
"331","1","2026094","20260924","20260925","33","1",2017,-84,1933,0,3950
"331","1","2026094","20260924","20260925","33","2",1330246050,-55575750,1274670300,0,2604916350
"331","1","2026094","20260924","20260925","41","1",0,0,0,0,0
"331","1","2026094","20260924","20260925","41","2",0,0,0,0,0
"331","1","2026094","20260924","20260925","51","1",1038042,-4502,1033540,0,2071582
"331","1","2026094","20260924","20260925","51","2",684356955750,-3038247500,681318708250,0,1365675664000
"331","1","2026094","20260924","20260925","60","1",2201365,0,2207372,6007,4408737
"331","1","2026094","20260924","20260925","60","2",1450263677700,0,1454319368800,4055691100,2904583046500
"314","1","2026094","20260924","20260925","11","1",22817,-14519,8298,0,31115
"314","1","2026094","20260924","20260925","11","2",932638985015,-593920894106,338718090909,0,1271357075924
"314","1","2026094","20260924","20260925","21","1",31,-29,2,0,33
"314","1","2026094","20260924","20260925","21","2",1272455000,-1190295000,82160000,0,1354615000
"314","1","2026094","20260924","20260925","22","1",48,0,487,439,535
"314","1","2026094","20260924","20260925","22","2",1960405000,0,19916595000,17956190000,21877000000
"314","1","2026094","20260924","20260925","23","1",1304,0,5201,3897,6505
"314","1","2026094","20260924","20260925","23","2",53155640000,0,212635081000,159479441000,265790721000
"314","1","2026094","20260924","20260925","24","1",0,0,0,0,0
"314","1","2026094","20260924","20260925","24","2",0,0,0,0,0
"314","1","2026094","20260924","20260925","31","1",242,-109,133,0,375
"314","1","2026094","20260924","20260925","31","2",9902582000,-4475508000,5427074000,0,15329656000
"314","1","2026094","20260924","20260925","32","1",192,-59,133,0,325
"314","1","2026094","20260924","20260925","32","2",7864185000,-2426508000,5437677000,0,13301862000
"314","1","2026094","20260924","20260925","33","1",34,-3,31,0,65
"314","1","2026094","20260924","20260925","33","2",1395237000,-122452000,1272785000,0,2668022000
"314","1","2026094","20260924","20260925","41","1",2,-2,0,0,2
"314","1","2026094","20260924","20260925","41","2",82175000,-82175000,0,0,82175000
"314","1","2026094","20260924","20260925","51","1",1239,-326,913,0,2152
"314","1","2026094","20260924","20260925","51","2",50771715000,-13436683000,37335032000,0,88106747000
"314","1","2026094","20260924","20260925","60","1",154121,0,165161,11040,319282
"314","1","2026094","20260924","20260925","60","2",6303870451394,0,6755591061500,451720610106,13059461512894
"316","1","2026094","20260924","20260925","11","1",1452,-129,1323,0,2775
"316","1","2026094","20260924","20260925","11","2",5932420490,-517382490,5415038000,0,11347458490
"316","1","2026094","20260924","20260925","21","1",0,0,0,0,0
"316","1","2026094","20260924","20260925","21","2",0,0,0,0,0
"316","1","2026094","20260924","20260925","22","1",0,0,0,0,0
"316","1","2026094","20260924","20260925","22","2",0,0,0,0,0
"316","1","2026094","20260924","20260925","23","1",216,-125,91,0,307
"316","1","2026094","20260924","20260925","23","2",882979000,-511720500,371258500,0,1254237500
"316","1","2026094","20260924","20260925","24","1",0,0,0,0,0
"316","1","2026094","20260924","20260925","24","2",0,0,0,0,0
"316","1","2026094","20260924","20260925","31","1",204,0,225,21,429
"316","1","2026094","20260924","20260925","31","2",829807250,0,922590240,92782990,1752397490
"316","1","2026094","20260924","20260925","32","1",210,-6,204,0,414
"316","1","2026094","20260924","20260925","32","2",861245500,-24517750,836727750,0,1697973250
"316","1","2026094","20260924","20260925","33","1",46,-1,45,0,91
"316","1","2026094","20260924","20260925","33","2",188663400,-4027750,184635650,0,373299050
"316","1","2026094","20260924","20260925","41","1",0,0,0,0,0
"316","1","2026094","20260924","20260925","41","2",0,0,0,0,0
"316","1","2026094","20260924","20260925","51","1",7927,-139,7788,0,15715
"316","1","2026094","20260924","20260925","51","2",32503267500,-578104150,31925163350,0,64428430850
"316","1","2026094","20260924","20260925","60","1",57053,0,57477,424,114530
"316","1","2026094","20260924","20260925","60","2",233576174850,0,235311091050,1734916200,468887265900
"335","1","2026094","20260924","20260925","11","1",0,0,0,0,0
"335","1","2026094","20260924","20260925","11","2",0,0,0,0,0
"335","1","2026094","20260924","20260925","21","1",0,0,0,0,0
"335","1","2026094","20260924","20260925","21","2",0,0,0,0,0
"335","1","2026094","20260924","20260925","22","1",0,0,0,0,0
"335","1","2026094","20260924","20260925","22","2",0,0,0,0,0
"335","1","2026094","20260924","20260925","23","1",0,0,0,0,0
"335","1","2026094","20260924","20260925","23","2",0,0,0,0,0
"335","1","2026094","20260924","20260925","24","1",0,0,0,0,0
"335","1","2026094","20260924","20260925","24","2",0,0,0,0,0
"335","1","2026094","20260924","20260925","31","1",0,0,0,0,0
"335","1","2026094","20260924","20260925","31","2",0,0,0,0,0
"335","1","2026094","20260924","20260925","32","1",0,0,0,0,0
"335","1","2026094","20260924","20260925","32","2",0,0,0,0,0
"335","1","2026094","20260924","20260925","33","1",0,0,0,0,0
"335","1","2026094","20260924","20260925","33","2",0,0,0,0,0
"335","1","2026094","20260924","20260925","41","1",0,0,0,0,0
"335","1","2026094","20260924","20260925","41","2",0,0,0,0,0
"335","1","2026094","20260924","20260925","51","1",0,0,0,0,0
"335","1","2026094","20260924","20260925","51","2",0,0,0,0,0
"335","1","2026094","20260924","20260925","60","1",0,0,0,0,0
"335","1","2026094","20260924","20260925","60","2",0,0,0,0,0
"323","1","2026094","20260924","20260925","11","1",984,0,993,9,1977
"323","1","2026094","20260924","20260925","11","2",3617747922,0,3647098399,29350477,7264846321
"323","1","2026094","20260924","20260925","21","1",0,0,0,0,0
"323","1","2026094","20260924","20260925","21","2",0,0,0,0,0
"323","1","2026094","20260924","20260925","22","1",0,0,0,0,0
"323","1","2026094","20260924","20260925","22","2",0,0,0,0,0
"323","1","2026094","20260924","20260925","23","1",70,0,78,8,148
"323","1","2026094","20260924","20260925","23","2",257180000,0,286794523,29614523,543974523
"323","1","2026094","20260924","20260925","24","1",0,0,0,0,0
"323","1","2026094","20260924","20260925","24","2",0,0,0,0,0
"323","1","2026094","20260924","20260925","31","1",19,-11,8,0,27
"323","1","2026094","20260924","20260925","31","2",69565000,-40252500,29312500,0,98877500
"323","1","2026094","20260924","20260925","32","1",0,0,0,0,0
"323","1","2026094","20260924","20260925","32","2",0,0,0,0,0
"323","1","2026094","20260924","20260925","33","1",0,0,0,0,0
"323","1","2026094","20260924","20260925","33","2",0,0,0,0,0
"323","1","2026094","20260924","20260925","41","1",0,0,0,0,0
"323","1","2026094","20260924","20260925","41","2",0,0,0,0,0
"323","1","2026094","20260924","20260925","51","1",692,-337,355,0,1047
"323","1","2026094","20260924","20260925","51","2",2537902530,-1235745090,1302157440,0,3840059970
"323","1","2026094","20260924","20260925","60","1",4472,0,5629,1157,10101
"323","1","2026094","20260924","20260925","60","2",16405646500,0,20648871500,4243225000,37054518000
"449","1","2026094","20260924","20260925","11","1",567,-395,172,0,739
"449","1","2026094","20260924","20260925","11","2",4206496362,-2918077962,1288418400,0,5494914762
"449","1","2026094","20260924","20260925","21","1",0,0,0,0,0
"449","1","2026094","20260924","20260925","21","2",0,0,0,0,0
"449","1","2026094","20260924","20260925","22","1",0,0,0,0,0
"449","1","2026094","20260924","20260925","22","2",0,0,0,0,0
"449","1","2026094","20260924","20260925","23","1",0,0,0,0,0
"449","1","2026094","20260924","20260925","23","2",0,0,0,0,0
"449","1","2026094","20260924","20260925","24","1",0,0,0,0,0
"449","1","2026094","20260924","20260925","24","2",0,0,0,0,0
"449","1","2026094","20260924","20260925","31","1",0,0,0,0,0
"449","1","2026094","20260924","20260925","31","2",0,0,0,0,0
"449","1","2026094","20260924","20260925","32","1",0,0,0,0,0
"449","1","2026094","20260924","20260925","32","2",0,0,0,0,0
"449","1","2026094","20260924","20260925","33","1",0,0,0,0,0
"449","1","2026094","20260924","20260925","33","2",0,0,0,0,0
"449","1","2026094","20260924","20260925","41","1",0,0,0,0,0
"449","1","2026094","20260924","20260925","41","2",0,0,0,0,0
"449","1","2026094","20260924","20260925","51","1",0,0,0,0,0
"449","1","2026094","20260924","20260925","51","2",0,0,0,0,0
"449","1","2026094","20260924","20260925","60","1",437,0,832,395,1269
"449","1","2026094","20260924","20260925","60","2",3257338400,0,6175416362,2918077962,9432754762
"329","1","2026094","20260924","20260925","11","1",180,0,214,34,394
"329","1","2026094","20260924","20260925","11","2",311493500,0,368843340,57349840,680336840
"329","1","2026094","20260924","20260925","21","1",0,0,0,0,0
"329","1","2026094","20260924","20260925","21","2",0,0,0,0,0
"329","1","2026094","20260924","20260925","22","1",0,0,0,0,0
"329","1","2026094","20260924","20260925","22","2",0,0,0,0,0
"329","1","2026094","20260924","20260925","23","1",3,0,14,11,17
"329","1","2026094","20260924","20260925","23","2",5174840,0,24267000,19092160,29441840
"329","1","2026094","20260924","20260925","24","1",0,0,0,0,0
"329","1","2026094","20260924","20260925","24","2",0,0,0,0,0
"329","1","2026094","20260924","20260925","31","1",222,-98,124,0,346
"329","1","2026094","20260924","20260925","31","2",381972000,-166753000,215219000,0,597191000
"329","1","2026094","20260924","20260925","32","1",0,0,0,0,0
"329","1","2026094","20260924","20260925","32","2",0,0,0,0,0
"329","1","2026094","20260924","20260925","33","1",0,0,0,0,0
"329","1","2026094","20260924","20260925","33","2",0,0,0,0,0
"329","1","2026094","20260924","20260925","41","1",0,0,0,0,0
"329","1","2026094","20260924","20260925","41","2",0,0,0,0,0
"329","1","2026094","20260924","20260925","51","1",41,0,138,97,179
"329","1","2026094","20260924","20260925","51","2",70920000,0,237550500,166630500,308470500
"329","1","2026094","20260924","20260925","60","1",147,-44,103,0,250
"329","1","2026094","20260924","20260925","60","2",254207000,-76308500,177898500,0,432105500
"312","1","2026094","20260924","20260925","11","1",0,0,0,0,0
"312","1","2026094","20260924","20260925","11","2",0,0,0,0,0
"312","1","2026094","20260924","20260925","21","1",0,0,0,0,0
"312","1","2026094","20260924","20260925","21","2",0,0,0,0,0
"312","1","2026094","20260924","20260925","22","1",0,0,0,0,0
"312","1","2026094","20260924","20260925","22","2",0,0,0,0,0
"312","1","2026094","20260924","20260925","23","1",0,0,0,0,0
"312","1","2026094","20260924","20260925","23","2",0,0,0,0,0
"312","1","2026094","20260924","20260925","24","1",0,0,0,0,0
"312","1","2026094","20260924","20260925","24","2",0,0,0,0,0
"312","1","2026094","20260924","20260925","31","1",0,0,0,0,0
"312","1","2026094","20260924","20260925","31","2",0,0,0,0,0
"312","1","2026094","20260924","20260925","32","1",0,0,0,0,0
"312","1","2026094","20260924","20260925","32","2",0,0,0,0,0
"312","1","2026094","20260924","20260925","33","1",0,0,0,0,0
"312","1","2026094","20260924","20260925","33","2",0,0,0,0,0
"312","1","2026094","20260924","20260925","41","1",0,0,0,0,0
"312","1","2026094","20260924","20260925","41","2",0,0,0,0,0
"312","1","2026094","20260924","20260925","51","1",0,0,0,0,0
"312","1","2026094","20260924","20260925","51","2",0,0,0,0,0
"312","1","2026094","20260924","20260925","60","1",0,0,0,0,0
"312","1","2026094","20260924","20260925","60","2",0,0,0,0,0
"324","1","2026094","20260924","20260925","11","1",101,-44,57,0,158
"324","1","2026094","20260924","20260925","11","2",81107320,-35365720,45741600,0,126848920
"324","1","2026094","20260924","20260925","21","1",0,0,0,0,0
"324","1","2026094","20260924","20260925","21","2",0,0,0,0,0
"324","1","2026094","20260924","20260925","22","1",0,0,0,0,0
"324","1","2026094","20260924","20260925","22","2",0,0,0,0,0
"324","1","2026094","20260924","20260925","23","1",22,-6,16,0,38
"324","1","2026094","20260924","20260925","23","2",17581600,-4822280,12759320,0,30340920
"324","1","2026094","20260924","20260925","24","1",0,0,0,0,0
"324","1","2026094","20260924","20260925","24","2",0,0,0,0,0
"324","1","2026094","20260924","20260925","31","1",0,0,0,0,0
"324","1","2026094","20260924","20260925","31","2",0,0,0,0,0
"324","1","2026094","20260924","20260925","32","1",115,0,123,8,238
"324","1","2026094","20260924","20260925","32","2",91625000,0,98272000,6647000,189897000
"324","1","2026094","20260924","20260925","33","1",16,-10,6,0,22
"324","1","2026094","20260924","20260925","33","2",12780100,-8022200,4757900,0,17538000
"324","1","2026094","20260924","20260925","41","1",0,0,0,0,0
"324","1","2026094","20260924","20260925","41","2",0,0,0,0,0
"324","1","2026094","20260924","20260925","51","1",2147,-223,1924,0,4071
"324","1","2026094","20260924","20260925","51","2",1713360800,-180417900,1532942900,0,3246303700
"324","1","2026094","20260924","20260925","60","1",3107,0,3312,205,6419
"324","1","2026094","20260924","20260925","60","2",2478232000,0,2644430000,166198000,5122662000
"309","1","2026094","20260924","20260925","11","1",19,-14,5,0,24
"309","1","2026094","20260924","20260925","11","2",98331900,-72498000,25833900,0,124165800
"309","1","2026094","20260924","20260925","21","1",0,0,0,0,0
"309","1","2026094","20260924","20260925","21","2",0,0,0,0,0
"309","1","2026094","20260924","20260925","22","1",0,0,0,0,0
"309","1","2026094","20260924","20260925","22","2",0,0,0,0,0
"309","1","2026094","20260924","20260925","23","1",0,0,0,0,0
"309","1","2026094","20260924","20260925","23","2",0,0,0,0,0
"309","1","2026094","20260924","20260925","24","1",0,0,0,0,0
"309","1","2026094","20260924","20260925","24","2",0,0,0,0,0
"309","1","2026094","20260924","20260925","31","1",0,0,0,0,0
"309","1","2026094","20260924","20260925","31","2",0,0,0,0,0
"309","1","2026094","20260924","20260925","32","1",0,0,0,0,0
"309","1","2026094","20260924","20260925","32","2",0,0,0,0,0
"309","1","2026094","20260924","20260925","33","1",0,0,0,0,0
"309","1","2026094","20260924","20260925","33","2",0,0,0,0,0
"309","1","2026094","20260924","20260925","41","1",0,0,0,0,0
"309","1","2026094","20260924","20260925","41","2",0,0,0,0,0
"309","1","2026094","20260924","20260925","51","1",281,0,354,73,635
"309","1","2026094","20260924","20260925","51","2",1463485610,0,1845112680,381627070,3308598290
"309","1","2026094","20260924","20260925","60","1",883,-73,810,0,1693
"309","1","2026094","20260924","20260925","60","2",4600384600,-383059000,4217325600,0,8817710200
"325","1","2026094","20260924","20260925","11","1",0,0,0,0,0
"325","1","2026094","20260924","20260925","11","2",0,0,0,0,0
"325","1","2026094","20260924","20260925","21","1",0,0,0,0,0
"325","1","2026094","20260924","20260925","21","2",0,0,0,0,0
"325","1","2026094","20260924","20260925","22","1",0,0,0,0,0
"325","1","2026094","20260924","20260925","22","2",0,0,0,0,0
"325","1","2026094","20260924","20260925","23","1",0,0,0,0,0
"325","1","2026094","20260924","20260925","23","2",0,0,0,0,0
"325","1","2026094","20260924","20260925","24","1",0,0,0,0,0
"325","1","2026094","20260924","20260925","24","2",0,0,0,0,0
"325","1","2026094","20260924","20260925","31","1",0,0,0,0,0
"325","1","2026094","20260924","20260925","31","2",0,0,0,0,0
"325","1","2026094","20260924","20260925","32","1",0,0,0,0,0
"325","1","2026094","20260924","20260925","32","2",0,0,0,0,0
"325","1","2026094","20260924","20260925","33","1",0,0,0,0,0
"325","1","2026094","20260924","20260925","33","2",0,0,0,0,0
"325","1","2026094","20260924","20260925","41","1",0,0,0,0,0
"325","1","2026094","20260924","20260925","41","2",0,0,0,0,0
"325","1","2026094","20260924","20260925","51","1",0,0,0,0,0
"325","1","2026094","20260924","20260925","51","2",0,0,0,0,0
"325","1","2026094","20260924","20260925","60","1",0,0,0,0,0
"325","1","2026094","20260924","20260925","60","2",0,0,0,0,0
"326","1","2026094","20260924","20260925","11","1",0,0,0,0,0
"326","1","2026094","20260924","20260925","11","2",0,0,0,0,0
"326","1","2026094","20260924","20260925","21","1",0,0,0,0,0
"326","1","2026094","20260924","20260925","21","2",0,0,0,0,0
"326","1","2026094","20260924","20260925","22","1",0,0,0,0,0
"326","1","2026094","20260924","20260925","22","2",0,0,0,0,0
"326","1","2026094","20260924","20260925","23","1",0,0,0,0,0
"326","1","2026094","20260924","20260925","23","2",0,0,0,0,0
"326","1","2026094","20260924","20260925","24","1",0,0,0,0,0
"326","1","2026094","20260924","20260925","24","2",0,0,0,0,0
"326","1","2026094","20260924","20260925","31","1",0,0,0,0,0
"326","1","2026094","20260924","20260925","31","2",0,0,0,0,0
"326","1","2026094","20260924","20260925","32","1",0,0,0,0,0
"326","1","2026094","20260924","20260925","32","2",0,0,0,0,0
"326","1","2026094","20260924","20260925","33","1",0,0,0,0,0
"326","1","2026094","20260924","20260925","33","2",0,0,0,0,0
"326","1","2026094","20260924","20260925","41","1",0,0,0,0,0
"326","1","2026094","20260924","20260925","41","2",0,0,0,0,0
"326","1","2026094","20260924","20260925","51","1",0,0,0,0,0
"326","1","2026094","20260924","20260925","51","2",0,0,0,0,0
"326","1","2026094","20260924","20260925","60","1",0,0,0,0,0
"326","1","2026094","20260924","20260925","60","2",0,0,0,0,0
"315","1","2026094","20260924","20260925","11","1",0,0,0,0,0
"315","1","2026094","20260924","20260925","11","2",0,0,0,0,0
"315","1","2026094","20260924","20260925","21","1",0,0,0,0,0
"315","1","2026094","20260924","20260925","21","2",0,0,0,0,0
"315","1","2026094","20260924","20260925","22","1",0,0,0,0,0
"315","1","2026094","20260924","20260925","22","2",0,0,0,0,0
"315","1","2026094","20260924","20260925","23","1",0,0,0,0,0
"315","1","2026094","20260924","20260925","23","2",0,0,0,0,0
"315","1","2026094","20260924","20260925","24","1",0,0,0,0,0
"315","1","2026094","20260924","20260925","24","2",0,0,0,0,0
"315","1","2026094","20260924","20260925","31","1",0,0,0,0,0
"315","1","2026094","20260924","20260925","31","2",0,0,0,0,0
"315","1","2026094","20260924","20260925","32","1",1,-1,0,0,1
"315","1","2026094","20260924","20260925","32","2",293500,-293500,0,0,293500
"315","1","2026094","20260924","20260925","33","1",0,0,0,0,0
"315","1","2026094","20260924","20260925","33","2",0,0,0,0,0
"315","1","2026094","20260924","20260925","41","1",0,0,0,0,0
"315","1","2026094","20260924","20260925","41","2",0,0,0,0,0
"315","1","2026094","20260924","20260925","51","1",4,0,13,9,17
"315","1","2026094","20260924","20260925","51","2",1241500,0,3836500,2595000,5078000
"315","1","2026094","20260924","20260925","60","1",17,-14,3,0,20
"315","1","2026094","20260924","20260925","60","2",5056000,-4202000,854000,0,5910000
"436","1","2026094","20260924","20260925","11","1",0,0,0,0,0
"436","1","2026094","20260924","20260925","11","2",0,0,0,0,0
"436","1","2026094","20260924","20260925","21","1",0,0,0,0,0
"436","1","2026094","20260924","20260925","21","2",0,0,0,0,0
"436","1","2026094","20260924","20260925","22","1",0,0,0,0,0
"436","1","2026094","20260924","20260925","22","2",0,0,0,0,0
"436","1","2026094","20260924","20260925","23","1",0,0,0,0,0
"436","1","2026094","20260924","20260925","23","2",0,0,0,0,0
"436","1","2026094","20260924","20260925","24","1",0,0,0,0,0
"436","1","2026094","20260924","20260925","24","2",0,0,0,0,0
"436","1","2026094","20260924","20260925","31","1",0,0,0,0,0
"436","1","2026094","20260924","20260925","31","2",0,0,0,0,0
"436","1","2026094","20260924","20260925","32","1",0,0,0,0,0
"436","1","2026094","20260924","20260925","32","2",0,0,0,0,0
"436","1","2026094","20260924","20260925","33","1",0,0,0,0,0
"436","1","2026094","20260924","20260925","33","2",0,0,0,0,0
"436","1","2026094","20260924","20260925","41","1",0,0,0,0,0
"436","1","2026094","20260924","20260925","41","2",0,0,0,0,0
"436","1","2026094","20260924","20260925","51","1",0,0,0,0,0
"436","1","2026094","20260924","20260925","51","2",0,0,0,0,0
"436","1","2026094","20260924","20260925","60","1",308,-97,211,0,519
"436","1","2026094","20260924","20260925","60","2",481738300,-151302900,330435400,0,812173700
"437","1","2026094","20260924","20260925","11","1",0,0,0,0,0
"437","1","2026094","20260924","20260925","11","2",0,0,0,0,0
"437","1","2026094","20260924","20260925","21","1",0,0,0,0,0
"437","1","2026094","20260924","20260925","21","2",0,0,0,0,0
"437","1","2026094","20260924","20260925","22","1",0,0,0,0,0
"437","1","2026094","20260924","20260925","22","2",0,0,0,0,0
"437","1","2026094","20260924","20260925","23","1",0,0,0,0,0
"437","1","2026094","20260924","20260925","23","2",0,0,0,0,0
"437","1","2026094","20260924","20260925","24","1",0,0,0,0,0
"437","1","2026094","20260924","20260925","24","2",0,0,0,0,0
"437","1","2026094","20260924","20260925","31","1",0,0,0,0,0
"437","1","2026094","20260924","20260925","31","2",0,0,0,0,0
"437","1","2026094","20260924","20260925","32","1",0,0,0,0,0
"437","1","2026094","20260924","20260925","32","2",0,0,0,0,0
"437","1","2026094","20260924","20260925","33","1",0,0,0,0,0
"437","1","2026094","20260924","20260925","33","2",0,0,0,0,0
"437","1","2026094","20260924","20260925","41","1",0,0,0,0,0
"437","1","2026094","20260924","20260925","41","2",0,0,0,0,0
"437","1","2026094","20260924","20260925","51","1",0,0,0,0,0
"437","1","2026094","20260924","20260925","51","2",0,0,0,0,0
"437","1","2026094","20260924","20260925","60","1",33,-6,27,0,60
"437","1","2026094","20260924","20260925","60","2",77586200,-14188000,63398200,0,140984400
"438","1","2026094","20260924","20260925","11","1",0,0,0,0,0
"438","1","2026094","20260924","20260925","11","2",0,0,0,0,0
"438","1","2026094","20260924","20260925","21","1",0,0,0,0,0
"438","1","2026094","20260924","20260925","21","2",0,0,0,0,0
"438","1","2026094","20260924","20260925","22","1",0,0,0,0,0
"438","1","2026094","20260924","20260925","22","2",0,0,0,0,0
"438","1","2026094","20260924","20260925","23","1",0,0,0,0,0
"438","1","2026094","20260924","20260925","23","2",0,0,0,0,0
"438","1","2026094","20260924","20260925","24","1",0,0,0,0,0
"438","1","2026094","20260924","20260925","24","2",0,0,0,0,0
"438","1","2026094","20260924","20260925","31","1",0,0,0,0,0
"438","1","2026094","20260924","20260925","31","2",0,0,0,0,0
"438","1","2026094","20260924","20260925","32","1",0,0,0,0,0
"438","1","2026094","20260924","20260925","32","2",0,0,0,0,0
"438","1","2026094","20260924","20260925","33","1",0,0,0,0,0
"438","1","2026094","20260924","20260925","33","2",0,0,0,0,0
"438","1","2026094","20260924","20260925","41","1",0,0,0,0,0
"438","1","2026094","20260924","20260925","41","2",0,0,0,0,0
"438","1","2026094","20260924","20260925","51","1",0,0,0,0,0
"438","1","2026094","20260924","20260925","51","2",0,0,0,0,0
"438","1","2026094","20260924","20260925","60","1",0,0,0,0,0
"438","1","2026094","20260924","20260925","60","2",0,0,0,0,0
"317","1","2026094","20260924","20260925","11","1",17836,0,25467,7631,43303
"317","1","2026094","20260924","20260925","11","2",2219304440000,0,3168627770000,949323330000,5387932210000
"317","1","2026094","20260924","20260925","21","1",140,0,350,210,490
"317","1","2026094","20260924","20260925","21","2",17430200000,0,43551940000,26121740000,60982140000
"317","1","2026094","20260924","20260925","22","1",189,-72,117,0,306
"317","1","2026094","20260924","20260925","22","2",23525320000,-8945110000,14580210000,0,38105530000
"317","1","2026094","20260924","20260925","23","1",531,0,802,271,1333
"317","1","2026094","20260924","20260925","23","2",66091160000,0,99817500000,33726340000,165908660000
"317","1","2026094","20260924","20260925","24","1",218,-35,183,0,401
"317","1","2026094","20260924","20260925","24","2",27181340000,-4409770000,22771570000,0,49952910000
"317","1","2026094","20260924","20260925","31","1",283,0,785,502,1068
"317","1","2026094","20260924","20260925","31","2",35202040000,0,97657990000,62455950000,132860030000
"317","1","2026094","20260924","20260925","32","1",0,0,0,0,0
"317","1","2026094","20260924","20260925","32","2",0,0,0,0,0
"317","1","2026094","20260924","20260925","33","1",0,0,0,0,0
"317","1","2026094","20260924","20260925","33","2",0,0,0,0,0
"317","1","2026094","20260924","20260925","41","1",1,0,3,2,4
"317","1","2026094","20260924","20260925","41","2",124510000,0,374850000,250340000,499360000
"317","1","2026094","20260924","20260925","51","1",3,0,5,2,8
"317","1","2026094","20260924","20260925","51","2",373340000,0,622800000,249460000,996140000
"317","1","2026094","20260924","20260925","60","1",89973,-8446,81527,0,171500
"317","1","2026094","20260924","20260925","60","2",11202011920000,-1050674060000,10151337860000,0,21353349780000
"330","1","2026094","20260924","20260925","11","1",11,-11,0,0,11
"330","1","2026094","20260924","20260925","11","2",136873000,-136873000,0,0,136873000
"330","1","2026094","20260924","20260925","21","1",0,0,0,0,0
"330","1","2026094","20260924","20260925","21","2",0,0,0,0,0
"330","1","2026094","20260924","20260925","22","1",0,0,0,0,0
"330","1","2026094","20260924","20260925","22","2",0,0,0,0,0
"330","1","2026094","20260924","20260925","23","1",0,0,0,0,0
"330","1","2026094","20260924","20260925","23","2",0,0,0,0,0
"330","1","2026094","20260924","20260925","24","1",0,0,0,0,0
"330","1","2026094","20260924","20260925","24","2",0,0,0,0,0
"330","1","2026094","20260924","20260925","31","1",0,0,0,0,0
"330","1","2026094","20260924","20260925","31","2",0,0,0,0,0
"330","1","2026094","20260924","20260925","32","1",0,0,0,0,0
"330","1","2026094","20260924","20260925","32","2",0,0,0,0,0
"330","1","2026094","20260924","20260925","33","1",0,0,0,0,0
"330","1","2026094","20260924","20260925","33","2",0,0,0,0,0
"330","1","2026094","20260924","20260925","41","1",0,0,0,0,0
"330","1","2026094","20260924","20260925","41","2",0,0,0,0,0
"330","1","2026094","20260924","20260925","51","1",2,0,3,1,5
"330","1","2026094","20260924","20260925","51","2",24899000,0,37375000,12476000,62274000
"330","1","2026094","20260924","20260925","60","1",10836,0,10845,9,21681
"330","1","2026094","20260924","20260925","60","2",134802288000,0,134914214000,111926000,269716502000
"318","1","2026094","20260924","20260925","11","1",230,0,230,0,460
"318","1","2026094","20260924","20260925","11","2",2022650000,0,2022650000,0,4045300000
"318","1","2026094","20260924","20260925","21","1",0,0,0,0,0
"318","1","2026094","20260924","20260925","21","2",0,0,0,0,0
"318","1","2026094","20260924","20260925","22","1",0,0,0,0,0
"318","1","2026094","20260924","20260925","22","2",0,0,0,0,0
"318","1","2026094","20260924","20260925","23","1",0,0,0,0,0
"318","1","2026094","20260924","20260925","23","2",0,0,0,0,0
"318","1","2026094","20260924","20260925","24","1",0,0,0,0,0
"318","1","2026094","20260924","20260925","24","2",0,0,0,0,0
"318","1","2026094","20260924","20260925","31","1",0,0,0,0,0
"318","1","2026094","20260924","20260925","31","2",0,0,0,0,0
"318","1","2026094","20260924","20260925","32","1",0,0,0,0,0
"318","1","2026094","20260924","20260925","32","2",0,0,0,0,0
"318","1","2026094","20260924","20260925","33","1",0,0,0,0,0
"318","1","2026094","20260924","20260925","33","2",0,0,0,0,0
"318","1","2026094","20260924","20260925","41","1",0,0,0,0,0
"318","1","2026094","20260924","20260925","41","2",0,0,0,0,0
"318","1","2026094","20260924","20260925","51","1",0,0,0,0,0
"318","1","2026094","20260924","20260925","51","2",0,0,0,0,0
"318","1","2026094","20260924","20260925","60","1",0,0,0,0,0
"318","1","2026094","20260924","20260925","60","2",0,0,0,0,0
"334","1","2026094","20260924","20260925","11","1",1094,0,5224,4130,6318
"334","1","2026094","20260924","20260925","11","2",26941803125,0,128633190000,101691386875,155574993125
"334","1","2026094","20260924","20260925","21","1",0,0,0,0,0
"334","1","2026094","20260924","20260925","21","2",0,0,0,0,0
"334","1","2026094","20260924","20260925","22","1",0,0,0,0,0
"334","1","2026094","20260924","20260925","22","2",0,0,0,0,0
"334","1","2026094","20260924","20260925","23","1",0,0,0,0,0
"334","1","2026094","20260924","20260925","23","2",0,0,0,0,0
"334","1","2026094","20260924","20260925","24","1",0,0,0,0,0
"334","1","2026094","20260924","20260925","24","2",0,0,0,0,0
"334","1","2026094","20260924","20260925","31","1",0,0,0,0,0
"334","1","2026094","20260924","20260925","31","2",0,0,0,0,0
"334","1","2026094","20260924","20260925","32","1",0,0,0,0,0
"334","1","2026094","20260924","20260925","32","2",0,0,0,0,0
"334","1","2026094","20260924","20260925","33","1",0,0,0,0,0
"334","1","2026094","20260924","20260925","33","2",0,0,0,0,0
"334","1","2026094","20260924","20260925","41","1",0,0,0,0,0
"334","1","2026094","20260924","20260925","41","2",0,0,0,0,0
"334","1","2026094","20260924","20260925","51","1",0,0,0,0,0
"334","1","2026094","20260924","20260925","51","2",0,0,0,0,0
"334","1","2026094","20260924","20260925","60","1",8960,-4684,4276,0,13236
"334","1","2026094","20260924","20260925","60","2",220675378750,-115375450000,105299928750,0,325975307500
"400","1","2026094","20260924","20260925","11","1",160,-89,71,0,231
"400","1","2026094","20260924","20260925","11","2",3582344000,-1986946000,1595398000,0,5177742000
"400","1","2026094","20260924","20260925","21","1",0,0,0,0,0
"400","1","2026094","20260924","20260925","21","2",0,0,0,0,0
"400","1","2026094","20260924","20260925","22","1",0,0,0,0,0
"400","1","2026094","20260924","20260925","22","2",0,0,0,0,0
"400","1","2026094","20260924","20260925","23","1",0,0,0,0,0
"400","1","2026094","20260924","20260925","23","2",0,0,0,0,0
"400","1","2026094","20260924","20260925","24","1",159,-52,107,0,266
"400","1","2026094","20260924","20260925","24","2",3558535000,-1144272000,2414263000,0,5972798000
"400","1","2026094","20260924","20260925","31","1",2,-1,1,0,3
"400","1","2026094","20260924","20260925","31","2",44750000,-22439000,22311000,0,67061000
"400","1","2026094","20260924","20260925","32","1",1749,-340,1409,0,3158
"400","1","2026094","20260924","20260925","32","2",39085247000,-7667999000,31417248000,0,70502495000
"400","1","2026094","20260924","20260925","33","1",507,0,658,151,1165
"400","1","2026094","20260924","20260925","33","2",11379268000,0,14766690000,3387422000,26145958000
"400","1","2026094","20260924","20260925","41","1",37,0,48,11,85
"400","1","2026094","20260924","20260925","41","2",834800000,0,1082061000,247261000,1916861000
"400","1","2026094","20260924","20260925","51","1",4511,0,5100,589,9611
"400","1","2026094","20260924","20260925","51","2",101575002000,0,114898560000,13323558000,216473562000
"400","1","2026094","20260924","20260925","60","1",26922,-269,26653,0,53575
"400","1","2026094","20260924","20260925","60","2",605426751000,-6136585000,599290166000,0,1204716917000
"443","1","2026094","20260924","20260925","11","1",0,0,0,0,0
"443","1","2026094","20260924","20260925","11","2",0,0,0,0,0
"443","1","2026094","20260924","20260925","21","1",0,0,0,0,0
"443","1","2026094","20260924","20260925","21","2",0,0,0,0,0
"443","1","2026094","20260924","20260925","22","1",0,0,0,0,0
"443","1","2026094","20260924","20260925","22","2",0,0,0,0,0
"443","1","2026094","20260924","20260925","23","1",0,0,0,0,0
"443","1","2026094","20260924","20260925","23","2",0,0,0,0,0
"443","1","2026094","20260924","20260925","24","1",167,0,195,28,362
"443","1","2026094","20260924","20260925","24","2",368347600,0,432168400,63820800,800516000
"443","1","2026094","20260924","20260925","31","1",0,0,0,0,0
"443","1","2026094","20260924","20260925","31","2",0,0,0,0,0
"443","1","2026094","20260924","20260925","32","1",170,-170,0,0,170
"443","1","2026094","20260924","20260925","32","2",377689000,-377689000,0,0,377689000
"443","1","2026094","20260924","20260925","33","1",38,-33,5,0,43
"443","1","2026094","20260924","20260925","33","2",84877000,-73831300,11045700,0,95922700
"443","1","2026094","20260924","20260925","41","1",0,0,0,0,0
"443","1","2026094","20260924","20260925","41","2",0,0,0,0,0
"443","1","2026094","20260924","20260925","51","1",104,0,142,38,246
"443","1","2026094","20260924","20260925","51","2",230961800,0,315979900,85018100,546941700
"443","1","2026094","20260924","20260925","60","1",449,0,586,137,1035
"443","1","2026094","20260924","20260925","60","2",996674000,0,1299355400,302681400,2296029400
"401","1","2026094","20260924","20260925","11","1",320,-141,179,0,499
"401","1","2026094","20260924","20260925","11","2",724119750,-322264250,401855500,0,1125975250
"401","1","2026094","20260924","20260925","21","1",0,0,0,0,0
"401","1","2026094","20260924","20260925","21","2",0,0,0,0,0
"401","1","2026094","20260924","20260925","22","1",0,0,0,0,0
"401","1","2026094","20260924","20260925","22","2",0,0,0,0,0
"401","1","2026094","20260924","20260925","23","1",0,0,0,0,0
"401","1","2026094","20260924","20260925","23","2",0,0,0,0,0
"401","1","2026094","20260924","20260925","24","1",82,0,113,31,195
"401","1","2026094","20260924","20260925","24","2",184906100,0,253925550,69019450,438831650
"401","1","2026094","20260924","20260925","31","1",5,-3,2,0,7
"401","1","2026094","20260924","20260925","31","2",11168000,-6685900,4482100,0,15650100
"401","1","2026094","20260924","20260925","32","1",394,-52,342,0,736
"401","1","2026094","20260924","20260925","32","2",887461900,-116930550,770531350,0,1657993250
"401","1","2026094","20260924","20260925","33","1",559,-7,552,0,1111
"401","1","2026094","20260924","20260925","33","2",1258936400,-13064600,1245871800,0,2504808200
"401","1","2026094","20260924","20260925","41","1",71,0,96,25,167
"401","1","2026094","20260924","20260925","41","2",160443000,0,216520950,56077950,376963950
"401","1","2026094","20260924","20260925","51","1",7505,0,7796,291,15301
"401","1","2026094","20260924","20260925","51","2",16938167700,0,17606291750,668124050,34544459450
"401","1","2026094","20260924","20260925","60","1",23787,-144,23643,0,47430
"401","1","2026094","20260924","20260925","60","2",53659653150,-334276150,53325377000,0,106985030150
"402","1","2026094","20260924","20260925","11","1",0,0,0,0,0
"402","1","2026094","20260924","20260925","11","2",0,0,0,0,0
"402","1","2026094","20260924","20260925","21","1",0,0,0,0,0
"402","1","2026094","20260924","20260925","21","2",0,0,0,0,0
"402","1","2026094","20260924","20260925","22","1",0,0,0,0,0
"402","1","2026094","20260924","20260925","22","2",0,0,0,0,0
"402","1","2026094","20260924","20260925","23","1",0,0,0,0,0
"402","1","2026094","20260924","20260925","23","2",0,0,0,0,0
"402","1","2026094","20260924","20260925","24","1",33,-13,20,0,53
"402","1","2026094","20260924","20260925","24","2",72202000,-28536300,43665700,0,115867700
"402","1","2026094","20260924","20260925","31","1",0,0,0,0,0
"402","1","2026094","20260924","20260925","31","2",0,0,0,0,0
"402","1","2026094","20260924","20260925","32","1",16,0,16,0,32
"402","1","2026094","20260924","20260925","32","2",35353100,-151300,35201800,0,70554900
"402","1","2026094","20260924","20260925","33","1",10,0,41,31,51
"402","1","2026094","20260924","20260925","33","2",22043300,0,90886500,68843200,112929800
"402","1","2026094","20260924","20260925","41","1",0,0,0,0,0
"402","1","2026094","20260924","20260925","41","2",0,0,0,0,0
"402","1","2026094","20260924","20260925","51","1",95,-39,56,0,151
"402","1","2026094","20260924","20260925","51","2",208853400,-85361400,123492000,0,332345400
"402","1","2026094","20260924","20260925","60","1",161,0,182,21,343
"402","1","2026094","20260924","20260925","60","2",354625000,0,399830800,45205800,754455800
"403","1","2026094","20260924","20260925","11","1",0,0,0,0,0
"403","1","2026094","20260924","20260925","11","2",0,0,0,0,0
"403","1","2026094","20260924","20260925","21","1",0,0,0,0,0
"403","1","2026094","20260924","20260925","21","2",0,0,0,0,0
"403","1","2026094","20260924","20260925","22","1",0,0,0,0,0
"403","1","2026094","20260924","20260925","22","2",0,0,0,0,0
"403","1","2026094","20260924","20260925","23","1",0,0,0,0,0
"403","1","2026094","20260924","20260925","23","2",0,0,0,0,0
"403","1","2026094","20260924","20260925","24","1",0,0,0,0,0
"403","1","2026094","20260924","20260925","24","2",0,0,0,0,0
"403","1","2026094","20260924","20260925","31","1",0,0,0,0,0
"403","1","2026094","20260924","20260925","31","2",0,0,0,0,0
"403","1","2026094","20260924","20260925","32","1",0,0,0,0,0
"403","1","2026094","20260924","20260925","32","2",0,0,0,0,0
"403","1","2026094","20260924","20260925","33","1",0,0,0,0,0
"403","1","2026094","20260924","20260925","33","2",0,0,0,0,0
"403","1","2026094","20260924","20260925","41","1",0,0,0,0,0
"403","1","2026094","20260924","20260925","41","2",0,0,0,0,0
"403","1","2026094","20260924","20260925","51","1",0,0,0,0,0
"403","1","2026094","20260924","20260925","51","2",0,0,0,0,0
"403","1","2026094","20260924","20260925","60","1",0,0,0,0,0
"403","1","2026094","20260924","20260925","60","2",0,0,0,0,0
"404","1","2026094","20260924","20260925","11","1",27,-10,17,0,44
"404","1","2026094","20260924","20260925","11","2",118350000,-44252000,74098000,0,192448000
"404","1","2026094","20260924","20260925","21","1",0,0,0,0,0
"404","1","2026094","20260924","20260925","21","2",0,0,0,0,0
"404","1","2026094","20260924","20260925","22","1",0,0,0,0,0
"404","1","2026094","20260924","20260925","22","2",0,0,0,0,0
"404","1","2026094","20260924","20260925","23","1",0,0,0,0,0
"404","1","2026094","20260924","20260925","23","2",0,0,0,0,0
"404","1","2026094","20260924","20260925","24","1",59,0,80,21,139
"404","1","2026094","20260924","20260925","24","2",259206000,0,350247000,91041000,609453000
"404","1","2026094","20260924","20260925","31","1",0,0,0,0,0
"404","1","2026094","20260924","20260925","31","2",0,0,0,0,0
"404","1","2026094","20260924","20260925","32","1",306,0,313,7,619
"404","1","2026094","20260924","20260925","32","2",1351969000,0,1386814500,34845500,2738783500
"404","1","2026094","20260924","20260925","33","1",394,-66,328,0,722
"404","1","2026094","20260924","20260925","33","2",1731210000,-286578000,1444632000,0,3175842000
"404","1","2026094","20260924","20260925","41","1",14,0,17,3,31
"404","1","2026094","20260924","20260925","41","2",62255000,0,75027500,12772500,137282500
"404","1","2026094","20260924","20260925","51","1",1359,0,1843,484,3202
"404","1","2026094","20260924","20260925","51","2",6029997000,0,8126464000,2096467000,14156461000
"404","1","2026094","20260924","20260925","60","1",5852,-439,5413,0,11265
"404","1","2026094","20260924","20260925","60","2",25808475000,-1904296000,23904179000,0,49712654000
"444","1","2026094","20260924","20260925","11","1",0,0,10,10,10
"444","1","2026094","20260924","20260925","11","2",0,0,9291200,9291200,9291200
"444","1","2026094","20260924","20260925","21","1",0,0,0,0,0
"444","1","2026094","20260924","20260925","21","2",0,0,0,0,0
"444","1","2026094","20260924","20260925","22","1",0,0,0,0,0
"444","1","2026094","20260924","20260925","22","2",0,0,0,0,0
"444","1","2026094","20260924","20260925","23","1",0,0,0,0,0
"444","1","2026094","20260924","20260925","23","2",0,0,0,0,0
"444","1","2026094","20260924","20260925","24","1",312,0,671,359,983
"444","1","2026094","20260924","20260925","24","2",279779800,0,605056200,325276400,884836000
"444","1","2026094","20260924","20260925","31","1",0,0,0,0,0
"444","1","2026094","20260924","20260925","31","2",0,0,0,0,0
"444","1","2026094","20260924","20260925","32","1",0,0,44,44,44
"444","1","2026094","20260924","20260925","32","2",0,0,40011000,40011000,40011000
"444","1","2026094","20260924","20260925","33","1",46,0,87,41,133
"444","1","2026094","20260924","20260925","33","2",41249400,0,77902100,36652700,119151500
"444","1","2026094","20260924","20260925","41","1",0,0,0,0,0
"444","1","2026094","20260924","20260925","41","2",0,0,0,0,0
"444","1","2026094","20260924","20260925","51","1",80,-7,73,0,153
"444","1","2026094","20260924","20260925","51","2",72033000,-6655400,65377600,0,137410600
"444","1","2026094","20260924","20260925","60","1",936,-447,489,0,1425
"444","1","2026094","20260924","20260925","60","2",844810900,-404575900,440235000,0,1285045900
"405","1","2026094","20260924","20260925","11","1",20,0,35,15,55
"405","1","2026094","20260924","20260925","11","2",17444950,0,30487500,13042550,47932450
"405","1","2026094","20260924","20260925","21","1",0,0,0,0,0
"405","1","2026094","20260924","20260925","21","2",0,0,0,0,0
"405","1","2026094","20260924","20260925","22","1",0,0,0,0,0
"405","1","2026094","20260924","20260925","22","2",0,0,0,0,0
"405","1","2026094","20260924","20260925","23","1",0,0,0,0,0
"405","1","2026094","20260924","20260925","23","2",0,0,0,0,0
"405","1","2026094","20260924","20260925","24","1",203,0,240,37,443
"405","1","2026094","20260924","20260925","24","2",178749000,0,210913000,32164000,389662000
"405","1","2026094","20260924","20260925","31","1",0,0,0,0,0
"405","1","2026094","20260924","20260925","31","2",0,0,0,0,0
"405","1","2026094","20260924","20260925","32","1",27,-5,22,0,49
"405","1","2026094","20260924","20260925","32","2",23821700,-4384850,19436850,0,43258550
"405","1","2026094","20260924","20260925","33","1",36,-1,35,0,71
"405","1","2026094","20260924","20260925","33","2",31840050,-1122650,30717400,0,62557450
"405","1","2026094","20260924","20260925","41","1",8,0,14,6,22
"405","1","2026094","20260924","20260925","41","2",7170800,0,12431300,5260500,19602100
"405","1","2026094","20260924","20260925","51","1",834,0,838,4,1672
"405","1","2026094","20260924","20260925","51","2",740127700,0,743465700,3338000,1483593400
"405","1","2026094","20260924","20260925","60","1",1013,-56,957,0,1970
"405","1","2026094","20260924","20260925","60","2",894808350,-48297550,846510800,0,1741319150
"406","1","2026094","20260924","20260925","11","1",0,0,0,0,0
"406","1","2026094","20260924","20260925","11","2",0,0,0,0,0
"406","1","2026094","20260924","20260925","21","1",0,0,0,0,0
"406","1","2026094","20260924","20260925","21","2",0,0,0,0,0
"406","1","2026094","20260924","20260925","22","1",0,0,0,0,0
"406","1","2026094","20260924","20260925","22","2",0,0,0,0,0
"406","1","2026094","20260924","20260925","23","1",0,0,0,0,0
"406","1","2026094","20260924","20260925","23","2",0,0,0,0,0
"406","1","2026094","20260924","20260925","24","1",747,-105,642,0,1389
"406","1","2026094","20260924","20260925","24","2",658607700,-93035400,565572300,0,1224180000
"406","1","2026094","20260924","20260925","31","1",0,0,0,0,0
"406","1","2026094","20260924","20260925","31","2",0,0,0,0,0
"406","1","2026094","20260924","20260925","32","1",2,0,4,2,6
"406","1","2026094","20260924","20260925","32","2",1803100,0,3571700,1768600,5374800
"406","1","2026094","20260924","20260925","33","1",126,-31,95,0,221
"406","1","2026094","20260924","20260925","33","2",111916100,-27873700,84042400,0,195958500
"406","1","2026094","20260924","20260925","41","1",0,0,0,0,0
"406","1","2026094","20260924","20260925","41","2",0,0,0,0,0
"406","1","2026094","20260924","20260925","51","1",182,0,195,13,377
"406","1","2026094","20260924","20260925","51","2",160911300,0,172998800,12087500,333910100
"406","1","2026094","20260924","20260925","60","1",563,0,684,121,1247
"406","1","2026094","20260924","20260925","60","2",497819600,0,604872600,107053000,1102692200
"407","1","2026094","20260924","20260925","11","1",0,0,0,0,0
"407","1","2026094","20260924","20260925","11","2",0,0,0,0,0
"407","1","2026094","20260924","20260925","21","1",0,0,0,0,0
"407","1","2026094","20260924","20260925","21","2",0,0,0,0,0
"407","1","2026094","20260924","20260925","22","1",0,0,0,0,0
"407","1","2026094","20260924","20260925","22","2",0,0,0,0,0
"407","1","2026094","20260924","20260925","23","1",0,0,0,0,0
"407","1","2026094","20260924","20260925","23","2",0,0,0,0,0
"407","1","2026094","20260924","20260925","24","1",0,0,0,0,0
"407","1","2026094","20260924","20260925","24","2",0,0,0,0,0
"407","1","2026094","20260924","20260925","31","1",0,0,0,0,0
"407","1","2026094","20260924","20260925","31","2",0,0,0,0,0
"407","1","2026094","20260924","20260925","32","1",0,0,0,0,0
"407","1","2026094","20260924","20260925","32","2",0,0,0,0,0
"407","1","2026094","20260924","20260925","33","1",0,0,0,0,0
"407","1","2026094","20260924","20260925","33","2",0,0,0,0,0
"407","1","2026094","20260924","20260925","41","1",0,0,0,0,0
"407","1","2026094","20260924","20260925","41","2",0,0,0,0,0
"407","1","2026094","20260924","20260925","51","1",0,0,0,0,0
"407","1","2026094","20260924","20260925","51","2",0,0,0,0,0
"407","1","2026094","20260924","20260925","60","1",0,0,0,0,0
"407","1","2026094","20260924","20260925","60","2",0,0,0,0,0
"415","1","2026094","20260924","20260925","11","1",0,0,0,0,0
"415","1","2026094","20260924","20260925","11","2",0,0,0,0,0
"415","1","2026094","20260924","20260925","21","1",0,0,0,0,0
"415","1","2026094","20260924","20260925","21","2",0,0,0,0,0
"415","1","2026094","20260924","20260925","22","1",0,0,0,0,0
"415","1","2026094","20260924","20260925","22","2",0,0,0,0,0
"415","1","2026094","20260924","20260925","23","1",0,0,0,0,0
"415","1","2026094","20260924","20260925","23","2",0,0,0,0,0
"415","1","2026094","20260924","20260925","24","1",0,0,0,0,0
"415","1","2026094","20260924","20260925","24","2",0,0,0,0,0
"415","1","2026094","20260924","20260925","31","1",0,0,0,0,0
"415","1","2026094","20260924","20260925","31","2",0,0,0,0,0
"415","1","2026094","20260924","20260925","32","1",0,0,0,0,0
"415","1","2026094","20260924","20260925","32","2",0,0,0,0,0
"415","1","2026094","20260924","20260925","33","1",0,0,0,0,0
"415","1","2026094","20260924","20260925","33","2",0,0,0,0,0
"415","1","2026094","20260924","20260925","41","1",0,0,0,0,0
"415","1","2026094","20260924","20260925","41","2",0,0,0,0,0
"415","1","2026094","20260924","20260925","51","1",0,0,0,0,0
"415","1","2026094","20260924","20260925","51","2",0,0,0,0,0
"415","1","2026094","20260924","20260925","60","1",0,0,0,0,0
"415","1","2026094","20260924","20260925","60","2",0,0,0,0,0
"408","1","2026094","20260924","20260925","11","1",391,0,429,38,820
"408","1","2026094","20260924","20260925","11","2",862427000,0,946764000,84337000,1809191000
"408","1","2026094","20260924","20260925","21","1",0,0,0,0,0
"408","1","2026094","20260924","20260925","21","2",0,0,0,0,0
"408","1","2026094","20260924","20260925","22","1",0,0,0,0,0
"408","1","2026094","20260924","20260925","22","2",0,0,0,0,0
"408","1","2026094","20260924","20260925","23","1",0,0,0,0,0
"408","1","2026094","20260924","20260925","23","2",0,0,0,0,0
"408","1","2026094","20260924","20260925","24","1",0,0,0,0,0
"408","1","2026094","20260924","20260925","24","2",0,0,0,0,0
"408","1","2026094","20260924","20260925","31","1",0,0,0,0,0
"408","1","2026094","20260924","20260925","31","2",0,0,0,0,0
"408","1","2026094","20260924","20260925","32","1",151,-100,51,0,202
"408","1","2026094","20260924","20260925","32","2",338205000,-223341500,114863500,0,453068500
"408","1","2026094","20260924","20260925","33","1",145,-35,110,0,255
"408","1","2026094","20260924","20260925","33","2",323474500,-77692500,245782000,0,569256500
"408","1","2026094","20260924","20260925","41","1",24,-6,18,0,42
"408","1","2026094","20260924","20260925","41","2",53551000,-13251500,40299500,0,93850500
"408","1","2026094","20260924","20260925","51","1",735,-505,230,0,965
"408","1","2026094","20260924","20260925","51","2",1635684500,-1124639500,511045000,0,2146729500
"408","1","2026094","20260924","20260925","60","1",3108,0,3716,608,6824
"408","1","2026094","20260924","20260925","60","2",6928308500,0,8282896500,1354588000,15211205000
"409","1","2026094","20260924","20260925","11","1",0,0,0,0,0
"409","1","2026094","20260924","20260925","11","2",0,0,0,0,0
"409","1","2026094","20260924","20260925","21","1",0,0,0,0,0
"409","1","2026094","20260924","20260925","21","2",0,0,0,0,0
"409","1","2026094","20260924","20260925","22","1",0,0,0,0,0
"409","1","2026094","20260924","20260925","22","2",0,0,0,0,0
"409","1","2026094","20260924","20260925","23","1",0,0,0,0,0
"409","1","2026094","20260924","20260925","23","2",0,0,0,0,0
"409","1","2026094","20260924","20260925","24","1",0,0,0,0,0
"409","1","2026094","20260924","20260925","24","2",0,0,0,0,0
"409","1","2026094","20260924","20260925","31","1",0,0,0,0,0
"409","1","2026094","20260924","20260925","31","2",0,0,0,0,0
"409","1","2026094","20260924","20260925","32","1",0,0,0,0,0
"409","1","2026094","20260924","20260925","32","2",0,0,0,0,0
"409","1","2026094","20260924","20260925","33","1",0,0,0,0,0
"409","1","2026094","20260924","20260925","33","2",0,0,0,0,0
"409","1","2026094","20260924","20260925","41","1",0,0,0,0,0
"409","1","2026094","20260924","20260925","41","2",0,0,0,0,0
"409","1","2026094","20260924","20260925","51","1",0,0,0,0,0
"409","1","2026094","20260924","20260925","51","2",0,0,0,0,0
"409","1","2026094","20260924","20260925","60","1",0,0,0,0,0
"409","1","2026094","20260924","20260925","60","2",0,0,0,0,0
"431","1","2026094","20260924","20260925","11","1",0,0,0,0,0
"431","1","2026094","20260924","20260925","11","2",0,0,0,0,0
"431","1","2026094","20260924","20260925","21","1",0,0,0,0,0
"431","1","2026094","20260924","20260925","21","2",0,0,0,0,0
"431","1","2026094","20260924","20260925","22","1",0,0,0,0,0
"431","1","2026094","20260924","20260925","22","2",0,0,0,0,0
"431","1","2026094","20260924","20260925","23","1",0,0,0,0,0
"431","1","2026094","20260924","20260925","23","2",0,0,0,0,0
"431","1","2026094","20260924","20260925","24","1",0,0,0,0,0
"431","1","2026094","20260924","20260925","24","2",0,0,0,0,0
"431","1","2026094","20260924","20260925","31","1",0,0,0,0,0
"431","1","2026094","20260924","20260925","31","2",0,0,0,0,0
"431","1","2026094","20260924","20260925","32","1",0,0,0,0,0
"431","1","2026094","20260924","20260925","32","2",0,0,0,0,0
"431","1","2026094","20260924","20260925","33","1",0,0,0,0,0
"431","1","2026094","20260924","20260925","33","2",0,0,0,0,0
"431","1","2026094","20260924","20260925","41","1",0,0,0,0,0
"431","1","2026094","20260924","20260925","41","2",0,0,0,0,0
"431","1","2026094","20260924","20260925","51","1",0,0,0,0,0
"431","1","2026094","20260924","20260925","51","2",0,0,0,0,0
"431","1","2026094","20260924","20260925","60","1",65,0,65,0,130
"431","1","2026094","20260924","20260925","60","2",126531000,0,126531000,0,253062000
"410","1","2026094","20260924","20260925","11","1",0,0,0,0,0
"410","1","2026094","20260924","20260925","11","2",0,0,0,0,0
"410","1","2026094","20260924","20260925","21","1",0,0,0,0,0
"410","1","2026094","20260924","20260925","21","2",0,0,0,0,0
"410","1","2026094","20260924","20260925","22","1",0,0,0,0,0
"410","1","2026094","20260924","20260925","22","2",0,0,0,0,0
"410","1","2026094","20260924","20260925","23","1",0,0,0,0,0
"410","1","2026094","20260924","20260925","23","2",0,0,0,0,0
"410","1","2026094","20260924","20260925","24","1",0,0,0,0,0
"410","1","2026094","20260924","20260925","24","2",0,0,0,0,0
"410","1","2026094","20260924","20260925","31","1",0,0,0,0,0
"410","1","2026094","20260924","20260925","31","2",0,0,0,0,0
"410","1","2026094","20260924","20260925","32","1",0,0,0,0,0
"410","1","2026094","20260924","20260925","32","2",0,0,0,0,0
"410","1","2026094","20260924","20260925","33","1",0,0,0,0,0
"410","1","2026094","20260924","20260925","33","2",0,0,0,0,0
"410","1","2026094","20260924","20260925","41","1",0,0,0,0,0
"410","1","2026094","20260924","20260925","41","2",0,0,0,0,0
"410","1","2026094","20260924","20260925","51","1",0,0,0,0,0
"410","1","2026094","20260924","20260925","51","2",0,0,0,0,0
"410","1","2026094","20260924","20260925","60","1",0,0,0,0,0
"410","1","2026094","20260924","20260925","60","2",0,0,0,0,0
"411","1","2026094","20260924","20260925","11","1",0,0,0,0,0
"411","1","2026094","20260924","20260925","11","2",0,0,0,0,0
"411","1","2026094","20260924","20260925","21","1",0,0,0,0,0
"411","1","2026094","20260924","20260925","21","2",0,0,0,0,0
"411","1","2026094","20260924","20260925","22","1",0,0,0,0,0
"411","1","2026094","20260924","20260925","22","2",0,0,0,0,0
"411","1","2026094","20260924","20260925","23","1",0,0,0,0,0
"411","1","2026094","20260924","20260925","23","2",0,0,0,0,0
"411","1","2026094","20260924","20260925","24","1",0,0,0,0,0
"411","1","2026094","20260924","20260925","24","2",0,0,0,0,0
"411","1","2026094","20260924","20260925","31","1",0,0,0,0,0
"411","1","2026094","20260924","20260925","31","2",0,0,0,0,0
"411","1","2026094","20260924","20260925","32","1",0,0,0,0,0
"411","1","2026094","20260924","20260925","32","2",0,0,0,0,0
"411","1","2026094","20260924","20260925","33","1",0,0,0,0,0
"411","1","2026094","20260924","20260925","33","2",0,0,0,0,0
"411","1","2026094","20260924","20260925","41","1",0,0,0,0,0
"411","1","2026094","20260924","20260925","41","2",0,0,0,0,0
"411","1","2026094","20260924","20260925","51","1",0,0,0,0,0
"411","1","2026094","20260924","20260925","51","2",0,0,0,0,0
"411","1","2026094","20260924","20260925","60","1",0,0,0,0,0
"411","1","2026094","20260924","20260925","60","2",0,0,0,0,0
"412","1","2026094","20260924","20260925","11","1",0,0,0,0,0
"412","1","2026094","20260924","20260925","11","2",0,0,0,0,0
"412","1","2026094","20260924","20260925","21","1",0,0,0,0,0
"412","1","2026094","20260924","20260925","21","2",0,0,0,0,0
"412","1","2026094","20260924","20260925","22","1",0,0,0,0,0
"412","1","2026094","20260924","20260925","22","2",0,0,0,0,0
"412","1","2026094","20260924","20260925","23","1",0,0,0,0,0
"412","1","2026094","20260924","20260925","23","2",0,0,0,0,0
"412","1","2026094","20260924","20260925","24","1",0,0,0,0,0
"412","1","2026094","20260924","20260925","24","2",0,0,0,0,0
"412","1","2026094","20260924","20260925","31","1",0,0,0,0,0
"412","1","2026094","20260924","20260925","31","2",0,0,0,0,0
"412","1","2026094","20260924","20260925","32","1",0,0,0,0,0
"412","1","2026094","20260924","20260925","32","2",0,0,0,0,0
"412","1","2026094","20260924","20260925","33","1",0,0,0,0,0
"412","1","2026094","20260924","20260925","33","2",0,0,0,0,0
"412","1","2026094","20260924","20260925","41","1",0,0,0,0,0
"412","1","2026094","20260924","20260925","41","2",0,0,0,0,0
"412","1","2026094","20260924","20260925","51","1",0,0,0,0,0
"412","1","2026094","20260924","20260925","51","2",0,0,0,0,0
"412","1","2026094","20260924","20260925","60","1",0,0,0,0,0
"412","1","2026094","20260924","20260925","60","2",0,0,0,0,0
"416","1","2026094","20260924","20260925","11","1",0,0,0,0,0
"416","1","2026094","20260924","20260925","11","2",0,0,0,0,0
"416","1","2026094","20260924","20260925","21","1",0,0,0,0,0
"416","1","2026094","20260924","20260925","21","2",0,0,0,0,0
"416","1","2026094","20260924","20260925","22","1",0,0,0,0,0
"416","1","2026094","20260924","20260925","22","2",0,0,0,0,0
"416","1","2026094","20260924","20260925","23","1",0,0,0,0,0
"416","1","2026094","20260924","20260925","23","2",0,0,0,0,0
"416","1","2026094","20260924","20260925","24","1",0,0,0,0,0
"416","1","2026094","20260924","20260925","24","2",0,0,0,0,0
"416","1","2026094","20260924","20260925","31","1",0,0,0,0,0
"416","1","2026094","20260924","20260925","31","2",0,0,0,0,0
"416","1","2026094","20260924","20260925","32","1",0,0,0,0,0
"416","1","2026094","20260924","20260925","32","2",0,0,0,0,0
"416","1","2026094","20260924","20260925","33","1",0,0,0,0,0
"416","1","2026094","20260924","20260925","33","2",0,0,0,0,0
"416","1","2026094","20260924","20260925","41","1",0,0,0,0,0
"416","1","2026094","20260924","20260925","41","2",0,0,0,0,0
"416","1","2026094","20260924","20260925","51","1",0,0,0,0,0
"416","1","2026094","20260924","20260925","51","2",0,0,0,0,0
"416","1","2026094","20260924","20260925","60","1",0,0,0,0,0
"416","1","2026094","20260924","20260925","60","2",0,0,0,0,0
"417","1","2026094","20260924","20260925","11","1",0,0,0,0,0
"417","1","2026094","20260924","20260925","11","2",0,0,0,0,0
"417","1","2026094","20260924","20260925","21","1",0,0,0,0,0
"417","1","2026094","20260924","20260925","21","2",0,0,0,0,0
"417","1","2026094","20260924","20260925","22","1",0,0,0,0,0
"417","1","2026094","20260924","20260925","22","2",0,0,0,0,0
"417","1","2026094","20260924","20260925","23","1",0,0,0,0,0
"417","1","2026094","20260924","20260925","23","2",0,0,0,0,0
"417","1","2026094","20260924","20260925","24","1",0,0,0,0,0
"417","1","2026094","20260924","20260925","24","2",0,0,0,0,0
"417","1","2026094","20260924","20260925","31","1",0,0,0,0,0
"417","1","2026094","20260924","20260925","31","2",0,0,0,0,0
"417","1","2026094","20260924","20260925","32","1",0,0,0,0,0
"417","1","2026094","20260924","20260925","32","2",0,0,0,0,0
"417","1","2026094","20260924","20260925","33","1",0,0,0,0,0
"417","1","2026094","20260924","20260925","33","2",0,0,0,0,0
"417","1","2026094","20260924","20260925","41","1",0,0,0,0,0
"417","1","2026094","20260924","20260925","41","2",0,0,0,0,0
"417","1","2026094","20260924","20260925","51","1",0,0,0,0,0
"417","1","2026094","20260924","20260925","51","2",0,0,0,0,0
"417","1","2026094","20260924","20260925","60","1",0,0,0,0,0
"417","1","2026094","20260924","20260925","60","2",0,0,0,0,0
"418","1","2026094","20260924","20260925","11","1",0,0,0,0,0
"418","1","2026094","20260924","20260925","11","2",0,0,0,0,0
"418","1","2026094","20260924","20260925","21","1",0,0,0,0,0
"418","1","2026094","20260924","20260925","21","2",0,0,0,0,0
"418","1","2026094","20260924","20260925","22","1",0,0,0,0,0
"418","1","2026094","20260924","20260925","22","2",0,0,0,0,0
"418","1","2026094","20260924","20260925","23","1",0,0,0,0,0
"418","1","2026094","20260924","20260925","23","2",0,0,0,0,0
"418","1","2026094","20260924","20260925","24","1",0,0,0,0,0
"418","1","2026094","20260924","20260925","24","2",0,0,0,0,0
"418","1","2026094","20260924","20260925","31","1",0,0,0,0,0
"418","1","2026094","20260924","20260925","31","2",0,0,0,0,0
"418","1","2026094","20260924","20260925","32","1",0,0,0,0,0
"418","1","2026094","20260924","20260925","32","2",0,0,0,0,0
"418","1","2026094","20260924","20260925","33","1",0,0,0,0,0
"418","1","2026094","20260924","20260925","33","2",0,0,0,0,0
"418","1","2026094","20260924","20260925","41","1",0,0,0,0,0
"418","1","2026094","20260924","20260925","41","2",0,0,0,0,0
"418","1","2026094","20260924","20260925","51","1",0,0,0,0,0
"418","1","2026094","20260924","20260925","51","2",0,0,0,0,0
"418","1","2026094","20260924","20260925","60","1",0,0,0,0,0
"418","1","2026094","20260924","20260925","60","2",0,0,0,0,0
"419","1","2026094","20260924","20260925","11","1",453,0,695,242,1148
"419","1","2026094","20260924","20260925","11","2",1972477500,0,2983907000,1011429500,4956384500
"419","1","2026094","20260924","20260925","21","1",0,0,0,0,0
"419","1","2026094","20260924","20260925","21","2",0,0,0,0,0
"419","1","2026094","20260924","20260925","22","1",0,0,0,0,0
"419","1","2026094","20260924","20260925","22","2",0,0,0,0,0
"419","1","2026094","20260924","20260925","23","1",0,0,0,0,0
"419","1","2026094","20260924","20260925","23","2",0,0,0,0,0
"419","1","2026094","20260924","20260925","24","1",0,0,0,0,0
"419","1","2026094","20260924","20260925","24","2",0,0,0,0,0
"419","1","2026094","20260924","20260925","31","1",0,0,0,0,0
"419","1","2026094","20260924","20260925","31","2",0,0,0,0,0
"419","1","2026094","20260924","20260925","32","1",1471,-391,1080,0,2551
"419","1","2026094","20260924","20260925","32","2",6338370500,-1542821500,4795549000,0,11133919500
"419","1","2026094","20260924","20260925","33","1",258,-23,235,0,493
"419","1","2026094","20260924","20260925","33","2",1121632500,-104864000,1016768500,0,2138401000
"419","1","2026094","20260924","20260925","41","1",0,0,0,0,0
"419","1","2026094","20260924","20260925","41","2",0,0,0,0,0
"419","1","2026094","20260924","20260925","51","1",442,-33,409,0,851
"419","1","2026094","20260924","20260925","51","2",1910899500,-144527000,1766372500,0,3677272000
"419","1","2026094","20260924","20260925","60","1",1897,0,2102,205,3999
"419","1","2026094","20260924","20260925","60","2",8227045500,0,9007828500,780783000,17234874000
"423","1","2026094","20260924","20260925","11","1",0,0,0,0,0
"423","1","2026094","20260924","20260925","11","2",0,0,0,0,0
"423","1","2026094","20260924","20260925","21","1",0,0,0,0,0
"423","1","2026094","20260924","20260925","21","2",0,0,0,0,0
"423","1","2026094","20260924","20260925","22","1",0,0,0,0,0
"423","1","2026094","20260924","20260925","22","2",0,0,0,0,0
"423","1","2026094","20260924","20260925","23","1",0,0,0,0,0
"423","1","2026094","20260924","20260925","23","2",0,0,0,0,0
"423","1","2026094","20260924","20260925","24","1",0,0,0,0,0
"423","1","2026094","20260924","20260925","24","2",0,0,0,0,0
"423","1","2026094","20260924","20260925","31","1",0,0,0,0,0
"423","1","2026094","20260924","20260925","31","2",0,0,0,0,0
"423","1","2026094","20260924","20260925","32","1",15,-15,0,0,15
"423","1","2026094","20260924","20260925","32","2",23760000,-23760000,0,0,23760000
"423","1","2026094","20260924","20260925","33","1",0,0,0,0,0
"423","1","2026094","20260924","20260925","33","2",0,0,0,0,0
"423","1","2026094","20260924","20260925","41","1",0,0,0,0,0
"423","1","2026094","20260924","20260925","41","2",0,0,0,0,0
"423","1","2026094","20260924","20260925","51","1",0,0,0,0,0
"423","1","2026094","20260924","20260925","51","2",0,0,0,0,0
"423","1","2026094","20260924","20260925","60","1",0,0,15,15,15
"423","1","2026094","20260924","20260925","60","2",0,0,23760000,23760000,23760000
"422","1","2026094","20260924","20260925","11","1",0,0,0,0,0
"422","1","2026094","20260924","20260925","11","2",0,0,0,0,0
"422","1","2026094","20260924","20260925","21","1",0,0,0,0,0
"422","1","2026094","20260924","20260925","21","2",0,0,0,0,0
"422","1","2026094","20260924","20260925","22","1",0,0,0,0,0
"422","1","2026094","20260924","20260925","22","2",0,0,0,0,0
"422","1","2026094","20260924","20260925","23","1",0,0,0,0,0
"422","1","2026094","20260924","20260925","23","2",0,0,0,0,0
"422","1","2026094","20260924","20260925","24","1",0,0,0,0,0
"422","1","2026094","20260924","20260925","24","2",0,0,0,0,0
"422","1","2026094","20260924","20260925","31","1",0,0,0,0,0
"422","1","2026094","20260924","20260925","31","2",0,0,0,0,0
"422","1","2026094","20260924","20260925","32","1",0,0,0,0,0
"422","1","2026094","20260924","20260925","32","2",0,0,0,0,0
"422","1","2026094","20260924","20260925","33","1",0,0,0,0,0
"422","1","2026094","20260924","20260925","33","2",0,0,0,0,0
"422","1","2026094","20260924","20260925","41","1",0,0,0,0,0
"422","1","2026094","20260924","20260925","41","2",0,0,0,0,0
"422","1","2026094","20260924","20260925","51","1",0,0,0,0,0
"422","1","2026094","20260924","20260925","51","2",0,0,0,0,0
"422","1","2026094","20260924","20260925","60","1",0,0,0,0,0
"422","1","2026094","20260924","20260925","60","2",0,0,0,0,0
"445","1","2026094","20260924","20260925","11","1",0,0,0,0,0
"445","1","2026094","20260924","20260925","11","2",0,0,0,0,0
"445","1","2026094","20260924","20260925","21","1",0,0,0,0,0
"445","1","2026094","20260924","20260925","21","2",0,0,0,0,0
"445","1","2026094","20260924","20260925","22","1",0,0,0,0,0
"445","1","2026094","20260924","20260925","22","2",0,0,0,0,0
"445","1","2026094","20260924","20260925","23","1",0,0,0,0,0
"445","1","2026094","20260924","20260925","23","2",0,0,0,0,0
"445","1","2026094","20260924","20260925","24","1",0,0,0,0,0
"445","1","2026094","20260924","20260925","24","2",0,0,0,0,0
"445","1","2026094","20260924","20260925","31","1",0,0,0,0,0
"445","1","2026094","20260924","20260925","31","2",0,0,0,0,0
"445","1","2026094","20260924","20260925","32","1",0,0,0,0,0
"445","1","2026094","20260924","20260925","32","2",0,0,0,0,0
"445","1","2026094","20260924","20260925","33","1",0,0,0,0,0
"445","1","2026094","20260924","20260925","33","2",0,0,0,0,0
"445","1","2026094","20260924","20260925","41","1",0,0,0,0,0
"445","1","2026094","20260924","20260925","41","2",0,0,0,0,0
"445","1","2026094","20260924","20260925","51","1",0,0,0,0,0
"445","1","2026094","20260924","20260925","51","2",0,0,0,0,0
"445","1","2026094","20260924","20260925","60","1",0,0,0,0,0
"445","1","2026094","20260924","20260925","60","2",0,0,0,0,0
"425","1","2026094","20260924","20260925","11","1",0,0,0,0,0
"425","1","2026094","20260924","20260925","11","2",0,0,0,0,0
"425","1","2026094","20260924","20260925","21","1",0,0,0,0,0
"425","1","2026094","20260924","20260925","21","2",0,0,0,0,0
"425","1","2026094","20260924","20260925","22","1",0,0,0,0,0
"425","1","2026094","20260924","20260925","22","2",0,0,0,0,0
"425","1","2026094","20260924","20260925","23","1",0,0,0,0,0
"425","1","2026094","20260924","20260925","23","2",0,0,0,0,0
"425","1","2026094","20260924","20260925","24","1",0,0,0,0,0
"425","1","2026094","20260924","20260925","24","2",0,0,0,0,0
"425","1","2026094","20260924","20260925","31","1",0,0,0,0,0
"425","1","2026094","20260924","20260925","31","2",0,0,0,0,0
"425","1","2026094","20260924","20260925","32","1",0,0,0,0,0
"425","1","2026094","20260924","20260925","32","2",0,0,0,0,0
"425","1","2026094","20260924","20260925","33","1",0,0,0,0,0
"425","1","2026094","20260924","20260925","33","2",0,0,0,0,0
"425","1","2026094","20260924","20260925","41","1",0,0,0,0,0
"425","1","2026094","20260924","20260925","41","2",0,0,0,0,0
"425","1","2026094","20260924","20260925","51","1",0,0,0,0,0
"425","1","2026094","20260924","20260925","51","2",0,0,0,0,0
"425","1","2026094","20260924","20260925","60","1",0,0,0,0,0
"425","1","2026094","20260924","20260925","60","2",0,0,0,0,0
"424","1","2026094","20260924","20260925","11","1",0,0,0,0,0
"424","1","2026094","20260924","20260925","11","2",0,0,0,0,0
"424","1","2026094","20260924","20260925","21","1",0,0,0,0,0
"424","1","2026094","20260924","20260925","21","2",0,0,0,0,0
"424","1","2026094","20260924","20260925","22","1",0,0,0,0,0
"424","1","2026094","20260924","20260925","22","2",0,0,0,0,0
"424","1","2026094","20260924","20260925","23","1",0,0,0,0,0
"424","1","2026094","20260924","20260925","23","2",0,0,0,0,0
"424","1","2026094","20260924","20260925","24","1",0,0,0,0,0
"424","1","2026094","20260924","20260925","24","2",0,0,0,0,0
"424","1","2026094","20260924","20260925","31","1",0,0,0,0,0
"424","1","2026094","20260924","20260925","31","2",0,0,0,0,0
"424","1","2026094","20260924","20260925","32","1",0,0,0,0,0
"424","1","2026094","20260924","20260925","32","2",0,0,0,0,0
"424","1","2026094","20260924","20260925","33","1",0,0,0,0,0
"424","1","2026094","20260924","20260925","33","2",0,0,0,0,0
"424","1","2026094","20260924","20260925","41","1",0,0,0,0,0
"424","1","2026094","20260924","20260925","41","2",0,0,0,0,0
"424","1","2026094","20260924","20260925","51","1",0,0,0,0,0
"424","1","2026094","20260924","20260925","51","2",0,0,0,0,0
"424","1","2026094","20260924","20260925","60","1",0,0,0,0,0
"424","1","2026094","20260924","20260925","60","2",0,0,0,0,0
"446","1","2026094","20260924","20260925","11","1",0,0,0,0,0
"446","1","2026094","20260924","20260925","11","2",0,0,0,0,0
"446","1","2026094","20260924","20260925","21","1",0,0,0,0,0
"446","1","2026094","20260924","20260925","21","2",0,0,0,0,0
"446","1","2026094","20260924","20260925","22","1",0,0,0,0,0
"446","1","2026094","20260924","20260925","22","2",0,0,0,0,0
"446","1","2026094","20260924","20260925","23","1",0,0,0,0,0
"446","1","2026094","20260924","20260925","23","2",0,0,0,0,0
"446","1","2026094","20260924","20260925","24","1",0,0,0,0,0
"446","1","2026094","20260924","20260925","24","2",0,0,0,0,0
"446","1","2026094","20260924","20260925","31","1",0,0,0,0,0
"446","1","2026094","20260924","20260925","31","2",0,0,0,0,0
"446","1","2026094","20260924","20260925","32","1",0,0,0,0,0
"446","1","2026094","20260924","20260925","32","2",0,0,0,0,0
"446","1","2026094","20260924","20260925","33","1",0,0,0,0,0
"446","1","2026094","20260924","20260925","33","2",0,0,0,0,0
"446","1","2026094","20260924","20260925","41","1",0,0,0,0,0
"446","1","2026094","20260924","20260925","41","2",0,0,0,0,0
"446","1","2026094","20260924","20260925","51","1",0,0,0,0,0
"446","1","2026094","20260924","20260925","51","2",0,0,0,0,0
"446","1","2026094","20260924","20260925","60","1",0,0,0,0,0
"446","1","2026094","20260924","20260925","60","2",0,0,0,0,0
"428","1","2026094","20260924","20260925","11","1",0,0,0,0,0
"428","1","2026094","20260924","20260925","11","2",0,0,0,0,0
"428","1","2026094","20260924","20260925","21","1",0,0,0,0,0
"428","1","2026094","20260924","20260925","21","2",0,0,0,0,0
"428","1","2026094","20260924","20260925","22","1",0,0,0,0,0
"428","1","2026094","20260924","20260925","22","2",0,0,0,0,0
"428","1","2026094","20260924","20260925","23","1",0,0,0,0,0
"428","1","2026094","20260924","20260925","23","2",0,0,0,0,0
"428","1","2026094","20260924","20260925","24","1",0,0,0,0,0
"428","1","2026094","20260924","20260925","24","2",0,0,0,0,0
"428","1","2026094","20260924","20260925","31","1",0,0,0,0,0
"428","1","2026094","20260924","20260925","31","2",0,0,0,0,0
"428","1","2026094","20260924","20260925","32","1",0,0,0,0,0
"428","1","2026094","20260924","20260925","32","2",0,0,0,0,0
"428","1","2026094","20260924","20260925","33","1",0,0,0,0,0
"428","1","2026094","20260924","20260925","33","2",0,0,0,0,0
"428","1","2026094","20260924","20260925","41","1",0,0,0,0,0
"428","1","2026094","20260924","20260925","41","2",0,0,0,0,0
"428","1","2026094","20260924","20260925","51","1",0,0,0,0,0
"428","1","2026094","20260924","20260925","51","2",0,0,0,0,0
"428","1","2026094","20260924","20260925","60","1",0,0,0,0,0
"428","1","2026094","20260924","20260925","60","2",0,0,0,0,0
"427","1","2026094","20260924","20260925","11","1",0,0,0,0,0
"427","1","2026094","20260924","20260925","11","2",0,0,0,0,0
"427","1","2026094","20260924","20260925","21","1",0,0,0,0,0
"427","1","2026094","20260924","20260925","21","2",0,0,0,0,0
"427","1","2026094","20260924","20260925","22","1",0,0,0,0,0
"427","1","2026094","20260924","20260925","22","2",0,0,0,0,0
"427","1","2026094","20260924","20260925","23","1",0,0,0,0,0
"427","1","2026094","20260924","20260925","23","2",0,0,0,0,0
"427","1","2026094","20260924","20260925","24","1",0,0,0,0,0
"427","1","2026094","20260924","20260925","24","2",0,0,0,0,0
"427","1","2026094","20260924","20260925","31","1",0,0,0,0,0
"427","1","2026094","20260924","20260925","31","2",0,0,0,0,0
"427","1","2026094","20260924","20260925","32","1",0,0,0,0,0
"427","1","2026094","20260924","20260925","32","2",0,0,0,0,0
"427","1","2026094","20260924","20260925","33","1",0,0,0,0,0
"427","1","2026094","20260924","20260925","33","2",0,0,0,0,0
"427","1","2026094","20260924","20260925","41","1",0,0,0,0,0
"427","1","2026094","20260924","20260925","41","2",0,0,0,0,0
"427","1","2026094","20260924","20260925","51","1",0,0,0,0,0
"427","1","2026094","20260924","20260925","51","2",0,0,0,0,0
"427","1","2026094","20260924","20260925","60","1",0,0,0,0,0
"427","1","2026094","20260924","20260925","60","2",0,0,0,0,0
"430","1","2026094","20260924","20260925","11","1",0,0,0,0,0
"430","1","2026094","20260924","20260925","11","2",0,0,0,0,0
"430","1","2026094","20260924","20260925","21","1",0,0,0,0,0
"430","1","2026094","20260924","20260925","21","2",0,0,0,0,0
"430","1","2026094","20260924","20260925","22","1",0,0,0,0,0
"430","1","2026094","20260924","20260925","22","2",0,0,0,0,0
"430","1","2026094","20260924","20260925","23","1",0,0,0,0,0
"430","1","2026094","20260924","20260925","23","2",0,0,0,0,0
"430","1","2026094","20260924","20260925","24","1",0,0,0,0,0
"430","1","2026094","20260924","20260925","24","2",0,0,0,0,0
"430","1","2026094","20260924","20260925","31","1",0,0,0,0,0
"430","1","2026094","20260924","20260925","31","2",0,0,0,0,0
"430","1","2026094","20260924","20260925","32","1",0,0,0,0,0
"430","1","2026094","20260924","20260925","32","2",0,0,0,0,0
"430","1","2026094","20260924","20260925","33","1",0,0,0,0,0
"430","1","2026094","20260924","20260925","33","2",0,0,0,0,0
"430","1","2026094","20260924","20260925","41","1",0,0,0,0,0
"430","1","2026094","20260924","20260925","41","2",0,0,0,0,0
"430","1","2026094","20260924","20260925","51","1",0,0,0,0,0
"430","1","2026094","20260924","20260925","51","2",0,0,0,0,0
"430","1","2026094","20260924","20260925","60","1",0,0,0,0,0
"430","1","2026094","20260924","20260925","60","2",0,0,0,0,0
"429","1","2026094","20260924","20260925","11","1",0,0,0,0,0
"429","1","2026094","20260924","20260925","11","2",0,0,0,0,0
"429","1","2026094","20260924","20260925","21","1",0,0,0,0,0
"429","1","2026094","20260924","20260925","21","2",0,0,0,0,0
"429","1","2026094","20260924","20260925","22","1",0,0,0,0,0
"429","1","2026094","20260924","20260925","22","2",0,0,0,0,0
"429","1","2026094","20260924","20260925","23","1",0,0,0,0,0
"429","1","2026094","20260924","20260925","23","2",0,0,0,0,0
"429","1","2026094","20260924","20260925","24","1",0,0,0,0,0
"429","1","2026094","20260924","20260925","24","2",0,0,0,0,0
"429","1","2026094","20260924","20260925","31","1",0,0,0,0,0
"429","1","2026094","20260924","20260925","31","2",0,0,0,0,0
"429","1","2026094","20260924","20260925","32","1",0,0,0,0,0
"429","1","2026094","20260924","20260925","32","2",0,0,0,0,0
"429","1","2026094","20260924","20260925","33","1",0,0,0,0,0
"429","1","2026094","20260924","20260925","33","2",0,0,0,0,0
"429","1","2026094","20260924","20260925","41","1",0,0,0,0,0
"429","1","2026094","20260924","20260925","41","2",0,0,0,0,0
"429","1","2026094","20260924","20260925","51","1",0,0,0,0,0
"429","1","2026094","20260924","20260925","51","2",0,0,0,0,0
"429","1","2026094","20260924","20260925","60","1",0,0,0,0,0
"429","1","2026094","20260924","20260925","60","2",0,0,0,0,0
"433","1","2026094","20260924","20260925","11","1",0,0,0,0,0
"433","1","2026094","20260924","20260925","11","2",0,0,0,0,0
"433","1","2026094","20260924","20260925","21","1",0,0,0,0,0
"433","1","2026094","20260924","20260925","21","2",0,0,0,0,0
"433","1","2026094","20260924","20260925","22","1",0,0,0,0,0
"433","1","2026094","20260924","20260925","22","2",0,0,0,0,0
"433","1","2026094","20260924","20260925","23","1",0,0,0,0,0
"433","1","2026094","20260924","20260925","23","2",0,0,0,0,0
"433","1","2026094","20260924","20260925","24","1",0,0,0,0,0
"433","1","2026094","20260924","20260925","24","2",0,0,0,0,0
"433","1","2026094","20260924","20260925","31","1",0,0,0,0,0
"433","1","2026094","20260924","20260925","31","2",0,0,0,0,0
"433","1","2026094","20260924","20260925","32","1",0,0,0,0,0
"433","1","2026094","20260924","20260925","32","2",0,0,0,0,0
"433","1","2026094","20260924","20260925","33","1",0,0,0,0,0
"433","1","2026094","20260924","20260925","33","2",0,0,0,0,0
"433","1","2026094","20260924","20260925","41","1",0,0,0,0,0
"433","1","2026094","20260924","20260925","41","2",0,0,0,0,0
"433","1","2026094","20260924","20260925","51","1",0,0,0,0,0
"433","1","2026094","20260924","20260925","51","2",0,0,0,0,0
"433","1","2026094","20260924","20260925","60","1",0,0,0,0,0
"433","1","2026094","20260924","20260925","60","2",0,0,0,0,0
"432","1","2026094","20260924","20260925","11","1",0,0,0,0,0
"432","1","2026094","20260924","20260925","11","2",0,0,0,0,0
"432","1","2026094","20260924","20260925","21","1",0,0,0,0,0
"432","1","2026094","20260924","20260925","21","2",0,0,0,0,0
"432","1","2026094","20260924","20260925","22","1",0,0,0,0,0
"432","1","2026094","20260924","20260925","22","2",0,0,0,0,0
"432","1","2026094","20260924","20260925","23","1",0,0,0,0,0
"432","1","2026094","20260924","20260925","23","2",0,0,0,0,0
"432","1","2026094","20260924","20260925","24","1",0,0,0,0,0
"432","1","2026094","20260924","20260925","24","2",0,0,0,0,0
"432","1","2026094","20260924","20260925","31","1",0,0,0,0,0
"432","1","2026094","20260924","20260925","31","2",0,0,0,0,0
"432","1","2026094","20260924","20260925","32","1",0,0,0,0,0
"432","1","2026094","20260924","20260925","32","2",0,0,0,0,0
"432","1","2026094","20260924","20260925","33","1",0,0,0,0,0
"432","1","2026094","20260924","20260925","33","2",0,0,0,0,0
"432","1","2026094","20260924","20260925","41","1",0,0,0,0,0
"432","1","2026094","20260924","20260925","41","2",0,0,0,0,0
"432","1","2026094","20260924","20260925","51","1",0,0,0,0,0
"432","1","2026094","20260924","20260925","51","2",0,0,0,0,0
"432","1","2026094","20260924","20260925","60","1",0,0,0,0,0
"432","1","2026094","20260924","20260925","60","2",0,0,0,0,0
"447","1","2026094","20260924","20260925","11","1",0,0,0,0,0
"447","1","2026094","20260924","20260925","11","2",0,0,0,0,0
"447","1","2026094","20260924","20260925","21","1",0,0,0,0,0
"447","1","2026094","20260924","20260925","21","2",0,0,0,0,0
"447","1","2026094","20260924","20260925","22","1",0,0,0,0,0
"447","1","2026094","20260924","20260925","22","2",0,0,0,0,0
"447","1","2026094","20260924","20260925","23","1",0,0,0,0,0
"447","1","2026094","20260924","20260925","23","2",0,0,0,0,0
"447","1","2026094","20260924","20260925","24","1",0,0,0,0,0
"447","1","2026094","20260924","20260925","24","2",0,0,0,0,0
"447","1","2026094","20260924","20260925","31","1",0,0,0,0,0
"447","1","2026094","20260924","20260925","31","2",0,0,0,0,0
"447","1","2026094","20260924","20260925","32","1",0,0,0,0,0
"447","1","2026094","20260924","20260925","32","2",0,0,0,0,0
"447","1","2026094","20260924","20260925","33","1",0,0,0,0,0
"447","1","2026094","20260924","20260925","33","2",0,0,0,0,0
"447","1","2026094","20260924","20260925","41","1",0,0,0,0,0
"447","1","2026094","20260924","20260925","41","2",0,0,0,0,0
"447","1","2026094","20260924","20260925","51","1",0,0,0,0,0
"447","1","2026094","20260924","20260925","51","2",0,0,0,0,0
"447","1","2026094","20260924","20260925","60","1",0,0,0,0,0
"447","1","2026094","20260924","20260925","60","2",0,0,0,0,0
"435","1","2026094","20260924","20260925","11","1",0,0,0,0,0
"435","1","2026094","20260924","20260925","11","2",0,0,0,0,0
"435","1","2026094","20260924","20260925","21","1",0,0,0,0,0
"435","1","2026094","20260924","20260925","21","2",0,0,0,0,0
"435","1","2026094","20260924","20260925","22","1",0,0,0,0,0
"435","1","2026094","20260924","20260925","22","2",0,0,0,0,0
"435","1","2026094","20260924","20260925","23","1",0,0,0,0,0
"435","1","2026094","20260924","20260925","23","2",0,0,0,0,0
"435","1","2026094","20260924","20260925","24","1",0,0,0,0,0
"435","1","2026094","20260924","20260925","24","2",0,0,0,0,0
"435","1","2026094","20260924","20260925","31","1",0,0,0,0,0
"435","1","2026094","20260924","20260925","31","2",0,0,0,0,0
"435","1","2026094","20260924","20260925","32","1",0,0,0,0,0
"435","1","2026094","20260924","20260925","32","2",0,0,0,0,0
"435","1","2026094","20260924","20260925","33","1",0,0,0,0,0
"435","1","2026094","20260924","20260925","33","2",0,0,0,0,0
"435","1","2026094","20260924","20260925","41","1",0,0,0,0,0
"435","1","2026094","20260924","20260925","41","2",0,0,0,0,0
"435","1","2026094","20260924","20260925","51","1",0,0,0,0,0
"435","1","2026094","20260924","20260925","51","2",0,0,0,0,0
"435","1","2026094","20260924","20260925","60","1",0,0,0,0,0
"435","1","2026094","20260924","20260925","60","2",0,0,0,0,0
"434","1","2026094","20260924","20260925","11","1",0,0,0,0,0
"434","1","2026094","20260924","20260925","11","2",0,0,0,0,0
"434","1","2026094","20260924","20260925","21","1",0,0,0,0,0
"434","1","2026094","20260924","20260925","21","2",0,0,0,0,0
"434","1","2026094","20260924","20260925","22","1",0,0,0,0,0
"434","1","2026094","20260924","20260925","22","2",0,0,0,0,0
"434","1","2026094","20260924","20260925","23","1",0,0,0,0,0
"434","1","2026094","20260924","20260925","23","2",0,0,0,0,0
"434","1","2026094","20260924","20260925","24","1",0,0,0,0,0
"434","1","2026094","20260924","20260925","24","2",0,0,0,0,0
"434","1","2026094","20260924","20260925","31","1",0,0,0,0,0
"434","1","2026094","20260924","20260925","31","2",0,0,0,0,0
"434","1","2026094","20260924","20260925","32","1",0,0,0,0,0
"434","1","2026094","20260924","20260925","32","2",0,0,0,0,0
"434","1","2026094","20260924","20260925","33","1",0,0,0,0,0
"434","1","2026094","20260924","20260925","33","2",0,0,0,0,0
"434","1","2026094","20260924","20260925","41","1",0,0,0,0,0
"434","1","2026094","20260924","20260925","41","2",0,0,0,0,0
"434","1","2026094","20260924","20260925","51","1",0,0,0,0,0
"434","1","2026094","20260924","20260925","51","2",0,0,0,0,0
"434","1","2026094","20260924","20260925","60","1",0,0,0,0,0
"434","1","2026094","20260924","20260925","60","2",0,0,0,0,0
"448","1","2026094","20260924","20260925","11","1",0,0,0,0,0
"448","1","2026094","20260924","20260925","11","2",0,0,0,0,0
"448","1","2026094","20260924","20260925","21","1",0,0,0,0,0
"448","1","2026094","20260924","20260925","21","2",0,0,0,0,0
"448","1","2026094","20260924","20260925","22","1",0,0,0,0,0
"448","1","2026094","20260924","20260925","22","2",0,0,0,0,0
"448","1","2026094","20260924","20260925","23","1",0,0,0,0,0
"448","1","2026094","20260924","20260925","23","2",0,0,0,0,0
"448","1","2026094","20260924","20260925","24","1",0,0,0,0,0
"448","1","2026094","20260924","20260925","24","2",0,0,0,0,0
"448","1","2026094","20260924","20260925","31","1",0,0,0,0,0
"448","1","2026094","20260924","20260925","31","2",0,0,0,0,0
"448","1","2026094","20260924","20260925","32","1",0,0,0,0,0
"448","1","2026094","20260924","20260925","32","2",0,0,0,0,0
"448","1","2026094","20260924","20260925","33","1",0,0,0,0,0
"448","1","2026094","20260924","20260925","33","2",0,0,0,0,0
"448","1","2026094","20260924","20260925","41","1",0,0,0,0,0
"448","1","2026094","20260924","20260925","41","2",0,0,0,0,0
"448","1","2026094","20260924","20260925","51","1",0,0,0,0,0
"448","1","2026094","20260924","20260925","51","2",0,0,0,0,0
"448","1","2026094","20260924","20260925","60","1",0,0,0,0,0
"448","1","2026094","20260924","20260925","60","2",0,0,0,0,0
"426","1","2026094","20260924","20260925","11","1",0,0,0,0,0
"426","1","2026094","20260924","20260925","11","2",0,0,0,0,0
"426","1","2026094","20260924","20260925","21","1",0,0,0,0,0
"426","1","2026094","20260924","20260925","21","2",0,0,0,0,0
"426","1","2026094","20260924","20260925","22","1",0,0,0,0,0
"426","1","2026094","20260924","20260925","22","2",0,0,0,0,0
"426","1","2026094","20260924","20260925","23","1",0,0,0,0,0
"426","1","2026094","20260924","20260925","23","2",0,0,0,0,0
"426","1","2026094","20260924","20260925","24","1",0,0,0,0,0
"426","1","2026094","20260924","20260925","24","2",0,0,0,0,0
"426","1","2026094","20260924","20260925","31","1",0,0,0,0,0
"426","1","2026094","20260924","20260925","31","2",0,0,0,0,0
"426","1","2026094","20260924","20260925","32","1",0,0,0,0,0
"426","1","2026094","20260924","20260925","32","2",0,0,0,0,0
"426","1","2026094","20260924","20260925","33","1",0,0,0,0,0
"426","1","2026094","20260924","20260925","33","2",0,0,0,0,0
"426","1","2026094","20260924","20260925","41","1",0,0,0,0,0
"426","1","2026094","20260924","20260925","41","2",0,0,0,0,0
"426","1","2026094","20260924","20260925","51","1",0,0,0,0,0
"426","1","2026094","20260924","20260925","51","2",0,0,0,0,0
"426","1","2026094","20260924","20260925","60","1",0,0,0,0,0
"426","1","2026094","20260924","20260925","60","2",0,0,0,0,0
"420","1","2026094","20260924","20260925","11","1",20,0,20,0,40
"420","1","2026094","20260924","20260925","11","2",19742000,0,19742000,0,39484000
"420","1","2026094","20260924","20260925","21","1",0,0,0,0,0
"420","1","2026094","20260924","20260925","21","2",0,0,0,0,0
"420","1","2026094","20260924","20260925","22","1",0,0,0,0,0
"420","1","2026094","20260924","20260925","22","2",0,0,0,0,0
"420","1","2026094","20260924","20260925","23","1",0,0,0,0,0
"420","1","2026094","20260924","20260925","23","2",0,0,0,0,0
"420","1","2026094","20260924","20260925","24","1",0,0,0,0,0
"420","1","2026094","20260924","20260925","24","2",0,0,0,0,0
"420","1","2026094","20260924","20260925","31","1",0,0,0,0,0
"420","1","2026094","20260924","20260925","31","2",0,0,0,0,0
"420","1","2026094","20260924","20260925","32","1",20,0,20,0,40
"420","1","2026094","20260924","20260925","32","2",19741800,0,19741800,0,39483600
"420","1","2026094","20260924","20260925","33","1",0,0,0,0,0
"420","1","2026094","20260924","20260925","33","2",0,0,0,0,0
"420","1","2026094","20260924","20260925","41","1",0,0,0,0,0
"420","1","2026094","20260924","20260925","41","2",0,0,0,0,0
"420","1","2026094","20260924","20260925","51","1",0,0,0,0,0
"420","1","2026094","20260924","20260925","51","2",0,0,0,0,0
"420","1","2026094","20260924","20260925","60","1",0,0,0,0,0
"420","1","2026094","20260924","20260925","60","2",0,0,0,0,0
"421","1","2026094","20260924","20260925","11","1",0,0,0,0,0
"421","1","2026094","20260924","20260925","11","2",0,0,0,0,0
"421","1","2026094","20260924","20260925","21","1",0,0,0,0,0
"421","1","2026094","20260924","20260925","21","2",0,0,0,0,0
"421","1","2026094","20260924","20260925","22","1",0,0,0,0,0
"421","1","2026094","20260924","20260925","22","2",0,0,0,0,0
"421","1","2026094","20260924","20260925","23","1",0,0,0,0,0
"421","1","2026094","20260924","20260925","23","2",0,0,0,0,0
"421","1","2026094","20260924","20260925","24","1",0,0,0,0,0
"421","1","2026094","20260924","20260925","24","2",0,0,0,0,0
"421","1","2026094","20260924","20260925","31","1",0,0,0,0,0
"421","1","2026094","20260924","20260925","31","2",0,0,0,0,0
"421","1","2026094","20260924","20260925","32","1",0,0,0,0,0
"421","1","2026094","20260924","20260925","32","2",0,0,0,0,0
"421","1","2026094","20260924","20260925","33","1",0,0,0,0,0
"421","1","2026094","20260924","20260925","33","2",0,0,0,0,0
"421","1","2026094","20260924","20260925","41","1",0,0,0,0,0
"421","1","2026094","20260924","20260925","41","2",0,0,0,0,0
"421","1","2026094","20260924","20260925","51","1",0,0,0,0,0
"421","1","2026094","20260924","20260925","51","2",0,0,0,0,0
"421","1","2026094","20260924","20260925","60","1",0,0,0,0,0
"421","1","2026094","20260924","20260925","60","2",0,0,0,0,0
"303","1","2026094","20260924","20260925","11","1",6047,-437,5610,0,11657
"303","1","2026094","20260924","20260925","11","2",3312083446,-677515446,2634568000,0,5946651446
"303","1","2026094","20260924","20260925","21","1",0,0,0,0,0
"303","1","2026094","20260924","20260925","21","2",0,0,0,0,0
"303","1","2026094","20260924","20260925","22","1",33,-33,0,0,33
"303","1","2026094","20260924","20260925","22","2",3865000,-3865000,0,0,3865000
"303","1","2026094","20260924","20260925","23","1",155,0,184,29,339
"303","1","2026094","20260924","20260925","23","2",27271000,0,89432000,62161000,116703000
"303","1","2026094","20260924","20260925","24","1",10,-10,0,0,10
"303","1","2026094","20260924","20260925","24","2",1310000,-1310000,0,0,1310000
"303","1","2026094","20260924","20260925","31","1",0,0,0,0,0
"303","1","2026094","20260924","20260925","31","2",0,0,0,0,0
"303","1","2026094","20260924","20260925","32","1",480,0,612,132,1092
"303","1","2026094","20260924","20260925","32","2",62181030,-5248820,56932210,0,119113240
"303","1","2026094","20260924","20260925","33","1",131,-38,93,0,224
"303","1","2026094","20260924","20260925","33","2",38190000,-13874000,24316000,0,62506000
"303","1","2026094","20260924","20260925","41","1",0,0,1,1,1
"303","1","2026094","20260924","20260925","41","2",0,0,32000,32000,32000
"303","1","2026094","20260924","20260925","51","1",8431,-465,7966,0,16397
"303","1","2026094","20260924","20260925","51","2",1213696970,-204669380,1009027590,0,2222724560
"303","1","2026094","20260924","20260925","60","1",38162,0,39304,1142,77466
"303","1","2026094","20260924","20260925","60","2",21464338962,0,22355900608,891561646,43820239570
"304","1","2026094","20260924","20260925","11","1",2039,0,2172,133,4211
"304","1","2026094","20260924","20260925","11","2",1112995000,-125641000,987354000,0,2100349000
"304","1","2026094","20260924","20260925","21","1",0,0,0,0,0
"304","1","2026094","20260924","20260925","21","2",0,0,0,0,0
"304","1","2026094","20260924","20260925","22","1",0,0,0,0,0
"304","1","2026094","20260924","20260925","22","2",0,0,0,0,0
"304","1","2026094","20260924","20260925","23","1",62,-10,52,0,114
"304","1","2026094","20260924","20260925","23","2",26231000,-1141000,25090000,0,51321000
"304","1","2026094","20260924","20260925","24","1",0,0,0,0,0
"304","1","2026094","20260924","20260925","24","2",0,0,0,0,0
"304","1","2026094","20260924","20260925","31","1",0,0,0,0,0
"304","1","2026094","20260924","20260925","31","2",0,0,0,0,0
"304","1","2026094","20260924","20260925","32","1",347,-125,222,0,569
"304","1","2026094","20260924","20260925","32","2",85988150,-16174280,69813870,0,155802020
"304","1","2026094","20260924","20260925","33","1",155,-61,94,0,249
"304","1","2026094","20260924","20260925","33","2",16738000,-4394000,12344000,0,29082000
"304","1","2026094","20260924","20260925","41","1",0,0,2,2,2
"304","1","2026094","20260924","20260925","41","2",0,0,334000,334000,334000
"304","1","2026094","20260924","20260925","51","1",7196,0,7325,129,14521
"304","1","2026094","20260924","20260925","51","2",1234906680,-54623050,1180283630,0,2415190310
"304","1","2026094","20260924","20260925","60","1",19770,-66,19704,0,39474
"304","1","2026094","20260924","20260925","60","2",13449285106,0,13687593436,238308330,27136878542
"332","1","2026094","20260924","20260925","11","1",1547,-1297,250,0,1797
"332","1","2026094","20260924","20260925","11","2",8397100,-7586100,811000,0,9208100
"332","1","2026094","20260924","20260925","21","1",0,0,0,0,0
"332","1","2026094","20260924","20260925","21","2",0,0,0,0,0
"332","1","2026094","20260924","20260925","22","1",0,0,0,0,0
"332","1","2026094","20260924","20260925","22","2",0,0,0,0,0
"332","1","2026094","20260924","20260925","23","1",0,0,0,0,0
"332","1","2026094","20260924","20260925","23","2",0,0,0,0,0
"332","1","2026094","20260924","20260925","24","1",0,0,0,0,0
"332","1","2026094","20260924","20260925","24","2",0,0,0,0,0
"332","1","2026094","20260924","20260925","31","1",0,0,0,0,0
"332","1","2026094","20260924","20260925","31","2",0,0,0,0,0
"332","1","2026094","20260924","20260925","32","1",2042,-345,1697,0,3739
"332","1","2026094","20260924","20260925","32","2",31776370,-3727230,28049140,0,59825510
"332","1","2026094","20260924","20260925","33","1",272,-30,242,0,514
"332","1","2026094","20260924","20260925","33","2",10075930,0,10233200,157270,20309130
"332","1","2026094","20260924","20260925","41","1",0,0,0,0,0
"332","1","2026094","20260924","20260925","41","2",0,0,0,0,0
"332","1","2026094","20260924","20260925","51","1",39915,-8069,31846,0,71761
"332","1","2026094","20260924","20260925","51","2",694373550,-41386150,652987400,0,1347360950
"332","1","2026094","20260924","20260925","60","1",52821,0,63176,10355,115997
"332","1","2026094","20260924","20260925","60","2",1369432150,0,1529988860,160556710,2899421010
"333","1","2026094","20260924","20260925","11","1",242,-229,13,0,255
"333","1","2026094","20260924","20260925","11","2",51300,-41700,9600,0,60900
"333","1","2026094","20260924","20260925","21","1",0,0,0,0,0
"333","1","2026094","20260924","20260925","21","2",0,0,0,0,0
"333","1","2026094","20260924","20260925","22","1",0,0,0,0,0
"333","1","2026094","20260924","20260925","22","2",0,0,0,0,0
"333","1","2026094","20260924","20260925","23","1",0,0,0,0,0
"333","1","2026094","20260924","20260925","23","2",0,0,0,0,0
"333","1","2026094","20260924","20260925","24","1",0,0,0,0,0
"333","1","2026094","20260924","20260925","24","2",0,0,0,0,0
"333","1","2026094","20260924","20260925","31","1",0,0,0,0,0
"333","1","2026094","20260924","20260925","31","2",0,0,0,0,0
"333","1","2026094","20260924","20260925","32","1",2236,-35,2201,0,4437
"333","1","2026094","20260924","20260925","32","2",47631460,0,52382190,4750730,100013650
"333","1","2026094","20260924","20260925","33","1",144,-25,119,0,263
"333","1","2026094","20260924","20260925","33","2",4338100,0,9874300,5536200,14212400
"333","1","2026094","20260924","20260925","41","1",0,0,0,0,0
"333","1","2026094","20260924","20260925","41","2",0,0,0,0,0
"333","1","2026094","20260924","20260925","51","1",30521,-3735,26786,0,57307
"333","1","2026094","20260924","20260925","51","2",826353070,-31952480,794400590,0,1620753660
"333","1","2026094","20260924","20260925","60","1",44785,0,49908,5123,94693
"333","1","2026094","20260924","20260925","60","2",1337481300,0,1401509050,64027750,2738990350
"319","1","2026094","20260924","20260925","11","1",5,-5,0,0,5
"319","1","2026094","20260924","20260925","11","2",14900000,-14900000,0,0,14900000
"319","1","2026094","20260924","20260925","21","1",0,0,0,0,0
"319","1","2026094","20260924","20260925","21","2",0,0,0,0,0
"319","1","2026094","20260924","20260925","22","1",0,0,0,0,0
"319","1","2026094","20260924","20260925","22","2",0,0,0,0,0
"319","1","2026094","20260924","20260925","23","1",0,0,0,0,0
"319","1","2026094","20260924","20260925","23","2",0,0,0,0,0
"319","1","2026094","20260924","20260925","24","1",0,0,0,0,0
"319","1","2026094","20260924","20260925","24","2",0,0,0,0,0
"319","1","2026094","20260924","20260925","31","1",0,0,0,0,0
"319","1","2026094","20260924","20260925","31","2",0,0,0,0,0
"319","1","2026094","20260924","20260925","32","1",0,0,0,0,0
"319","1","2026094","20260924","20260925","32","2",0,0,0,0,0
"319","1","2026094","20260924","20260925","33","1",0,0,0,0,0
"319","1","2026094","20260924","20260925","33","2",0,0,0,0,0
"319","1","2026094","20260924","20260925","41","1",0,0,0,0,0
"319","1","2026094","20260924","20260925","41","2",0,0,0,0,0
"319","1","2026094","20260924","20260925","51","1",0,0,0,0,0
"319","1","2026094","20260924","20260925","51","2",0,0,0,0,0
"319","1","2026094","20260924","20260925","60","1",1054,0,1059,5,2113
"319","1","2026094","20260924","20260925","60","2",1203778120,0,1218678120,14900000,2422456240
"320","1","2026094","20260924","20260925","11","1",0,0,0,0,0
"320","1","2026094","20260924","20260925","11","2",0,0,0,0,0
"320","1","2026094","20260924","20260925","21","1",0,0,0,0,0
"320","1","2026094","20260924","20260925","21","2",0,0,0,0,0
"320","1","2026094","20260924","20260925","22","1",0,0,0,0,0
"320","1","2026094","20260924","20260925","22","2",0,0,0,0,0
"320","1","2026094","20260924","20260925","23","1",0,0,0,0,0
"320","1","2026094","20260924","20260925","23","2",0,0,0,0,0
"320","1","2026094","20260924","20260925","24","1",0,0,0,0,0
"320","1","2026094","20260924","20260925","24","2",0,0,0,0,0
"320","1","2026094","20260924","20260925","31","1",0,0,0,0,0
"320","1","2026094","20260924","20260925","31","2",0,0,0,0,0
"320","1","2026094","20260924","20260925","32","1",0,0,0,0,0
"320","1","2026094","20260924","20260925","32","2",0,0,0,0,0
"320","1","2026094","20260924","20260925","33","1",0,0,0,0,0
"320","1","2026094","20260924","20260925","33","2",0,0,0,0,0
"320","1","2026094","20260924","20260925","41","1",0,0,0,0,0
"320","1","2026094","20260924","20260925","41","2",0,0,0,0,0
"320","1","2026094","20260924","20260925","51","1",0,0,0,0,0
"320","1","2026094","20260924","20260925","51","2",0,0,0,0,0
"320","1","2026094","20260924","20260925","60","1",315,0,315,0,630
"320","1","2026094","20260924","20260925","60","2",132425000,0,132425000,0,264850000
"327","1","2026094","20260924","20260925","11","1",0,0,0,0,0
"327","1","2026094","20260924","20260925","11","2",0,0,0,0,0
"327","1","2026094","20260924","20260925","21","1",0,0,0,0,0
"327","1","2026094","20260924","20260925","21","2",0,0,0,0,0
"327","1","2026094","20260924","20260925","22","1",0,0,0,0,0
"327","1","2026094","20260924","20260925","22","2",0,0,0,0,0
"327","1","2026094","20260924","20260925","23","1",0,0,0,0,0
"327","1","2026094","20260924","20260925","23","2",0,0,0,0,0
"327","1","2026094","20260924","20260925","24","1",0,0,0,0,0
"327","1","2026094","20260924","20260925","24","2",0,0,0,0,0
"327","1","2026094","20260924","20260925","31","1",0,0,0,0,0
"327","1","2026094","20260924","20260925","31","2",0,0,0,0,0
"327","1","2026094","20260924","20260925","32","1",0,0,0,0,0
"327","1","2026094","20260924","20260925","32","2",0,0,0,0,0
"327","1","2026094","20260924","20260925","33","1",0,0,0,0,0
"327","1","2026094","20260924","20260925","33","2",0,0,0,0,0
"327","1","2026094","20260924","20260925","41","1",0,0,0,0,0
"327","1","2026094","20260924","20260925","41","2",0,0,0,0,0
"327","1","2026094","20260924","20260925","51","1",0,0,0,0,0
"327","1","2026094","20260924","20260925","51","2",0,0,0,0,0
"327","1","2026094","20260924","20260925","60","1",0,0,0,0,0
"327","1","2026094","20260924","20260925","60","2",0,0,0,0,0
"328","1","2026094","20260924","20260925","11","1",0,0,0,0,0
"328","1","2026094","20260924","20260925","11","2",0,0,0,0,0
"328","1","2026094","20260924","20260925","21","1",0,0,0,0,0
"328","1","2026094","20260924","20260925","21","2",0,0,0,0,0
"328","1","2026094","20260924","20260925","22","1",0,0,0,0,0
"328","1","2026094","20260924","20260925","22","2",0,0,0,0,0
"328","1","2026094","20260924","20260925","23","1",0,0,0,0,0
"328","1","2026094","20260924","20260925","23","2",0,0,0,0,0
"328","1","2026094","20260924","20260925","24","1",0,0,0,0,0
"328","1","2026094","20260924","20260925","24","2",0,0,0,0,0
"328","1","2026094","20260924","20260925","31","1",0,0,0,0,0
"328","1","2026094","20260924","20260925","31","2",0,0,0,0,0
"328","1","2026094","20260924","20260925","32","1",0,0,0,0,0
"328","1","2026094","20260924","20260925","32","2",0,0,0,0,0
"328","1","2026094","20260924","20260925","33","1",0,0,0,0,0
"328","1","2026094","20260924","20260925","33","2",0,0,0,0,0
"328","1","2026094","20260924","20260925","41","1",0,0,0,0,0
"328","1","2026094","20260924","20260925","41","2",0,0,0,0,0
"328","1","2026094","20260924","20260925","51","1",0,0,0,0,0
"328","1","2026094","20260924","20260925","51","2",0,0,0,0,0
"328","1","2026094","20260924","20260925","60","1",0,0,0,0,0
"328","1","2026094","20260924","20260925","60","2",0,0,0,0,0
"439","1","2026094","20260924","20260925","11","1",0,0,0,0,0
"439","1","2026094","20260924","20260925","11","2",0,0,0,0,0
"439","1","2026094","20260924","20260925","21","1",0,0,0,0,0
"439","1","2026094","20260924","20260925","21","2",0,0,0,0,0
"439","1","2026094","20260924","20260925","22","1",0,0,0,0,0
"439","1","2026094","20260924","20260925","22","2",0,0,0,0,0
"439","1","2026094","20260924","20260925","23","1",0,0,0,0,0
"439","1","2026094","20260924","20260925","23","2",0,0,0,0,0
"439","1","2026094","20260924","20260925","24","1",0,0,0,0,0
"439","1","2026094","20260924","20260925","24","2",0,0,0,0,0
"439","1","2026094","20260924","20260925","31","1",0,0,0,0,0
"439","1","2026094","20260924","20260925","31","2",0,0,0,0,0
"439","1","2026094","20260924","20260925","32","1",0,0,0,0,0
"439","1","2026094","20260924","20260925","32","2",0,0,0,0,0
"439","1","2026094","20260924","20260925","33","1",0,0,0,0,0
"439","1","2026094","20260924","20260925","33","2",0,0,0,0,0
"439","1","2026094","20260924","20260925","41","1",0,0,0,0,0
"439","1","2026094","20260924","20260925","41","2",0,0,0,0,0
"439","1","2026094","20260924","20260925","51","1",0,0,0,0,0
"439","1","2026094","20260924","20260925","51","2",0,0,0,0,0
"439","1","2026094","20260924","20260925","60","1",0,0,0,0,0
"439","1","2026094","20260924","20260925","60","2",0,0,0,0,0
"440","1","2026094","20260924","20260925","11","1",0,0,0,0,0
"440","1","2026094","20260924","20260925","11","2",0,0,0,0,0
"440","1","2026094","20260924","20260925","21","1",0,0,0,0,0
"440","1","2026094","20260924","20260925","21","2",0,0,0,0,0
"440","1","2026094","20260924","20260925","22","1",0,0,0,0,0
"440","1","2026094","20260924","20260925","22","2",0,0,0,0,0
"440","1","2026094","20260924","20260925","23","1",0,0,0,0,0
"440","1","2026094","20260924","20260925","23","2",0,0,0,0,0
"440","1","2026094","20260924","20260925","24","1",0,0,0,0,0
"440","1","2026094","20260924","20260925","24","2",0,0,0,0,0
"440","1","2026094","20260924","20260925","31","1",0,0,0,0,0
"440","1","2026094","20260924","20260925","31","2",0,0,0,0,0
"440","1","2026094","20260924","20260925","32","1",0,0,0,0,0
"440","1","2026094","20260924","20260925","32","2",0,0,0,0,0
"440","1","2026094","20260924","20260925","33","1",0,0,0,0,0
"440","1","2026094","20260924","20260925","33","2",0,0,0,0,0
"440","1","2026094","20260924","20260925","41","1",0,0,0,0,0
"440","1","2026094","20260924","20260925","41","2",0,0,0,0,0
"440","1","2026094","20260924","20260925","51","1",0,0,0,0,0
"440","1","2026094","20260924","20260925","51","2",0,0,0,0,0
"440","1","2026094","20260924","20260925","60","1",0,0,0,0,0
"440","1","2026094","20260924","20260925","60","2",0,0,0,0,0
"441","1","2026094","20260924","20260925","11","1",0,0,0,0,0
"441","1","2026094","20260924","20260925","11","2",0,0,0,0,0
"441","1","2026094","20260924","20260925","21","1",0,0,0,0,0
"441","1","2026094","20260924","20260925","21","2",0,0,0,0,0
"441","1","2026094","20260924","20260925","22","1",0,0,0,0,0
"441","1","2026094","20260924","20260925","22","2",0,0,0,0,0
"441","1","2026094","20260924","20260925","23","1",0,0,0,0,0
"441","1","2026094","20260924","20260925","23","2",0,0,0,0,0
"441","1","2026094","20260924","20260925","24","1",0,0,0,0,0
"441","1","2026094","20260924","20260925","24","2",0,0,0,0,0
"441","1","2026094","20260924","20260925","31","1",0,0,0,0,0
"441","1","2026094","20260924","20260925","31","2",0,0,0,0,0
"441","1","2026094","20260924","20260925","32","1",0,0,0,0,0
"441","1","2026094","20260924","20260925","32","2",0,0,0,0,0
"441","1","2026094","20260924","20260925","33","1",0,0,0,0,0
"441","1","2026094","20260924","20260925","33","2",0,0,0,0,0
"441","1","2026094","20260924","20260925","41","1",0,0,0,0,0
"441","1","2026094","20260924","20260925","41","2",0,0,0,0,0
"441","1","2026094","20260924","20260925","51","1",0,0,0,0,0
"441","1","2026094","20260924","20260925","51","2",0,0,0,0,0
"441","1","2026094","20260924","20260925","60","1",0,0,0,0,0
"441","1","2026094","20260924","20260925","60","2",0,0,0,0,0
"442","1","2026094","20260924","20260925","11","1",0,0,0,0,0
"442","1","2026094","20260924","20260925","11","2",0,0,0,0,0
"442","1","2026094","20260924","20260925","21","1",0,0,0,0,0
"442","1","2026094","20260924","20260925","21","2",0,0,0,0,0
"442","1","2026094","20260924","20260925","22","1",0,0,0,0,0
"442","1","2026094","20260924","20260925","22","2",0,0,0,0,0
"442","1","2026094","20260924","20260925","23","1",0,0,0,0,0
"442","1","2026094","20260924","20260925","23","2",0,0,0,0,0
"442","1","2026094","20260924","20260925","24","1",0,0,0,0,0
"442","1","2026094","20260924","20260925","24","2",0,0,0,0,0
"442","1","2026094","20260924","20260925","31","1",0,0,0,0,0
"442","1","2026094","20260924","20260925","31","2",0,0,0,0,0
"442","1","2026094","20260924","20260925","32","1",0,0,0,0,0
"442","1","2026094","20260924","20260925","32","2",0,0,0,0,0
"442","1","2026094","20260924","20260925","33","1",0,0,0,0,0
"442","1","2026094","20260924","20260925","33","2",0,0,0,0,0
"442","1","2026094","20260924","20260925","41","1",0,0,0,0,0
"442","1","2026094","20260924","20260925","41","2",0,0,0,0,0
"442","1","2026094","20260924","20260925","51","1",0,0,0,0,0
"442","1","2026094","20260924","20260925","51","2",0,0,0,0,0
"442","1","2026094","20260924","20260925","60","1",0,0,0,0,0
"442","1","2026094","20260924","20260925","60","2",0,0,0,0,0
"321","1","2026094","20260924","20260925","11","1",115,0,145,30,260
"321","1","2026094","20260924","20260925","11","2",26500000,0,27650000,1150000,54150000
"321","1","2026094","20260924","20260925","21","1",0,0,0,0,0
"321","1","2026094","20260924","20260925","21","2",0,0,0,0,0
"321","1","2026094","20260924","20260925","22","1",0,0,0,0,0
"321","1","2026094","20260924","20260925","22","2",0,0,0,0,0
"321","1","2026094","20260924","20260925","23","1",0,0,0,0,0
"321","1","2026094","20260924","20260925","23","2",0,0,0,0,0
"321","1","2026094","20260924","20260925","24","1",0,0,0,0,0
"321","1","2026094","20260924","20260925","24","2",0,0,0,0,0
"321","1","2026094","20260924","20260925","31","1",0,0,0,0,0
"321","1","2026094","20260924","20260925","31","2",0,0,0,0,0
"321","1","2026094","20260924","20260925","32","1",45,-20,25,0,70
"321","1","2026094","20260924","20260925","32","2",1050000,-800000,250000,0,1300000
"321","1","2026094","20260924","20260925","33","1",0,0,0,0,0
"321","1","2026094","20260924","20260925","33","2",0,0,0,0,0
"321","1","2026094","20260924","20260925","41","1",0,0,0,0,0
"321","1","2026094","20260924","20260925","41","2",0,0,0,0,0
"321","1","2026094","20260924","20260925","51","1",0,0,0,0,0
"321","1","2026094","20260924","20260925","51","2",0,0,0,0,0
"321","1","2026094","20260924","20260925","60","1",115,0,115,0,230
"321","1","2026094","20260924","20260925","60","2",10000000,0,23050000,13050000,33050000
"322","1","2026094","20260924","20260925","11","1",80,0,134,54,214
"322","1","2026094","20260924","20260925","11","2",17600000,0,23340000,5740000,40940000
"322","1","2026094","20260924","20260925","21","1",0,0,0,0,0
"322","1","2026094","20260924","20260925","21","2",0,0,0,0,0
"322","1","2026094","20260924","20260925","22","1",0,0,0,0,0
"322","1","2026094","20260924","20260925","22","2",0,0,0,0,0
"322","1","2026094","20260924","20260925","23","1",3,0,40,37,43
"322","1","2026094","20260924","20260925","23","2",450000,0,4160000,3710000,4610000
"322","1","2026094","20260924","20260925","24","1",0,0,0,0,0
"322","1","2026094","20260924","20260925","24","2",0,0,0,0,0
"322","1","2026094","20260924","20260925","31","1",0,0,0,0,0
"322","1","2026094","20260924","20260925","31","2",0,0,0,0,0
"322","1","2026094","20260924","20260925","32","1",0,0,0,0,0
"322","1","2026094","20260924","20260925","32","2",0,0,0,0,0
"322","1","2026094","20260924","20260925","33","1",0,0,0,0,0
"322","1","2026094","20260924","20260925","33","2",0,0,0,0,0
"322","1","2026094","20260924","20260925","41","1",0,0,0,0,0
"322","1","2026094","20260924","20260925","41","2",0,0,0,0,0
"322","1","2026094","20260924","20260925","51","1",0,0,0,0,0
"322","1","2026094","20260924","20260925","51","2",0,0,0,0,0
"322","1","2026094","20260924","20260925","60","1",192,-62,130,0,322
"322","1","2026094","20260924","20260925","60","2",16490000,0,21500000,5010000,37990000
"307","1","2026094","20260924","20260925","11","1",5000,-4620,380,0,5380
"307","1","2026094","20260924","20260925","11","2",560000,0,13378500,12818500,13938500
"307","1","2026094","20260924","20260925","21","1",0,0,0,0,0
"307","1","2026094","20260924","20260925","21","2",0,0,0,0,0
"307","1","2026094","20260924","20260925","22","1",0,0,0,0,0
"307","1","2026094","20260924","20260925","22","2",0,0,0,0,0
"307","1","2026094","20260924","20260925","23","1",0,0,0,0,0
"307","1","2026094","20260924","20260925","23","2",0,0,0,0,0
"307","1","2026094","20260924","20260925","24","1",0,0,0,0,0
"307","1","2026094","20260924","20260925","24","2",0,0,0,0,0
"307","1","2026094","20260924","20260925","31","1",0,0,0,0,0
"307","1","2026094","20260924","20260925","31","2",0,0,0,0,0
"307","1","2026094","20260924","20260925","32","1",0,0,0,0,0
"307","1","2026094","20260924","20260925","32","2",0,0,0,0,0
"307","1","2026094","20260924","20260925","33","1",0,0,0,0,0
"307","1","2026094","20260924","20260925","33","2",0,0,0,0,0
"307","1","2026094","20260924","20260925","41","1",0,0,0,0,0
"307","1","2026094","20260924","20260925","41","2",0,0,0,0,0
"307","1","2026094","20260924","20260925","51","1",651,-610,41,0,692
"307","1","2026094","20260924","20260925","51","2",1252040,-1073336,178704,0,1430744
"307","1","2026094","20260924","20260925","60","1",618,0,6155,5537,6773
"307","1","2026094","20260924","20260925","60","2",10740434,0,13502690,2762256,24243124
"308","1","2026094","20260924","20260925","11","1",5000,0,5040,40,10040
"308","1","2026094","20260924","20260925","11","2",295000,0,3603000,3308000,3898000
"308","1","2026094","20260924","20260925","21","1",0,0,0,0,0
"308","1","2026094","20260924","20260925","21","2",0,0,0,0,0
"308","1","2026094","20260924","20260925","22","1",0,0,0,0,0
"308","1","2026094","20260924","20260925","22","2",0,0,0,0,0
"308","1","2026094","20260924","20260925","23","1",0,0,0,0,0
"308","1","2026094","20260924","20260925","23","2",0,0,0,0,0
"308","1","2026094","20260924","20260925","24","1",0,0,0,0,0
"308","1","2026094","20260924","20260925","24","2",0,0,0,0,0
"308","1","2026094","20260924","20260925","31","1",0,0,0,0,0
"308","1","2026094","20260924","20260925","31","2",0,0,0,0,0
"308","1","2026094","20260924","20260925","32","1",6002,0,6010,8,12012
"308","1","2026094","20260924","20260925","32","2",5935350,-2319350,3616000,0,9551350
"308","1","2026094","20260924","20260925","33","1",0,0,0,0,0
"308","1","2026094","20260924","20260925","33","2",0,0,0,0,0
"308","1","2026094","20260924","20260925","41","1",0,0,0,0,0
"308","1","2026094","20260924","20260925","41","2",0,0,0,0,0
"308","1","2026094","20260924","20260925","51","1",606,-470,136,0,742
"308","1","2026094","20260924","20260925","51","2",677049,-169779,507270,0,1184319
"308","1","2026094","20260924","20260925","60","1",11603,0,12132,529,23735
"308","1","2026094","20260924","20260925","60","2",21006770,0,24046224,3039454,45052994
"413","1","2026094","20260924","20260925","11","1",0,0,0,0,0
"413","1","2026094","20260924","20260925","11","2",0,0,0,0,0
"413","1","2026094","20260924","20260925","21","1",0,0,0,0,0
"413","1","2026094","20260924","20260925","21","2",0,0,0,0,0
"413","1","2026094","20260924","20260925","22","1",0,0,0,0,0
"413","1","2026094","20260924","20260925","22","2",0,0,0,0,0
"413","1","2026094","20260924","20260925","23","1",0,0,0,0,0
"413","1","2026094","20260924","20260925","23","2",0,0,0,0,0
"413","1","2026094","20260924","20260925","24","1",0,0,0,0,0
"413","1","2026094","20260924","20260925","24","2",0,0,0,0,0
"413","1","2026094","20260924","20260925","31","1",0,0,0,0,0
"413","1","2026094","20260924","20260925","31","2",0,0,0,0,0
"413","1","2026094","20260924","20260925","32","1",0,0,0,0,0
"413","1","2026094","20260924","20260925","32","2",0,0,0,0,0
"413","1","2026094","20260924","20260925","33","1",0,0,0,0,0
"413","1","2026094","20260924","20260925","33","2",0,0,0,0,0
"413","1","2026094","20260924","20260925","41","1",0,0,0,0,0
"413","1","2026094","20260924","20260925","41","2",0,0,0,0,0
"413","1","2026094","20260924","20260925","51","1",0,0,0,0,0
"413","1","2026094","20260924","20260925","51","2",0,0,0,0,0
"413","1","2026094","20260924","20260925","60","1",0,0,0,0,0
"413","1","2026094","20260924","20260925","60","2",0,0,0,0,0
"414","1","2026094","20260924","20260925","11","1",0,0,0,0,0
"414","1","2026094","20260924","20260925","11","2",0,0,0,0,0
"414","1","2026094","20260924","20260925","21","1",0,0,0,0,0
"414","1","2026094","20260924","20260925","21","2",0,0,0,0,0
"414","1","2026094","20260924","20260925","22","1",0,0,0,0,0
"414","1","2026094","20260924","20260925","22","2",0,0,0,0,0
"414","1","2026094","20260924","20260925","23","1",0,0,0,0,0
"414","1","2026094","20260924","20260925","23","2",0,0,0,0,0
"414","1","2026094","20260924","20260925","24","1",0,0,0,0,0
"414","1","2026094","20260924","20260925","24","2",0,0,0,0,0
"414","1","2026094","20260924","20260925","31","1",0,0,0,0,0
"414","1","2026094","20260924","20260925","31","2",0,0,0,0,0
"414","1","2026094","20260924","20260925","32","1",0,0,0,0,0
"414","1","2026094","20260924","20260925","32","2",0,0,0,0,0
"414","1","2026094","20260924","20260925","33","1",0,0,0,0,0
"414","1","2026094","20260924","20260925","33","2",0,0,0,0,0
"414","1","2026094","20260924","20260925","41","1",0,0,0,0,0
"414","1","2026094","20260924","20260925","41","2",0,0,0,0,0
"414","1","2026094","20260924","20260925","51","1",0,0,0,0,0
"414","1","2026094","20260924","20260925","51","2",0,0,0,0,0
"414","1","2026094","20260924","20260925","60","1",0,0,0,0,0
"414","1","2026094","20260924","20260925","60","2",0,0,0,0,0
