"帳票種別 Product type","サイクル区分 Cycle","年月週 Year, Month, Week","報告年月日（自）Period covered - from","報告年月日（至）Period covered - to","投資部門コード Type of Investor","数量金額区分 Volume/Value","売 Sales","売-差引 Balance","買 Purchases","買-差引 Balance","合計 Total"
"301","1","2026092","20260907","20260911","11","1",161521,-7665,153856,0,315377
"301","1","2026092","20260907","20260911","11","2",10608472604728,-497865964807,10110606639921,0,20719079244649
"301","1","2026092","20260907","20260911","21","1",1820,0,1871,51,3691
"301","1","2026092","20260907","20260911","21","2",120896423892,0,124167929886,3271505994,245064353778
"301","1","2026092","20260907","20260911","22","1",2761,0,3494,733,6255
"301","1","2026092","20260907","20260911","22","2",182650527000,0,230948445000,48297918000,413598972000
"301","1","2026092","20260907","20260911","23","1",51271,-1876,49395,0,100666
"301","1","2026092","20260907","20260911","23","2",3369230266188,-124850770302,3244379495886,0,6613609762074
"301","1","2026092","20260907","20260911","24","1",57,0,71,14,128
"301","1","2026092","20260907","20260911","24","2",3742640000,0,4596428000,853788000,8339068000
"301","1","2026092","20260907","20260911","31","1",14597,0,14852,255,29449
"301","1","2026092","20260907","20260911","31","2",962643482400,0,978023730920,15380248520,1940667213320
"301","1","2026092","20260907","20260911","32","1",2171,-1146,1025,0,3196
"301","1","2026092","20260907","20260911","32","2",141493841900,-74952911500,66540930400,0,208034772300
"301","1","2026092","20260907","20260911","33","1",390,-72,318,0,708
"301","1","2026092","20260907","20260911","33","2",25340501800,-4693818000,20646683800,0,45987185600
"301","1","2026092","20260907","20260911","41","1",41,0,42,1,83
"301","1","2026092","20260907","20260911","41","2",2668261000,0,2732480000,64219000,5400741000
"301","1","2026092","20260907","20260911","51","1",15156,0,15914,758,31070
"301","1","2026092","20260907","20260911","51","2",986745217800,0,1035027202700,48281984900,2021772420500
"301","1","2026092","20260907","20260911","60","1",351234,0,359577,8343,710811
"301","1","2026092","20260907","20260911","60","2",22977731927385,0,23525768205756,548036278371,46503500133141
"313","1","2026092","20260907","20260911","11","1",68260,0,82922,14662,151182
"313","1","2026092","20260907","20260911","11","2",443708971706,0,540078848707,96369877001,983787820413
"313","1","2026092","20260907","20260911","21","1",0,0,0,0,0
"313","1","2026092","20260907","20260911","21","2",0,0,0,0,0
"313","1","2026092","20260907","20260911","22","1",0,0,0,0,0
"313","1","2026092","20260907","20260911","22","2",0,0,0,0,0
"313","1","2026092","20260907","20260911","23","1",1645,-284,1361,0,3006
"313","1","2026092","20260907","20260911","23","2",10885974161,-1907510761,8978463400,0,19864437561
"313","1","2026092","20260907","20260911","24","1",0,0,0,0,0
"313","1","2026092","20260907","20260911","24","2",0,0,0,0,0
"313","1","2026092","20260907","20260911","31","1",784,0,788,4,1572
"313","1","2026092","20260907","20260911","31","2",5154032300,0,5173755520,19723220,10327787820
"313","1","2026092","20260907","20260911","32","1",18344,0,18669,325,37013
"313","1","2026092","20260907","20260911","32","2",119307736670,0,121352789690,2045053020,240660526360
"313","1","2026092","20260907","20260911","33","1",1485,0,1494,9,2979
"313","1","2026092","20260907","20260911","33","2",9638189610,0,9690970700,52781090,19329160310
"313","1","2026092","20260907","20260911","41","1",262,-33,229,0,491
"313","1","2026092","20260907","20260911","41","2",1735280000,-217594400,1517685600,0,3252965600
"313","1","2026092","20260907","20260911","51","1",575120,0,583180,8060,1158300
"313","1","2026092","20260907","20260911","51","2",3743514802730,0,3794636701480,51121898750,7538151504210
"313","1","2026092","20260907","20260911","60","1",2466704,-21987,2444717,0,4911421
"313","1","2026092","20260907","20260911","60","2",16062077394062,-142511787677,15919565606385,0,31981643000447
"331","1","2026092","20260907","20260911","11","1",0,0,0,0,0
"331","1","2026092","20260907","20260911","11","2",0,0,0,0,0
"331","1","2026092","20260907","20260911","21","1",0,0,0,0,0
"331","1","2026092","20260907","20260911","21","2",0,0,0,0,0
"331","1","2026092","20260907","20260911","22","1",0,0,0,0,0
"331","1","2026092","20260907","20260911","22","2",0,0,0,0,0
"331","1","2026092","20260907","20260911","23","1",30,0,30,0,60
"331","1","2026092","20260907","20260911","23","2",19350000,-144000,19206000,0,38556000
"331","1","2026092","20260907","20260911","24","1",0,0,0,0,0
"331","1","2026092","20260907","20260911","24","2",0,0,0,0,0
"331","1","2026092","20260907","20260911","31","1",0,0,0,0,0
"331","1","2026092","20260907","20260911","31","2",0,0,0,0,0
"331","1","2026092","20260907","20260911","32","1",6537,-172,6365,0,12902
"331","1","2026092","20260907","20260911","32","2",4250475200,-113707100,4136768100,0,8387243300
"331","1","2026092","20260907","20260911","33","1",2831,0,2846,15,5677
"331","1","2026092","20260907","20260911","33","2",1845512000,0,1854511350,8999350,3700023350
"331","1","2026092","20260907","20260911","41","1",0,0,0,0,0
"331","1","2026092","20260907","20260911","41","2",0,0,0,0,0
"331","1","2026092","20260907","20260911","51","1",1177918,0,1190248,12330,2368166
"331","1","2026092","20260907","20260911","51","2",766401362850,0,774076857750,7675494900,1540478220600
"331","1","2026092","20260907","20260911","60","1",2512520,-13217,2499303,0,5011823
"331","1","2026092","20260907","20260911","60","2",1632890324920,-8226130690,1624664194230,0,3257554519150
"314","1","2026092","20260907","20260911","11","1",369946,-4981,364965,0,734911
"314","1","2026092","20260907","20260911","11","2",15070588452538,-186318060395,14884270392143,0,29954858844681
"314","1","2026092","20260907","20260911","21","1",2833,-186,2647,0,5480
"314","1","2026092","20260907","20260911","21","2",115549245500,-7652717000,107896528500,0,223445774000
"314","1","2026092","20260907","20260911","22","1",15275,-358,14917,0,30192
"314","1","2026092","20260907","20260911","22","2",623824065000,-13990070000,609833995000,0,1233658060000
"314","1","2026092","20260907","20260911","23","1",49384,0,52040,2656,101424
"314","1","2026092","20260907","20260911","23","2",2020862387655,0,2124157785532,103295397877,4145020173187
"314","1","2026092","20260907","20260911","24","1",0,0,0,0,0
"314","1","2026092","20260907","20260911","24","2",0,0,0,0,0
"314","1","2026092","20260907","20260911","31","1",23333,-1187,22146,0,45479
"314","1","2026092","20260907","20260911","31","2",950650247265,-47103770165,903546477100,0,1854196724365
"314","1","2026092","20260907","20260911","32","1",459,0,499,40,958
"314","1","2026092","20260907","20260911","32","2",18605455000,0,20212169000,1606714000,38817624000
"314","1","2026092","20260907","20260911","33","1",38,0,43,5,81
"314","1","2026092","20260907","20260911","33","2",1540146000,0,1738787000,198641000,3278933000
"314","1","2026092","20260907","20260911","41","1",63,-3,60,0,123
"314","1","2026092","20260907","20260911","41","2",2549736000,-131533000,2418203000,0,4967939000
"314","1","2026092","20260907","20260911","51","1",2296,-461,1835,0,4131
"314","1","2026092","20260907","20260911","51","2",93184816000,-18869999000,74314817000,0,167499633000
"314","1","2026092","20260907","20260911","60","1",933858,0,938597,4739,1872455
"314","1","2026092","20260907","20260911","60","2",38005764292029,0,38185488536712,179724244683,76191252828741
"316","1","2026092","20260907","20260911","11","1",15207,0,17958,2751,33165
"316","1","2026092","20260907","20260911","11","2",62066213972,0,73316964871,11250750899,135383178843
"316","1","2026092","20260907","20260911","21","1",0,0,0,0,0
"316","1","2026092","20260907","20260911","21","2",0,0,0,0,0
"316","1","2026092","20260907","20260911","22","1",0,0,0,0,0
"316","1","2026092","20260907","20260911","22","2",0,0,0,0,0
"316","1","2026092","20260907","20260911","23","1",5422,-340,5082,0,10504
"316","1","2026092","20260907","20260911","23","2",22184690250,-1419216320,20765473930,0,42950164180
"316","1","2026092","20260907","20260911","24","1",0,0,0,0,0
"316","1","2026092","20260907","20260911","24","2",0,0,0,0,0
"316","1","2026092","20260907","20260911","31","1",3804,0,3822,18,7626
"316","1","2026092","20260907","20260911","31","2",15534378710,0,15623374420,88995710,31157753130
"316","1","2026092","20260907","20260911","32","1",187,-64,123,0,310
"316","1","2026092","20260907","20260911","32","2",755212500,-256309750,498902750,0,1254115250
"316","1","2026092","20260907","20260911","33","1",74,0,88,14,162
"316","1","2026092","20260907","20260911","33","2",297842500,0,352757500,54915000,650600000
"316","1","2026092","20260907","20260911","41","1",0,0,0,0,0
"316","1","2026092","20260907","20260911","41","2",0,0,0,0,0
"316","1","2026092","20260907","20260911","51","1",11754,0,11925,171,23679
"316","1","2026092","20260907","20260911","51","2",47633779800,0,48287103000,653323200,95920882800
"316","1","2026092","20260907","20260911","60","1",128558,-2694,125864,0,254422
"316","1","2026092","20260907","20260911","60","2",521717106053,-10944709544,510772396509,0,1032489502562
"335","1","2026092","20260907","20260911","11","1",0,0,0,0,0
"335","1","2026092","20260907","20260911","11","2",0,0,0,0,0
"335","1","2026092","20260907","20260911","21","1",0,0,0,0,0
"335","1","2026092","20260907","20260911","21","2",0,0,0,0,0
"335","1","2026092","20260907","20260911","22","1",0,0,0,0,0
"335","1","2026092","20260907","20260911","22","2",0,0,0,0,0
"335","1","2026092","20260907","20260911","23","1",0,0,0,0,0
"335","1","2026092","20260907","20260911","23","2",0,0,0,0,0
"335","1","2026092","20260907","20260911","24","1",0,0,0,0,0
"335","1","2026092","20260907","20260911","24","2",0,0,0,0,0
"335","1","2026092","20260907","20260911","31","1",0,0,0,0,0
"335","1","2026092","20260907","20260911","31","2",0,0,0,0,0
"335","1","2026092","20260907","20260911","32","1",0,0,0,0,0
"335","1","2026092","20260907","20260911","32","2",0,0,0,0,0
"335","1","2026092","20260907","20260911","33","1",0,0,0,0,0
"335","1","2026092","20260907","20260911","33","2",0,0,0,0,0
"335","1","2026092","20260907","20260911","41","1",0,0,0,0,0
"335","1","2026092","20260907","20260911","41","2",0,0,0,0,0
"335","1","2026092","20260907","20260911","51","1",0,0,0,0,0
"335","1","2026092","20260907","20260911","51","2",0,0,0,0,0
"335","1","2026092","20260907","20260911","60","1",0,0,0,0,0
"335","1","2026092","20260907","20260911","60","2",0,0,0,0,0
"323","1","2026092","20260907","20260911","11","1",69503,-3531,65972,0,135475
"323","1","2026092","20260907","20260911","11","2",254541605856,-12537521310,242004084546,0,496545690402
"323","1","2026092","20260907","20260911","21","1",0,0,0,0,0
"323","1","2026092","20260907","20260911","21","2",0,0,0,0,0
"323","1","2026092","20260907","20260911","22","1",0,0,0,0,0
"323","1","2026092","20260907","20260911","22","2",0,0,0,0,0
"323","1","2026092","20260907","20260911","23","1",16382,0,16437,55,32819
"323","1","2026092","20260907","20260911","23","2",60367119300,-101580120,60265539180,0,120632658480
"323","1","2026092","20260907","20260911","24","1",0,0,0,0,0
"323","1","2026092","20260907","20260911","24","2",0,0,0,0,0
"323","1","2026092","20260907","20260911","31","1",8245,0,8261,16,16506
"323","1","2026092","20260907","20260911","31","2",30330967400,-91688370,30239279030,0,60570246430
"323","1","2026092","20260907","20260911","32","1",0,0,0,0,0
"323","1","2026092","20260907","20260911","32","2",0,0,0,0,0
"323","1","2026092","20260907","20260911","33","1",0,0,0,0,0
"323","1","2026092","20260907","20260911","33","2",0,0,0,0,0
"323","1","2026092","20260907","20260911","41","1",0,0,0,0,0
"323","1","2026092","20260907","20260911","41","2",0,0,0,0,0
"323","1","2026092","20260907","20260911","51","1",1397,-324,1073,0,2470
"323","1","2026092","20260907","20260911","51","2",5069921020,-1166327070,3903593950,0,8973514970
"323","1","2026092","20260907","20260911","60","1",44140,0,47831,3691,91971
"323","1","2026092","20260907","20260911","60","2",160868702664,0,174452806764,13584104100,335321509428
"449","1","2026092","20260907","20260911","11","1",13856,-677,13179,0,27035
"449","1","2026092","20260907","20260911","11","2",105453572700,-4523365460,100930207240,0,206383779940
"449","1","2026092","20260907","20260911","21","1",0,0,0,0,0
"449","1","2026092","20260907","20260911","21","2",0,0,0,0,0
"449","1","2026092","20260907","20260911","22","1",0,0,0,0,0
"449","1","2026092","20260907","20260911","22","2",0,0,0,0,0
"449","1","2026092","20260907","20260911","23","1",1997,0,1997,0,3994
"449","1","2026092","20260907","20260911","23","2",15444722000,-111832000,15332890000,0,30777612000
"449","1","2026092","20260907","20260911","24","1",0,0,0,0,0
"449","1","2026092","20260907","20260911","24","2",0,0,0,0,0
"449","1","2026092","20260907","20260911","31","1",0,0,0,0,0
"449","1","2026092","20260907","20260911","31","2",0,0,0,0,0
"449","1","2026092","20260907","20260911","32","1",0,0,0,0,0
"449","1","2026092","20260907","20260911","32","2",0,0,0,0,0
"449","1","2026092","20260907","20260911","33","1",0,0,0,0,0
"449","1","2026092","20260907","20260911","33","2",0,0,0,0,0
"449","1","2026092","20260907","20260911","41","1",0,0,0,0,0
"449","1","2026092","20260907","20260911","41","2",0,0,0,0,0
"449","1","2026092","20260907","20260911","51","1",0,0,0,0,0
"449","1","2026092","20260907","20260911","51","2",0,0,0,0,0
"449","1","2026092","20260907","20260911","60","1",23777,0,24454,677,48231
"449","1","2026092","20260907","20260911","60","2",182914862040,0,187606990100,4692128060,370521852140
"329","1","2026092","20260907","20260911","11","1",81213,0,83018,1805,164231
"329","1","2026092","20260907","20260911","11","2",142260249410,0,145904464140,3644214730,288164713550
"329","1","2026092","20260907","20260911","21","1",0,0,0,0,0
"329","1","2026092","20260907","20260911","21","2",0,0,0,0,0
"329","1","2026092","20260907","20260911","22","1",0,0,0,0,0
"329","1","2026092","20260907","20260911","22","2",0,0,0,0,0
"329","1","2026092","20260907","20260911","23","1",31788,-7640,24148,0,55936
"329","1","2026092","20260907","20260911","23","2",55961678260,-13588173070,42373505190,0,98335183450
"329","1","2026092","20260907","20260911","24","1",0,0,0,0,0
"329","1","2026092","20260907","20260911","24","2",0,0,0,0,0
"329","1","2026092","20260907","20260911","31","1",29550,0,35003,5453,64553
"329","1","2026092","20260907","20260911","31","2",51853735080,0,61194865120,9341130040,113048600200
"329","1","2026092","20260907","20260911","32","1",30,0,31,1,61
"329","1","2026092","20260907","20260911","32","2",52687000,0,54244500,1557500,106931500
"329","1","2026092","20260907","20260911","33","1",0,0,0,0,0
"329","1","2026092","20260907","20260911","33","2",0,0,0,0,0
"329","1","2026092","20260907","20260911","41","1",0,0,0,0,0
"329","1","2026092","20260907","20260911","41","2",0,0,0,0,0
"329","1","2026092","20260907","20260911","51","1",378,0,594,216,972
"329","1","2026092","20260907","20260911","51","2",664399500,0,1040573500,376174000,1704973000
"329","1","2026092","20260907","20260911","60","1",28902,0,29077,175,57979
"329","1","2026092","20260907","20260911","60","2",50741138650,0,50984953450,243814800,101726092100
"312","1","2026092","20260907","20260911","11","1",0,0,0,0,0
"312","1","2026092","20260907","20260911","11","2",0,0,0,0,0
"312","1","2026092","20260907","20260911","21","1",0,0,0,0,0
"312","1","2026092","20260907","20260911","21","2",0,0,0,0,0
"312","1","2026092","20260907","20260911","22","1",0,0,0,0,0
"312","1","2026092","20260907","20260911","22","2",0,0,0,0,0
"312","1","2026092","20260907","20260911","23","1",0,0,0,0,0
"312","1","2026092","20260907","20260911","23","2",0,0,0,0,0
"312","1","2026092","20260907","20260911","24","1",0,0,0,0,0
"312","1","2026092","20260907","20260911","24","2",0,0,0,0,0
"312","1","2026092","20260907","20260911","31","1",0,0,0,0,0
"312","1","2026092","20260907","20260911","31","2",0,0,0,0,0
"312","1","2026092","20260907","20260911","32","1",0,0,0,0,0
"312","1","2026092","20260907","20260911","32","2",0,0,0,0,0
"312","1","2026092","20260907","20260911","33","1",0,0,0,0,0
"312","1","2026092","20260907","20260911","33","2",0,0,0,0,0
"312","1","2026092","20260907","20260911","41","1",0,0,0,0,0
"312","1","2026092","20260907","20260911","41","2",0,0,0,0,0
"312","1","2026092","20260907","20260911","51","1",0,0,0,0,0
"312","1","2026092","20260907","20260911","51","2",0,0,0,0,0
"312","1","2026092","20260907","20260911","60","1",0,0,0,0,0
"312","1","2026092","20260907","20260911","60","2",0,0,0,0,0
"324","1","2026092","20260907","20260911","11","1",40062,0,40530,468,80592
"324","1","2026092","20260907","20260911","11","2",31257230800,0,31314417860,57187060,62571648660
"324","1","2026092","20260907","20260911","21","1",0,0,0,0,0
"324","1","2026092","20260907","20260911","21","2",0,0,0,0,0
"324","1","2026092","20260907","20260911","22","1",0,0,0,0,0
"324","1","2026092","20260907","20260911","22","2",0,0,0,0,0
"324","1","2026092","20260907","20260911","23","1",6158,-793,5365,0,11523
"324","1","2026092","20260907","20260911","23","2",4805975600,-573638940,4232336660,0,9038312260
"324","1","2026092","20260907","20260911","24","1",0,0,0,0,0
"324","1","2026092","20260907","20260911","24","2",0,0,0,0,0
"324","1","2026092","20260907","20260911","31","1",0,0,70,70,70
"324","1","2026092","20260907","20260911","31","2",0,0,53868000,53868000,53868000
"324","1","2026092","20260907","20260911","32","1",317,0,319,2,636
"324","1","2026092","20260907","20260911","32","2",246273000,0,249214000,2941000,495487000
"324","1","2026092","20260907","20260911","33","1",82,-3,79,0,161
"324","1","2026092","20260907","20260911","33","2",62764000,-1432000,61332000,0,124096000
"324","1","2026092","20260907","20260911","41","1",0,0,0,0,0
"324","1","2026092","20260907","20260911","41","2",0,0,0,0,0
"324","1","2026092","20260907","20260911","51","1",5678,-521,5157,0,10835
"324","1","2026092","20260907","20260911","51","2",4403941300,-399560100,4004381200,0,8408322500
"324","1","2026092","20260907","20260911","60","1",37716,0,38438,722,76154
"324","1","2026092","20260907","20260911","60","2",29199074110,0,30014016490,814942380,59213090600
"309","1","2026092","20260907","20260911","11","1",0,0,0,0,0
"309","1","2026092","20260907","20260911","11","2",0,0,0,0,0
"309","1","2026092","20260907","20260911","21","1",0,0,0,0,0
"309","1","2026092","20260907","20260911","21","2",0,0,0,0,0
"309","1","2026092","20260907","20260911","22","1",0,0,0,0,0
"309","1","2026092","20260907","20260911","22","2",0,0,0,0,0
"309","1","2026092","20260907","20260911","23","1",0,0,0,0,0
"309","1","2026092","20260907","20260911","23","2",0,0,0,0,0
"309","1","2026092","20260907","20260911","24","1",0,0,0,0,0
"309","1","2026092","20260907","20260911","24","2",0,0,0,0,0
"309","1","2026092","20260907","20260911","31","1",0,0,0,0,0
"309","1","2026092","20260907","20260911","31","2",0,0,0,0,0
"309","1","2026092","20260907","20260911","32","1",147,0,242,95,389
"309","1","2026092","20260907","20260911","32","2",775192100,0,1279448700,504256600,2054640800
"309","1","2026092","20260907","20260911","33","1",0,0,0,0,0
"309","1","2026092","20260907","20260911","33","2",0,0,0,0,0
"309","1","2026092","20260907","20260911","41","1",0,0,0,0,0
"309","1","2026092","20260907","20260911","41","2",0,0,0,0,0
"309","1","2026092","20260907","20260911","51","1",324,0,378,54,702
"309","1","2026092","20260907","20260911","51","2",1717831650,0,2006121350,288289700,3723953000
"309","1","2026092","20260907","20260911","60","1",1304,-181,1123,0,2427
"309","1","2026092","20260907","20260911","60","2",6889117400,-962503900,5926613500,0,12815730900
"325","1","2026092","20260907","20260911","11","1",0,0,0,0,0
"325","1","2026092","20260907","20260911","11","2",0,0,0,0,0
"325","1","2026092","20260907","20260911","21","1",0,0,0,0,0
"325","1","2026092","20260907","20260911","21","2",0,0,0,0,0
"325","1","2026092","20260907","20260911","22","1",0,0,0,0,0
"325","1","2026092","20260907","20260911","22","2",0,0,0,0,0
"325","1","2026092","20260907","20260911","23","1",0,0,0,0,0
"325","1","2026092","20260907","20260911","23","2",0,0,0,0,0
"325","1","2026092","20260907","20260911","24","1",0,0,0,0,0
"325","1","2026092","20260907","20260911","24","2",0,0,0,0,0
"325","1","2026092","20260907","20260911","31","1",0,0,0,0,0
"325","1","2026092","20260907","20260911","31","2",0,0,0,0,0
"325","1","2026092","20260907","20260911","32","1",0,0,0,0,0
"325","1","2026092","20260907","20260911","32","2",0,0,0,0,0
"325","1","2026092","20260907","20260911","33","1",0,0,0,0,0
"325","1","2026092","20260907","20260911","33","2",0,0,0,0,0
"325","1","2026092","20260907","20260911","41","1",0,0,0,0,0
"325","1","2026092","20260907","20260911","41","2",0,0,0,0,0
"325","1","2026092","20260907","20260911","51","1",0,0,0,0,0
"325","1","2026092","20260907","20260911","51","2",0,0,0,0,0
"325","1","2026092","20260907","20260911","60","1",0,0,0,0,0
"325","1","2026092","20260907","20260911","60","2",0,0,0,0,0
"326","1","2026092","20260907","20260911","11","1",0,0,0,0,0
"326","1","2026092","20260907","20260911","11","2",0,0,0,0,0
"326","1","2026092","20260907","20260911","21","1",0,0,0,0,0
"326","1","2026092","20260907","20260911","21","2",0,0,0,0,0
"326","1","2026092","20260907","20260911","22","1",0,0,0,0,0
"326","1","2026092","20260907","20260911","22","2",0,0,0,0,0
"326","1","2026092","20260907","20260911","23","1",0,0,0,0,0
"326","1","2026092","20260907","20260911","23","2",0,0,0,0,0
"326","1","2026092","20260907","20260911","24","1",0,0,0,0,0
"326","1","2026092","20260907","20260911","24","2",0,0,0,0,0
"326","1","2026092","20260907","20260911","31","1",0,0,0,0,0
"326","1","2026092","20260907","20260911","31","2",0,0,0,0,0
"326","1","2026092","20260907","20260911","32","1",0,0,0,0,0
"326","1","2026092","20260907","20260911","32","2",0,0,0,0,0
"326","1","2026092","20260907","20260911","33","1",0,0,0,0,0
"326","1","2026092","20260907","20260911","33","2",0,0,0,0,0
"326","1","2026092","20260907","20260911","41","1",0,0,0,0,0
"326","1","2026092","20260907","20260911","41","2",0,0,0,0,0
"326","1","2026092","20260907","20260911","51","1",0,0,0,0,0
"326","1","2026092","20260907","20260911","51","2",0,0,0,0,0
"326","1","2026092","20260907","20260911","60","1",0,0,0,0,0
"326","1","2026092","20260907","20260911","60","2",0,0,0,0,0
"315","1","2026092","20260907","20260911","11","1",0,0,0,0,0
"315","1","2026092","20260907","20260911","11","2",0,0,0,0,0
"315","1","2026092","20260907","20260911","21","1",0,0,0,0,0
"315","1","2026092","20260907","20260911","21","2",0,0,0,0,0
"315","1","2026092","20260907","20260911","22","1",0,0,0,0,0
"315","1","2026092","20260907","20260911","22","2",0,0,0,0,0
"315","1","2026092","20260907","20260911","23","1",0,0,0,0,0
"315","1","2026092","20260907","20260911","23","2",0,0,0,0,0
"315","1","2026092","20260907","20260911","24","1",0,0,0,0,0
"315","1","2026092","20260907","20260911","24","2",0,0,0,0,0
"315","1","2026092","20260907","20260911","31","1",0,0,0,0,0
"315","1","2026092","20260907","20260911","31","2",0,0,0,0,0
"315","1","2026092","20260907","20260911","32","1",0,0,0,0,0
"315","1","2026092","20260907","20260911","32","2",0,0,0,0,0
"315","1","2026092","20260907","20260911","33","1",0,0,0,0,0
"315","1","2026092","20260907","20260911","33","2",0,0,0,0,0
"315","1","2026092","20260907","20260911","41","1",0,0,0,0,0
"315","1","2026092","20260907","20260911","41","2",0,0,0,0,0
"315","1","2026092","20260907","20260911","51","1",72,-39,33,0,105
"315","1","2026092","20260907","20260911","51","2",22777000,-12336500,10440500,0,33217500
"315","1","2026092","20260907","20260911","60","1",28,0,53,25,81
"315","1","2026092","20260907","20260911","60","2",8729500,0,16128000,7398500,24857500
"436","1","2026092","20260907","20260911","11","1",0,0,0,0,0
"436","1","2026092","20260907","20260911","11","2",0,0,0,0,0
"436","1","2026092","20260907","20260911","21","1",0,0,0,0,0
"436","1","2026092","20260907","20260911","21","2",0,0,0,0,0
"436","1","2026092","20260907","20260911","22","1",0,0,0,0,0
"436","1","2026092","20260907","20260911","22","2",0,0,0,0,0
"436","1","2026092","20260907","20260911","23","1",0,0,0,0,0
"436","1","2026092","20260907","20260911","23","2",0,0,0,0,0
"436","1","2026092","20260907","20260911","24","1",0,0,0,0,0
"436","1","2026092","20260907","20260911","24","2",0,0,0,0,0
"436","1","2026092","20260907","20260911","31","1",0,0,0,0,0
"436","1","2026092","20260907","20260911","31","2",0,0,0,0,0
"436","1","2026092","20260907","20260911","32","1",0,0,0,0,0
"436","1","2026092","20260907","20260911","32","2",0,0,0,0,0
"436","1","2026092","20260907","20260911","33","1",0,0,0,0,0
"436","1","2026092","20260907","20260911","33","2",0,0,0,0,0
"436","1","2026092","20260907","20260911","41","1",0,0,0,0,0
"436","1","2026092","20260907","20260911","41","2",0,0,0,0,0
"436","1","2026092","20260907","20260911","51","1",0,0,0,0,0
"436","1","2026092","20260907","20260911","51","2",0,0,0,0,0
"436","1","2026092","20260907","20260911","60","1",197,-63,134,0,331
"436","1","2026092","20260907","20260911","60","2",303827300,-97165300,206662000,0,510489300
"437","1","2026092","20260907","20260911","11","1",0,0,0,0,0
"437","1","2026092","20260907","20260911","11","2",0,0,0,0,0
"437","1","2026092","20260907","20260911","21","1",0,0,0,0,0
"437","1","2026092","20260907","20260911","21","2",0,0,0,0,0
"437","1","2026092","20260907","20260911","22","1",0,0,0,0,0
"437","1","2026092","20260907","20260911","22","2",0,0,0,0,0
"437","1","2026092","20260907","20260911","23","1",0,0,0,0,0
"437","1","2026092","20260907","20260911","23","2",0,0,0,0,0
"437","1","2026092","20260907","20260911","24","1",0,0,0,0,0
"437","1","2026092","20260907","20260911","24","2",0,0,0,0,0
"437","1","2026092","20260907","20260911","31","1",0,0,0,0,0
"437","1","2026092","20260907","20260911","31","2",0,0,0,0,0
"437","1","2026092","20260907","20260911","32","1",0,0,0,0,0
"437","1","2026092","20260907","20260911","32","2",0,0,0,0,0
"437","1","2026092","20260907","20260911","33","1",0,0,0,0,0
"437","1","2026092","20260907","20260911","33","2",0,0,0,0,0
"437","1","2026092","20260907","20260911","41","1",0,0,0,0,0
"437","1","2026092","20260907","20260911","41","2",0,0,0,0,0
"437","1","2026092","20260907","20260911","51","1",0,0,0,0,0
"437","1","2026092","20260907","20260911","51","2",0,0,0,0,0
"437","1","2026092","20260907","20260911","60","1",71,0,71,0,142
"437","1","2026092","20260907","20260911","60","2",163354300,0,163377100,22800,326731400
"438","1","2026092","20260907","20260911","11","1",0,0,0,0,0
"438","1","2026092","20260907","20260911","11","2",0,0,0,0,0
"438","1","2026092","20260907","20260911","21","1",0,0,0,0,0
"438","1","2026092","20260907","20260911","21","2",0,0,0,0,0
"438","1","2026092","20260907","20260911","22","1",0,0,0,0,0
"438","1","2026092","20260907","20260911","22","2",0,0,0,0,0
"438","1","2026092","20260907","20260911","23","1",0,0,0,0,0
"438","1","2026092","20260907","20260911","23","2",0,0,0,0,0
"438","1","2026092","20260907","20260911","24","1",0,0,0,0,0
"438","1","2026092","20260907","20260911","24","2",0,0,0,0,0
"438","1","2026092","20260907","20260911","31","1",0,0,0,0,0
"438","1","2026092","20260907","20260911","31","2",0,0,0,0,0
"438","1","2026092","20260907","20260911","32","1",0,0,0,0,0
"438","1","2026092","20260907","20260911","32","2",0,0,0,0,0
"438","1","2026092","20260907","20260911","33","1",0,0,0,0,0
"438","1","2026092","20260907","20260911","33","2",0,0,0,0,0
"438","1","2026092","20260907","20260911","41","1",0,0,0,0,0
"438","1","2026092","20260907","20260911","41","2",0,0,0,0,0
"438","1","2026092","20260907","20260911","51","1",0,0,0,0,0
"438","1","2026092","20260907","20260911","51","2",0,0,0,0,0
"438","1","2026092","20260907","20260911","60","1",0,0,0,0,0
"438","1","2026092","20260907","20260911","60","2",0,0,0,0,0
"317","1","2026092","20260907","20260911","11","1",102883,-204,102679,0,205562
"317","1","2026092","20260907","20260911","11","2",12957866785300,-27351403500,12930515381800,0,25888382167100
"317","1","2026092","20260907","20260911","21","1",3778,-67,3711,0,7489
"317","1","2026092","20260907","20260911","21","2",475080480000,-7544320000,467536160000,0,942616640000
"317","1","2026092","20260907","20260911","22","1",790,0,856,66,1646
"317","1","2026092","20260907","20260911","22","2",99302250000,0,107809380000,8507130000,207111630000
"317","1","2026092","20260907","20260911","23","1",11510,-2450,9060,0,20570
"317","1","2026092","20260907","20260911","23","2",1449917166800,-308539484300,1141377682500,0,2591294849300
"317","1","2026092","20260907","20260911","24","1",296,0,467,171,763
"317","1","2026092","20260907","20260911","24","2",37210040000,0,58816750000,21606710000,96026790000
"317","1","2026092","20260907","20260911","31","1",9170,0,9295,125,18465
"317","1","2026092","20260907","20260911","31","2",1154240080000,0,1172698580000,18458500000,2326938660000
"317","1","2026092","20260907","20260911","32","1",3,-3,0,0,3
"317","1","2026092","20260907","20260911","32","2",375450000,-375450000,0,0,375450000
"317","1","2026092","20260907","20260911","33","1",0,0,0,0,0
"317","1","2026092","20260907","20260911","33","2",0,0,0,0,0
"317","1","2026092","20260907","20260911","41","1",178,-16,162,0,340
"317","1","2026092","20260907","20260911","41","2",22457700000,-2091440000,20366260000,0,42823960000
"317","1","2026092","20260907","20260911","51","1",8,0,11,3,19
"317","1","2026092","20260907","20260911","51","2",1008960000,0,1387100000,378140000,2396060000
"317","1","2026092","20260907","20260911","60","1",643553,0,646586,3033,1290139
"317","1","2026092","20260907","20260911","60","2",81076935201500,0,81455065099300,378129897800,162532000300800
"330","1","2026092","20260907","20260911","11","1",2,0,4,2,6
"330","1","2026092","20260907","20260911","11","2",24926000,0,50350000,25424000,75276000
"330","1","2026092","20260907","20260911","21","1",0,0,0,0,0
"330","1","2026092","20260907","20260911","21","2",0,0,0,0,0
"330","1","2026092","20260907","20260911","22","1",0,0,0,0,0
"330","1","2026092","20260907","20260911","22","2",0,0,0,0,0
"330","1","2026092","20260907","20260911","23","1",0,0,3,3,3
"330","1","2026092","20260907","20260911","23","2",0,0,37551000,37551000,37551000
"330","1","2026092","20260907","20260911","24","1",0,0,0,0,0
"330","1","2026092","20260907","20260911","24","2",0,0,0,0,0
"330","1","2026092","20260907","20260911","31","1",0,0,0,0,0
"330","1","2026092","20260907","20260911","31","2",0,0,0,0,0
"330","1","2026092","20260907","20260911","32","1",0,0,3,3,3
"330","1","2026092","20260907","20260911","32","2",0,0,37725000,37725000,37725000
"330","1","2026092","20260907","20260911","33","1",0,0,0,0,0
"330","1","2026092","20260907","20260911","33","2",0,0,0,0,0
"330","1","2026092","20260907","20260911","41","1",0,0,0,0,0
"330","1","2026092","20260907","20260911","41","2",0,0,0,0,0
"330","1","2026092","20260907","20260911","51","1",4,-2,2,0,6
"330","1","2026092","20260907","20260911","51","2",50151000,-25001000,25150000,0,75301000
"330","1","2026092","20260907","20260911","60","1",3815,0,3861,46,7676
"330","1","2026092","20260907","20260911","60","2",47838950000,0,48418377000,579427000,96257327000
"318","1","2026092","20260907","20260911","11","1",49147,-18,49129,0,98276
"318","1","2026092","20260907","20260911","11","2",442634291000,0,442836395000,202104000,885470686000
"318","1","2026092","20260907","20260911","21","1",0,0,0,0,0
"318","1","2026092","20260907","20260911","21","2",0,0,0,0,0
"318","1","2026092","20260907","20260911","22","1",0,0,0,0,0
"318","1","2026092","20260907","20260911","22","2",0,0,0,0,0
"318","1","2026092","20260907","20260911","23","1",156,0,156,0,312
"318","1","2026092","20260907","20260911","23","2",1409772000,-8736000,1401036000,0,2810808000
"318","1","2026092","20260907","20260911","24","1",0,0,0,0,0
"318","1","2026092","20260907","20260911","24","2",0,0,0,0,0
"318","1","2026092","20260907","20260911","31","1",10,0,10,0,20
"318","1","2026092","20260907","20260911","31","2",90370000,-560000,89810000,0,180180000
"318","1","2026092","20260907","20260911","32","1",10,-10,0,0,10
"318","1","2026092","20260907","20260911","32","2",90500000,-90500000,0,0,90500000
"318","1","2026092","20260907","20260911","33","1",0,0,0,0,0
"318","1","2026092","20260907","20260911","33","2",0,0,0,0,0
"318","1","2026092","20260907","20260911","41","1",0,0,0,0,0
"318","1","2026092","20260907","20260911","41","2",0,0,0,0,0
"318","1","2026092","20260907","20260911","51","1",0,0,0,0,0
"318","1","2026092","20260907","20260911","51","2",0,0,0,0,0
"318","1","2026092","20260907","20260911","60","1",8617,0,8645,28,17262
"318","1","2026092","20260907","20260911","60","2",77905780000,-102308000,77803472000,0,155709252000
"334","1","2026092","20260907","20260911","11","1",1688,-182,1506,0,3194
"334","1","2026092","20260907","20260911","11","2",41598741875,-4581925625,37016816250,0,78615558125
"334","1","2026092","20260907","20260911","21","1",0,0,0,0,0
"334","1","2026092","20260907","20260911","21","2",0,0,0,0,0
"334","1","2026092","20260907","20260911","22","1",0,0,0,0,0
"334","1","2026092","20260907","20260911","22","2",0,0,0,0,0
"334","1","2026092","20260907","20260911","23","1",0,0,0,0,0
"334","1","2026092","20260907","20260911","23","2",0,0,0,0,0
"334","1","2026092","20260907","20260911","24","1",0,0,0,0,0
"334","1","2026092","20260907","20260911","24","2",0,0,0,0,0
"334","1","2026092","20260907","20260911","31","1",0,0,0,0,0
"334","1","2026092","20260907","20260911","31","2",0,0,0,0,0
"334","1","2026092","20260907","20260911","32","1",0,0,0,0,0
"334","1","2026092","20260907","20260911","32","2",0,0,0,0,0
"334","1","2026092","20260907","20260911","33","1",0,0,0,0,0
"334","1","2026092","20260907","20260911","33","2",0,0,0,0,0
"334","1","2026092","20260907","20260911","41","1",0,0,0,0,0
"334","1","2026092","20260907","20260911","41","2",0,0,0,0,0
"334","1","2026092","20260907","20260911","51","1",0,0,0,0,0
"334","1","2026092","20260907","20260911","51","2",0,0,0,0,0
"334","1","2026092","20260907","20260911","60","1",6701,0,7746,1045,14447
"334","1","2026092","20260907","20260911","60","2",165337251875,0,191131539375,25794287500,356468791250
"400","1","2026092","20260907","20260911","11","1",6562,-953,5609,0,12171
"400","1","2026092","20260907","20260911","11","2",145863391000,-20306656000,125556735000,0,271420126000
"400","1","2026092","20260907","20260911","21","1",0,0,0,0,0
"400","1","2026092","20260907","20260911","21","2",0,0,0,0,0
"400","1","2026092","20260907","20260911","22","1",0,0,0,0,0
"400","1","2026092","20260907","20260911","22","2",0,0,0,0,0
"400","1","2026092","20260907","20260911","23","1",0,0,0,0,0
"400","1","2026092","20260907","20260911","23","2",0,0,0,0,0
"400","1","2026092","20260907","20260911","24","1",639,-416,223,0,862
"400","1","2026092","20260907","20260911","24","2",14274860000,-9275108000,4999752000,0,19274612000
"400","1","2026092","20260907","20260911","31","1",165,-5,160,0,325
"400","1","2026092","20260907","20260911","31","2",3671613000,-85433000,3586180000,0,7257793000
"400","1","2026092","20260907","20260911","32","1",4638,0,6472,1834,11110
"400","1","2026092","20260907","20260911","32","2",103856851000,0,143753781000,39896930000,247610632000
"400","1","2026092","20260907","20260911","33","1",2922,0,2949,27,5871
"400","1","2026092","20260907","20260911","33","2",65149723000,0,65754760000,605037000,130904483000
"400","1","2026092","20260907","20260911","41","1",147,-13,134,0,281
"400","1","2026092","20260907","20260911","41","2",3291546000,-294197000,2997349000,0,6288895000
"400","1","2026092","20260907","20260911","51","1",9149,-749,8400,0,17549
"400","1","2026092","20260907","20260911","51","2",204784925000,-16430307000,188354618000,0,393139543000
"400","1","2026092","20260907","20260911","60","1",44658,0,44933,275,89591
"400","1","2026092","20260907","20260911","60","2",999651332000,0,1005541066000,5889734000,2005192398000
"443","1","2026092","20260907","20260911","11","1",0,0,200,200,200
"443","1","2026092","20260907","20260911","11","2",0,0,433466900,433466900,433466900
"443","1","2026092","20260907","20260911","21","1",0,0,0,0,0
"443","1","2026092","20260907","20260911","21","2",0,0,0,0,0
"443","1","2026092","20260907","20260911","22","1",0,0,0,0,0
"443","1","2026092","20260907","20260911","22","2",0,0,0,0,0
"443","1","2026092","20260907","20260911","23","1",0,0,0,0,0
"443","1","2026092","20260907","20260911","23","2",0,0,0,0,0
"443","1","2026092","20260907","20260911","24","1",944,-414,530,0,1474
"443","1","2026092","20260907","20260911","24","2",2072661400,-895986400,1176675000,0,3249336400
"443","1","2026092","20260907","20260911","31","1",0,0,0,0,0
"443","1","2026092","20260907","20260911","31","2",0,0,0,0,0
"443","1","2026092","20260907","20260911","32","1",0,0,0,0,0
"443","1","2026092","20260907","20260911","32","2",0,0,0,0,0
"443","1","2026092","20260907","20260911","33","1",52,0,116,64,168
"443","1","2026092","20260907","20260911","33","2",114939500,0,256186700,141247200,371126200
"443","1","2026092","20260907","20260911","41","1",0,0,0,0,0
"443","1","2026092","20260907","20260911","41","2",0,0,0,0,0
"443","1","2026092","20260907","20260911","51","1",300,-29,271,0,571
"443","1","2026092","20260907","20260911","51","2",660588000,-61375900,599212100,0,1259800100
"443","1","2026092","20260907","20260911","60","1",1736,0,1915,179,3651
"443","1","2026092","20260907","20260911","60","2",3836124200,0,4218772400,382648200,8054896600
"401","1","2026092","20260907","20260911","11","1",552,0,595,43,1147
"401","1","2026092","20260907","20260911","11","2",1229694150,0,1319306850,89612700,2549001000
"401","1","2026092","20260907","20260911","21","1",0,0,0,0,0
"401","1","2026092","20260907","20260911","21","2",0,0,0,0,0
"401","1","2026092","20260907","20260911","22","1",0,0,0,0,0
"401","1","2026092","20260907","20260911","22","2",0,0,0,0,0
"401","1","2026092","20260907","20260911","23","1",0,0,0,0,0
"401","1","2026092","20260907","20260911","23","2",0,0,0,0,0
"401","1","2026092","20260907","20260911","24","1",721,-88,633,0,1354
"401","1","2026092","20260907","20260911","24","2",1604682200,-188298550,1416383650,0,3021065850
"401","1","2026092","20260907","20260911","31","1",56,-35,21,0,77
"401","1","2026092","20260907","20260911","31","2",124580450,-77563700,47016750,0,171597200
"401","1","2026092","20260907","20260911","32","1",1002,-12,990,0,1992
"401","1","2026092","20260907","20260911","32","2",2244129750,-28677250,2215452500,0,4459582250
"401","1","2026092","20260907","20260911","33","1",1396,-105,1291,0,2687
"401","1","2026092","20260907","20260911","33","2",3131098000,-242025450,2889072550,0,6020170550
"401","1","2026092","20260907","20260911","41","1",127,0,134,7,261
"401","1","2026092","20260907","20260911","41","2",284614650,0,301014350,16399700,585629000
"401","1","2026092","20260907","20260911","51","1",13666,-63,13603,0,27269
"401","1","2026092","20260907","20260911","51","2",30725112250,-117861450,30607250800,0,61332363050
"401","1","2026092","20260907","20260911","60","1",50954,0,51207,253,102161
"401","1","2026092","20260907","20260911","60","2",114419004800,0,114967418800,548414000,229386423600
"402","1","2026092","20260907","20260911","11","1",0,0,0,0,0
"402","1","2026092","20260907","20260911","11","2",0,0,0,0,0
"402","1","2026092","20260907","20260911","21","1",0,0,0,0,0
"402","1","2026092","20260907","20260911","21","2",0,0,0,0,0
"402","1","2026092","20260907","20260911","22","1",0,0,0,0,0
"402","1","2026092","20260907","20260911","22","2",0,0,0,0,0
"402","1","2026092","20260907","20260911","23","1",0,0,0,0,0
"402","1","2026092","20260907","20260911","23","2",0,0,0,0,0
"402","1","2026092","20260907","20260911","24","1",112,-92,20,0,132
"402","1","2026092","20260907","20260911","24","2",244469200,-200727300,43741900,0,288211100
"402","1","2026092","20260907","20260911","31","1",0,0,0,0,0
"402","1","2026092","20260907","20260911","31","2",0,0,0,0,0
"402","1","2026092","20260907","20260911","32","1",28,0,37,9,65
"402","1","2026092","20260907","20260911","32","2",61421500,0,81327900,19906400,142749400
"402","1","2026092","20260907","20260911","33","1",104,0,118,14,222
"402","1","2026092","20260907","20260911","33","2",226366000,0,257321500,30955500,483687500
"402","1","2026092","20260907","20260911","41","1",10,-10,0,0,10
"402","1","2026092","20260907","20260911","41","2",21587000,-21587000,0,0,21587000
"402","1","2026092","20260907","20260911","51","1",191,-46,145,0,336
"402","1","2026092","20260907","20260911","51","2",415683100,-98242800,317440300,0,733123400
"402","1","2026092","20260907","20260911","60","1",537,0,662,125,1199
"402","1","2026092","20260907","20260911","60","2",1171020000,0,1440715200,269695200,2611735200
"403","1","2026092","20260907","20260911","11","1",0,0,0,0,0
"403","1","2026092","20260907","20260911","11","2",0,0,0,0,0
"403","1","2026092","20260907","20260911","21","1",0,0,0,0,0
"403","1","2026092","20260907","20260911","21","2",0,0,0,0,0
"403","1","2026092","20260907","20260911","22","1",0,0,0,0,0
"403","1","2026092","20260907","20260911","22","2",0,0,0,0,0
"403","1","2026092","20260907","20260911","23","1",0,0,0,0,0
"403","1","2026092","20260907","20260911","23","2",0,0,0,0,0
"403","1","2026092","20260907","20260911","24","1",0,0,0,0,0
"403","1","2026092","20260907","20260911","24","2",0,0,0,0,0
"403","1","2026092","20260907","20260911","31","1",0,0,0,0,0
"403","1","2026092","20260907","20260911","31","2",0,0,0,0,0
"403","1","2026092","20260907","20260911","32","1",0,0,0,0,0
"403","1","2026092","20260907","20260911","32","2",0,0,0,0,0
"403","1","2026092","20260907","20260911","33","1",0,0,0,0,0
"403","1","2026092","20260907","20260911","33","2",0,0,0,0,0
"403","1","2026092","20260907","20260911","41","1",0,0,0,0,0
"403","1","2026092","20260907","20260911","41","2",0,0,0,0,0
"403","1","2026092","20260907","20260911","51","1",0,0,1,1,1
"403","1","2026092","20260907","20260911","51","2",0,0,9663000,9663000,9663000
"403","1","2026092","20260907","20260911","60","1",1,-1,0,0,1
"403","1","2026092","20260907","20260911","60","2",9663000,-9663000,0,0,9663000
"404","1","2026092","20260907","20260911","11","1",119,0,136,17,255
"404","1","2026092","20260907","20260911","11","2",529979000,0,603351500,73372500,1133330500
"404","1","2026092","20260907","20260911","21","1",0,0,0,0,0
"404","1","2026092","20260907","20260911","21","2",0,0,0,0,0
"404","1","2026092","20260907","20260911","22","1",0,0,0,0,0
"404","1","2026092","20260907","20260911","22","2",0,0,0,0,0
"404","1","2026092","20260907","20260911","23","1",0,0,0,0,0
"404","1","2026092","20260907","20260911","23","2",0,0,0,0,0
"404","1","2026092","20260907","20260911","24","1",414,-189,225,0,639
"404","1","2026092","20260907","20260911","24","2",1851868500,-849552500,1002316000,0,2854184500
"404","1","2026092","20260907","20260911","31","1",0,0,0,0,0
"404","1","2026092","20260907","20260911","31","2",0,0,0,0,0
"404","1","2026092","20260907","20260911","32","1",311,0,379,68,690
"404","1","2026092","20260907","20260911","32","2",1401574000,0,1699539500,297965500,3101113500
"404","1","2026092","20260907","20260911","33","1",814,-85,729,0,1543
"404","1","2026092","20260907","20260911","33","2",3646979000,-397438500,3249540500,0,6896519500
"404","1","2026092","20260907","20260911","41","1",35,0,43,8,78
"404","1","2026092","20260907","20260911","41","2",158094500,0,193712000,35617500,351806500
"404","1","2026092","20260907","20260911","51","1",2415,0,3111,696,5526
"404","1","2026092","20260907","20260911","51","2",10794889500,0,13855210000,3060320500,24650099500
"404","1","2026092","20260907","20260911","60","1",10251,-515,9736,0,19987
"404","1","2026092","20260907","20260911","60","2",45626341500,-2220285000,43406056500,0,89032398000
"444","1","2026092","20260907","20260911","11","1",0,0,10,10,10
"444","1","2026092","20260907","20260911","11","2",0,0,9060000,9060000,9060000
"444","1","2026092","20260907","20260911","21","1",0,0,0,0,0
"444","1","2026092","20260907","20260911","21","2",0,0,0,0,0
"444","1","2026092","20260907","20260911","22","1",0,0,0,0,0
"444","1","2026092","20260907","20260911","22","2",0,0,0,0,0
"444","1","2026092","20260907","20260911","23","1",0,0,0,0,0
"444","1","2026092","20260907","20260911","23","2",0,0,0,0,0
"444","1","2026092","20260907","20260911","24","1",909,-156,753,0,1662
"444","1","2026092","20260907","20260911","24","2",825647600,-135552500,690095100,0,1515742700
"444","1","2026092","20260907","20260911","31","1",0,0,0,0,0
"444","1","2026092","20260907","20260911","31","2",0,0,0,0,0
"444","1","2026092","20260907","20260911","32","1",0,0,0,0,0
"444","1","2026092","20260907","20260911","32","2",0,0,0,0,0
"444","1","2026092","20260907","20260911","33","1",87,0,121,34,208
"444","1","2026092","20260907","20260911","33","2",79991400,0,109730600,29739200,189722000
"444","1","2026092","20260907","20260911","41","1",0,0,0,0,0
"444","1","2026092","20260907","20260911","41","2",0,0,0,0,0
"444","1","2026092","20260907","20260911","51","1",118,-7,111,0,229
"444","1","2026092","20260907","20260911","51","2",107398200,-7067300,100330900,0,207729100
"444","1","2026092","20260907","20260911","60","1",829,0,948,119,1777
"444","1","2026092","20260907","20260911","60","2",757756100,0,861576700,103820600,1619332800
"405","1","2026092","20260907","20260911","11","1",148,0,152,4,300
"405","1","2026092","20260907","20260911","11","2",130404150,0,136983600,6579450,267387750
"405","1","2026092","20260907","20260911","21","1",0,0,0,0,0
"405","1","2026092","20260907","20260911","21","2",0,0,0,0,0
"405","1","2026092","20260907","20260911","22","1",0,0,0,0,0
"405","1","2026092","20260907","20260911","22","2",0,0,0,0,0
"405","1","2026092","20260907","20260911","23","1",0,0,0,0,0
"405","1","2026092","20260907","20260911","23","2",0,0,0,0,0
"405","1","2026092","20260907","20260911","24","1",794,0,824,30,1618
"405","1","2026092","20260907","20260911","24","2",712266450,0,731750400,19483950,1444016850
"405","1","2026092","20260907","20260911","31","1",0,0,0,0,0
"405","1","2026092","20260907","20260911","31","2",0,0,0,0,0
"405","1","2026092","20260907","20260911","32","1",66,0,67,1,133
"405","1","2026092","20260907","20260911","32","2",58670000,0,59363100,693100,118033100
"405","1","2026092","20260907","20260911","33","1",159,-72,87,0,246
"405","1","2026092","20260907","20260911","33","2",141507950,-63938400,77569550,0,219077500
"405","1","2026092","20260907","20260911","41","1",25,0,31,6,56
"405","1","2026092","20260907","20260911","41","2",22292900,0,27701300,5408400,49994200
"405","1","2026092","20260907","20260911","51","1",1531,0,1561,30,3092
"405","1","2026092","20260907","20260911","51","2",1369297000,0,1395375750,26078750,2764672750
"405","1","2026092","20260907","20260911","60","1",2379,0,2380,1,4759
"405","1","2026092","20260907","20260911","60","2",2125527600,0,2131222350,5694750,4256749950
"406","1","2026092","20260907","20260911","11","1",0,0,0,0,0
"406","1","2026092","20260907","20260911","11","2",0,0,0,0,0
"406","1","2026092","20260907","20260911","21","1",0,0,0,0,0
"406","1","2026092","20260907","20260911","21","2",0,0,0,0,0
"406","1","2026092","20260907","20260911","22","1",0,0,0,0,0
"406","1","2026092","20260907","20260911","22","2",0,0,0,0,0
"406","1","2026092","20260907","20260911","23","1",0,0,0,0,0
"406","1","2026092","20260907","20260911","23","2",0,0,0,0,0
"406","1","2026092","20260907","20260911","24","1",1050,-174,876,0,1926
"406","1","2026092","20260907","20260911","24","2",936807000,-150203400,786603600,0,1723410600
"406","1","2026092","20260907","20260911","31","1",0,0,0,0,0
"406","1","2026092","20260907","20260911","31","2",0,0,0,0,0
"406","1","2026092","20260907","20260911","32","1",4,0,8,4,12
"406","1","2026092","20260907","20260911","32","2",3544500,0,7136200,3591700,10680700
"406","1","2026092","20260907","20260911","33","1",104,-2,102,0,206
"406","1","2026092","20260907","20260911","33","2",93656100,-2619900,91036200,0,184692300
"406","1","2026092","20260907","20260911","41","1",0,0,0,0,0
"406","1","2026092","20260907","20260911","41","2",0,0,0,0,0
"406","1","2026092","20260907","20260911","51","1",198,0,268,70,466
"406","1","2026092","20260907","20260911","51","2",177170900,0,239187700,62016800,416358600
"406","1","2026092","20260907","20260911","60","1",588,0,690,102,1278
"406","1","2026092","20260907","20260911","60","2",527353000,0,614567800,87214800,1141920800
"407","1","2026092","20260907","20260911","11","1",0,0,0,0,0
"407","1","2026092","20260907","20260911","11","2",0,0,0,0,0
"407","1","2026092","20260907","20260911","21","1",0,0,0,0,0
"407","1","2026092","20260907","20260911","21","2",0,0,0,0,0
"407","1","2026092","20260907","20260911","22","1",0,0,0,0,0
"407","1","2026092","20260907","20260911","22","2",0,0,0,0,0
"407","1","2026092","20260907","20260911","23","1",0,0,0,0,0
"407","1","2026092","20260907","20260911","23","2",0,0,0,0,0
"407","1","2026092","20260907","20260911","24","1",0,0,0,0,0
"407","1","2026092","20260907","20260911","24","2",0,0,0,0,0
"407","1","2026092","20260907","20260911","31","1",0,0,0,0,0
"407","1","2026092","20260907","20260911","31","2",0,0,0,0,0
"407","1","2026092","20260907","20260911","32","1",0,0,0,0,0
"407","1","2026092","20260907","20260911","32","2",0,0,0,0,0
"407","1","2026092","20260907","20260911","33","1",0,0,0,0,0
"407","1","2026092","20260907","20260911","33","2",0,0,0,0,0
"407","1","2026092","20260907","20260911","41","1",0,0,0,0,0
"407","1","2026092","20260907","20260911","41","2",0,0,0,0,0
"407","1","2026092","20260907","20260911","51","1",0,0,0,0,0
"407","1","2026092","20260907","20260911","51","2",0,0,0,0,0
"407","1","2026092","20260907","20260911","60","1",0,0,0,0,0
"407","1","2026092","20260907","20260911","60","2",0,0,0,0,0
"415","1","2026092","20260907","20260911","11","1",0,0,0,0,0
"415","1","2026092","20260907","20260911","11","2",0,0,0,0,0
"415","1","2026092","20260907","20260911","21","1",0,0,0,0,0
"415","1","2026092","20260907","20260911","21","2",0,0,0,0,0
"415","1","2026092","20260907","20260911","22","1",0,0,0,0,0
"415","1","2026092","20260907","20260911","22","2",0,0,0,0,0
"415","1","2026092","20260907","20260911","23","1",0,0,0,0,0
"415","1","2026092","20260907","20260911","23","2",0,0,0,0,0
"415","1","2026092","20260907","20260911","24","1",0,0,0,0,0
"415","1","2026092","20260907","20260911","24","2",0,0,0,0,0
"415","1","2026092","20260907","20260911","31","1",0,0,0,0,0
"415","1","2026092","20260907","20260911","31","2",0,0,0,0,0
"415","1","2026092","20260907","20260911","32","1",0,0,0,0,0
"415","1","2026092","20260907","20260911","32","2",0,0,0,0,0
"415","1","2026092","20260907","20260911","33","1",0,0,0,0,0
"415","1","2026092","20260907","20260911","33","2",0,0,0,0,0
"415","1","2026092","20260907","20260911","41","1",0,0,0,0,0
"415","1","2026092","20260907","20260911","41","2",0,0,0,0,0
"415","1","2026092","20260907","20260911","51","1",0,0,0,0,0
"415","1","2026092","20260907","20260911","51","2",0,0,0,0,0
"415","1","2026092","20260907","20260911","60","1",0,0,0,0,0
"415","1","2026092","20260907","20260911","60","2",0,0,0,0,0
"408","1","2026092","20260907","20260911","11","1",253,0,260,7,513
"408","1","2026092","20260907","20260911","11","2",551037000,0,565616000,14579000,1116653000
"408","1","2026092","20260907","20260911","21","1",0,0,0,0,0
"408","1","2026092","20260907","20260911","21","2",0,0,0,0,0
"408","1","2026092","20260907","20260911","22","1",0,0,0,0,0
"408","1","2026092","20260907","20260911","22","2",0,0,0,0,0
"408","1","2026092","20260907","20260911","23","1",0,0,0,0,0
"408","1","2026092","20260907","20260911","23","2",0,0,0,0,0
"408","1","2026092","20260907","20260911","24","1",0,0,0,0,0
"408","1","2026092","20260907","20260911","24","2",0,0,0,0,0
"408","1","2026092","20260907","20260911","31","1",0,0,0,0,0
"408","1","2026092","20260907","20260911","31","2",0,0,0,0,0
"408","1","2026092","20260907","20260911","32","1",55,0,60,5,115
"408","1","2026092","20260907","20260911","32","2",120720000,0,130790500,10070500,251510500
"408","1","2026092","20260907","20260911","33","1",68,0,87,19,155
"408","1","2026092","20260907","20260911","33","2",148238500,0,189258000,41019500,337496500
"408","1","2026092","20260907","20260911","41","1",33,0,40,7,73
"408","1","2026092","20260907","20260911","41","2",71958500,0,87422500,15464000,159381000
"408","1","2026092","20260907","20260911","51","1",340,0,565,225,905
"408","1","2026092","20260907","20260911","51","2",742003000,0,1230256000,488253000,1972259000
"408","1","2026092","20260907","20260911","60","1",3249,-263,2986,0,6235
"408","1","2026092","20260907","20260911","60","2",7089418000,-569386000,6520032000,0,13609450000
"409","1","2026092","20260907","20260911","11","1",0,0,0,0,0
"409","1","2026092","20260907","20260911","11","2",0,0,0,0,0
"409","1","2026092","20260907","20260911","21","1",0,0,0,0,0
"409","1","2026092","20260907","20260911","21","2",0,0,0,0,0
"409","1","2026092","20260907","20260911","22","1",0,0,0,0,0
"409","1","2026092","20260907","20260911","22","2",0,0,0,0,0
"409","1","2026092","20260907","20260911","23","1",0,0,0,0,0
"409","1","2026092","20260907","20260911","23","2",0,0,0,0,0
"409","1","2026092","20260907","20260911","24","1",0,0,0,0,0
"409","1","2026092","20260907","20260911","24","2",0,0,0,0,0
"409","1","2026092","20260907","20260911","31","1",0,0,0,0,0
"409","1","2026092","20260907","20260911","31","2",0,0,0,0,0
"409","1","2026092","20260907","20260911","32","1",0,0,0,0,0
"409","1","2026092","20260907","20260911","32","2",0,0,0,0,0
"409","1","2026092","20260907","20260911","33","1",0,0,0,0,0
"409","1","2026092","20260907","20260911","33","2",0,0,0,0,0
"409","1","2026092","20260907","20260911","41","1",0,0,0,0,0
"409","1","2026092","20260907","20260911","41","2",0,0,0,0,0
"409","1","2026092","20260907","20260911","51","1",0,0,0,0,0
"409","1","2026092","20260907","20260911","51","2",0,0,0,0,0
"409","1","2026092","20260907","20260911","60","1",0,0,0,0,0
"409","1","2026092","20260907","20260911","60","2",0,0,0,0,0
"431","1","2026092","20260907","20260911","11","1",0,0,0,0,0
"431","1","2026092","20260907","20260911","11","2",0,0,0,0,0
"431","1","2026092","20260907","20260911","21","1",0,0,0,0,0
"431","1","2026092","20260907","20260911","21","2",0,0,0,0,0
"431","1","2026092","20260907","20260911","22","1",0,0,0,0,0
"431","1","2026092","20260907","20260911","22","2",0,0,0,0,0
"431","1","2026092","20260907","20260911","23","1",0,0,0,0,0
"431","1","2026092","20260907","20260911","23","2",0,0,0,0,0
"431","1","2026092","20260907","20260911","24","1",0,0,0,0,0
"431","1","2026092","20260907","20260911","24","2",0,0,0,0,0
"431","1","2026092","20260907","20260911","31","1",0,0,0,0,0
"431","1","2026092","20260907","20260911","31","2",0,0,0,0,0
"431","1","2026092","20260907","20260911","32","1",0,0,0,0,0
"431","1","2026092","20260907","20260911","32","2",0,0,0,0,0
"431","1","2026092","20260907","20260911","33","1",0,0,0,0,0
"431","1","2026092","20260907","20260911","33","2",0,0,0,0,0
"431","1","2026092","20260907","20260911","41","1",0,0,0,0,0
"431","1","2026092","20260907","20260911","41","2",0,0,0,0,0
"431","1","2026092","20260907","20260911","51","1",0,0,0,0,0
"431","1","2026092","20260907","20260911","51","2",0,0,0,0,0
"431","1","2026092","20260907","20260911","60","1",64,0,64,0,128
"431","1","2026092","20260907","20260911","60","2",122790000,0,122790000,0,245580000
"410","1","2026092","20260907","20260911","11","1",0,0,0,0,0
"410","1","2026092","20260907","20260911","11","2",0,0,0,0,0
"410","1","2026092","20260907","20260911","21","1",0,0,0,0,0
"410","1","2026092","20260907","20260911","21","2",0,0,0,0,0
"410","1","2026092","20260907","20260911","22","1",0,0,0,0,0
"410","1","2026092","20260907","20260911","22","2",0,0,0,0,0
"410","1","2026092","20260907","20260911","23","1",0,0,0,0,0
"410","1","2026092","20260907","20260911","23","2",0,0,0,0,0
"410","1","2026092","20260907","20260911","24","1",0,0,0,0,0
"410","1","2026092","20260907","20260911","24","2",0,0,0,0,0
"410","1","2026092","20260907","20260911","31","1",0,0,0,0,0
"410","1","2026092","20260907","20260911","31","2",0,0,0,0,0
"410","1","2026092","20260907","20260911","32","1",0,0,0,0,0
"410","1","2026092","20260907","20260911","32","2",0,0,0,0,0
"410","1","2026092","20260907","20260911","33","1",0,0,0,0,0
"410","1","2026092","20260907","20260911","33","2",0,0,0,0,0
"410","1","2026092","20260907","20260911","41","1",0,0,0,0,0
"410","1","2026092","20260907","20260911","41","2",0,0,0,0,0
"410","1","2026092","20260907","20260911","51","1",0,0,0,0,0
"410","1","2026092","20260907","20260911","51","2",0,0,0,0,0
"410","1","2026092","20260907","20260911","60","1",0,0,0,0,0
"410","1","2026092","20260907","20260911","60","2",0,0,0,0,0
"411","1","2026092","20260907","20260911","11","1",0,0,0,0,0
"411","1","2026092","20260907","20260911","11","2",0,0,0,0,0
"411","1","2026092","20260907","20260911","21","1",0,0,0,0,0
"411","1","2026092","20260907","20260911","21","2",0,0,0,0,0
"411","1","2026092","20260907","20260911","22","1",0,0,0,0,0
"411","1","2026092","20260907","20260911","22","2",0,0,0,0,0
"411","1","2026092","20260907","20260911","23","1",0,0,0,0,0
"411","1","2026092","20260907","20260911","23","2",0,0,0,0,0
"411","1","2026092","20260907","20260911","24","1",0,0,0,0,0
"411","1","2026092","20260907","20260911","24","2",0,0,0,0,0
"411","1","2026092","20260907","20260911","31","1",0,0,0,0,0
"411","1","2026092","20260907","20260911","31","2",0,0,0,0,0
"411","1","2026092","20260907","20260911","32","1",0,0,0,0,0
"411","1","2026092","20260907","20260911","32","2",0,0,0,0,0
"411","1","2026092","20260907","20260911","33","1",0,0,0,0,0
"411","1","2026092","20260907","20260911","33","2",0,0,0,0,0
"411","1","2026092","20260907","20260911","41","1",0,0,0,0,0
"411","1","2026092","20260907","20260911","41","2",0,0,0,0,0
"411","1","2026092","20260907","20260911","51","1",0,0,0,0,0
"411","1","2026092","20260907","20260911","51","2",0,0,0,0,0
"411","1","2026092","20260907","20260911","60","1",0,0,0,0,0
"411","1","2026092","20260907","20260911","60","2",0,0,0,0,0
"412","1","2026092","20260907","20260911","11","1",0,0,0,0,0
"412","1","2026092","20260907","20260911","11","2",0,0,0,0,0
"412","1","2026092","20260907","20260911","21","1",0,0,0,0,0
"412","1","2026092","20260907","20260911","21","2",0,0,0,0,0
"412","1","2026092","20260907","20260911","22","1",0,0,0,0,0
"412","1","2026092","20260907","20260911","22","2",0,0,0,0,0
"412","1","2026092","20260907","20260911","23","1",0,0,0,0,0
"412","1","2026092","20260907","20260911","23","2",0,0,0,0,0
"412","1","2026092","20260907","20260911","24","1",0,0,0,0,0
"412","1","2026092","20260907","20260911","24","2",0,0,0,0,0
"412","1","2026092","20260907","20260911","31","1",0,0,0,0,0
"412","1","2026092","20260907","20260911","31","2",0,0,0,0,0
"412","1","2026092","20260907","20260911","32","1",0,0,0,0,0
"412","1","2026092","20260907","20260911","32","2",0,0,0,0,0
"412","1","2026092","20260907","20260911","33","1",0,0,0,0,0
"412","1","2026092","20260907","20260911","33","2",0,0,0,0,0
"412","1","2026092","20260907","20260911","41","1",0,0,0,0,0
"412","1","2026092","20260907","20260911","41","2",0,0,0,0,0
"412","1","2026092","20260907","20260911","51","1",0,0,0,0,0
"412","1","2026092","20260907","20260911","51","2",0,0,0,0,0
"412","1","2026092","20260907","20260911","60","1",0,0,0,0,0
"412","1","2026092","20260907","20260911","60","2",0,0,0,0,0
"416","1","2026092","20260907","20260911","11","1",0,0,0,0,0
"416","1","2026092","20260907","20260911","11","2",0,0,0,0,0
"416","1","2026092","20260907","20260911","21","1",0,0,0,0,0
"416","1","2026092","20260907","20260911","21","2",0,0,0,0,0
"416","1","2026092","20260907","20260911","22","1",0,0,0,0,0
"416","1","2026092","20260907","20260911","22","2",0,0,0,0,0
"416","1","2026092","20260907","20260911","23","1",0,0,0,0,0
"416","1","2026092","20260907","20260911","23","2",0,0,0,0,0
"416","1","2026092","20260907","20260911","24","1",0,0,0,0,0
"416","1","2026092","20260907","20260911","24","2",0,0,0,0,0
"416","1","2026092","20260907","20260911","31","1",0,0,0,0,0
"416","1","2026092","20260907","20260911","31","2",0,0,0,0,0
"416","1","2026092","20260907","20260911","32","1",0,0,0,0,0
"416","1","2026092","20260907","20260911","32","2",0,0,0,0,0
"416","1","2026092","20260907","20260911","33","1",0,0,0,0,0
"416","1","2026092","20260907","20260911","33","2",0,0,0,0,0
"416","1","2026092","20260907","20260911","41","1",0,0,0,0,0
"416","1","2026092","20260907","20260911","41","2",0,0,0,0,0
"416","1","2026092","20260907","20260911","51","1",0,0,0,0,0
"416","1","2026092","20260907","20260911","51","2",0,0,0,0,0
"416","1","2026092","20260907","20260911","60","1",0,0,0,0,0
"416","1","2026092","20260907","20260911","60","2",0,0,0,0,0
"417","1","2026092","20260907","20260911","11","1",0,0,0,0,0
"417","1","2026092","20260907","20260911","11","2",0,0,0,0,0
"417","1","2026092","20260907","20260911","21","1",0,0,0,0,0
"417","1","2026092","20260907","20260911","21","2",0,0,0,0,0
"417","1","2026092","20260907","20260911","22","1",0,0,0,0,0
"417","1","2026092","20260907","20260911","22","2",0,0,0,0,0
"417","1","2026092","20260907","20260911","23","1",0,0,0,0,0
"417","1","2026092","20260907","20260911","23","2",0,0,0,0,0
"417","1","2026092","20260907","20260911","24","1",0,0,0,0,0
"417","1","2026092","20260907","20260911","24","2",0,0,0,0,0
"417","1","2026092","20260907","20260911","31","1",0,0,0,0,0
"417","1","2026092","20260907","20260911","31","2",0,0,0,0,0
"417","1","2026092","20260907","20260911","32","1",0,0,0,0,0
"417","1","2026092","20260907","20260911","32","2",0,0,0,0,0
"417","1","2026092","20260907","20260911","33","1",0,0,0,0,0
"417","1","2026092","20260907","20260911","33","2",0,0,0,0,0
"417","1","2026092","20260907","20260911","41","1",0,0,0,0,0
"417","1","2026092","20260907","20260911","41","2",0,0,0,0,0
"417","1","2026092","20260907","20260911","51","1",0,0,0,0,0
"417","1","2026092","20260907","20260911","51","2",0,0,0,0,0
"417","1","2026092","20260907","20260911","60","1",0,0,0,0,0
"417","1","2026092","20260907","20260911","60","2",0,0,0,0,0
"418","1","2026092","20260907","20260911","11","1",0,0,0,0,0
"418","1","2026092","20260907","20260911","11","2",0,0,0,0,0
"418","1","2026092","20260907","20260911","21","1",0,0,0,0,0
"418","1","2026092","20260907","20260911","21","2",0,0,0,0,0
"418","1","2026092","20260907","20260911","22","1",0,0,0,0,0
"418","1","2026092","20260907","20260911","22","2",0,0,0,0,0
"418","1","2026092","20260907","20260911","23","1",0,0,0,0,0
"418","1","2026092","20260907","20260911","23","2",0,0,0,0,0
"418","1","2026092","20260907","20260911","24","1",0,0,0,0,0
"418","1","2026092","20260907","20260911","24","2",0,0,0,0,0
"418","1","2026092","20260907","20260911","31","1",0,0,0,0,0
"418","1","2026092","20260907","20260911","31","2",0,0,0,0,0
"418","1","2026092","20260907","20260911","32","1",0,0,0,0,0
"418","1","2026092","20260907","20260911","32","2",0,0,0,0,0
"418","1","2026092","20260907","20260911","33","1",0,0,0,0,0
"418","1","2026092","20260907","20260911","33","2",0,0,0,0,0
"418","1","2026092","20260907","20260911","41","1",0,0,0,0,0
"418","1","2026092","20260907","20260911","41","2",0,0,0,0,0
"418","1","2026092","20260907","20260911","51","1",0,0,0,0,0
"418","1","2026092","20260907","20260911","51","2",0,0,0,0,0
"418","1","2026092","20260907","20260911","60","1",0,0,0,0,0
"418","1","2026092","20260907","20260911","60","2",0,0,0,0,0
"419","1","2026092","20260907","20260911","11","1",8744,0,9233,489,17977
"419","1","2026092","20260907","20260911","11","2",35281970000,0,36552078000,1270108000,71834048000
"419","1","2026092","20260907","20260911","21","1",0,0,0,0,0
"419","1","2026092","20260907","20260911","21","2",0,0,0,0,0
"419","1","2026092","20260907","20260911","22","1",0,0,0,0,0
"419","1","2026092","20260907","20260911","22","2",0,0,0,0,0
"419","1","2026092","20260907","20260911","23","1",0,0,0,0,0
"419","1","2026092","20260907","20260911","23","2",0,0,0,0,0
"419","1","2026092","20260907","20260911","24","1",0,0,0,0,0
"419","1","2026092","20260907","20260911","24","2",0,0,0,0,0
"419","1","2026092","20260907","20260911","31","1",0,0,0,0,0
"419","1","2026092","20260907","20260911","31","2",0,0,0,0,0
"419","1","2026092","20260907","20260911","32","1",2911,-73,2838,0,5749
"419","1","2026092","20260907","20260911","32","2",11586221500,-54642000,11531579500,0,23117801000
"419","1","2026092","20260907","20260911","33","1",3200,-32,3168,0,6368
"419","1","2026092","20260907","20260911","33","2",12701492500,0,12750587500,49095000,25452080000
"419","1","2026092","20260907","20260911","41","1",0,0,0,0,0
"419","1","2026092","20260907","20260911","41","2",0,0,0,0,0
"419","1","2026092","20260907","20260911","51","1",1293,-22,1271,0,2564
"419","1","2026092","20260907","20260911","51","2",5162342500,0,5168276500,5934000,10330619000
"419","1","2026092","20260907","20260911","60","1",6182,-362,5820,0,12002
"419","1","2026092","20260907","20260911","60","2",24659535500,-1270495000,23389040500,0,48048576000
"423","1","2026092","20260907","20260911","11","1",0,0,0,0,0
"423","1","2026092","20260907","20260911","11","2",0,0,0,0,0
"423","1","2026092","20260907","20260911","21","1",0,0,0,0,0
"423","1","2026092","20260907","20260911","21","2",0,0,0,0,0
"423","1","2026092","20260907","20260911","22","1",0,0,0,0,0
"423","1","2026092","20260907","20260911","22","2",0,0,0,0,0
"423","1","2026092","20260907","20260911","23","1",0,0,0,0,0
"423","1","2026092","20260907","20260911","23","2",0,0,0,0,0
"423","1","2026092","20260907","20260911","24","1",0,0,0,0,0
"423","1","2026092","20260907","20260911","24","2",0,0,0,0,0
"423","1","2026092","20260907","20260911","31","1",0,0,0,0,0
"423","1","2026092","20260907","20260911","31","2",0,0,0,0,0
"423","1","2026092","20260907","20260911","32","1",60,0,81,21,141
"423","1","2026092","20260907","20260911","32","2",93465600,0,130560000,37094400,224025600
"423","1","2026092","20260907","20260911","33","1",0,0,0,0,0
"423","1","2026092","20260907","20260911","33","2",0,0,0,0,0
"423","1","2026092","20260907","20260911","41","1",0,0,0,0,0
"423","1","2026092","20260907","20260911","41","2",0,0,0,0,0
"423","1","2026092","20260907","20260911","51","1",0,0,0,0,0
"423","1","2026092","20260907","20260911","51","2",0,0,0,0,0
"423","1","2026092","20260907","20260911","60","1",21,-21,0,0,21
"423","1","2026092","20260907","20260911","60","2",37094400,-37094400,0,0,37094400
"422","1","2026092","20260907","20260911","11","1",0,0,0,0,0
"422","1","2026092","20260907","20260911","11","2",0,0,0,0,0
"422","1","2026092","20260907","20260911","21","1",0,0,0,0,0
"422","1","2026092","20260907","20260911","21","2",0,0,0,0,0
"422","1","2026092","20260907","20260911","22","1",0,0,0,0,0
"422","1","2026092","20260907","20260911","22","2",0,0,0,0,0
"422","1","2026092","20260907","20260911","23","1",0,0,0,0,0
"422","1","2026092","20260907","20260911","23","2",0,0,0,0,0
"422","1","2026092","20260907","20260911","24","1",0,0,0,0,0
"422","1","2026092","20260907","20260911","24","2",0,0,0,0,0
"422","1","2026092","20260907","20260911","31","1",0,0,0,0,0
"422","1","2026092","20260907","20260911","31","2",0,0,0,0,0
"422","1","2026092","20260907","20260911","32","1",60,0,60,0,120
"422","1","2026092","20260907","20260911","32","2",78120000,0,78120000,0,156240000
"422","1","2026092","20260907","20260911","33","1",0,0,0,0,0
"422","1","2026092","20260907","20260911","33","2",0,0,0,0,0
"422","1","2026092","20260907","20260911","41","1",0,0,0,0,0
"422","1","2026092","20260907","20260911","41","2",0,0,0,0,0
"422","1","2026092","20260907","20260911","51","1",0,0,0,0,0
"422","1","2026092","20260907","20260911","51","2",0,0,0,0,0
"422","1","2026092","20260907","20260911","60","1",0,0,0,0,0
"422","1","2026092","20260907","20260911","60","2",0,0,0,0,0
"445","1","2026092","20260907","20260911","11","1",0,0,0,0,0
"445","1","2026092","20260907","20260911","11","2",0,0,0,0,0
"445","1","2026092","20260907","20260911","21","1",0,0,0,0,0
"445","1","2026092","20260907","20260911","21","2",0,0,0,0,0
"445","1","2026092","20260907","20260911","22","1",0,0,0,0,0
"445","1","2026092","20260907","20260911","22","2",0,0,0,0,0
"445","1","2026092","20260907","20260911","23","1",0,0,0,0,0
"445","1","2026092","20260907","20260911","23","2",0,0,0,0,0
"445","1","2026092","20260907","20260911","24","1",0,0,0,0,0
"445","1","2026092","20260907","20260911","24","2",0,0,0,0,0
"445","1","2026092","20260907","20260911","31","1",0,0,0,0,0
"445","1","2026092","20260907","20260911","31","2",0,0,0,0,0
"445","1","2026092","20260907","20260911","32","1",0,0,0,0,0
"445","1","2026092","20260907","20260911","32","2",0,0,0,0,0
"445","1","2026092","20260907","20260911","33","1",0,0,0,0,0
"445","1","2026092","20260907","20260911","33","2",0,0,0,0,0
"445","1","2026092","20260907","20260911","41","1",0,0,0,0,0
"445","1","2026092","20260907","20260911","41","2",0,0,0,0,0
"445","1","2026092","20260907","20260911","51","1",0,0,0,0,0
"445","1","2026092","20260907","20260911","51","2",0,0,0,0,0
"445","1","2026092","20260907","20260911","60","1",0,0,0,0,0
"445","1","2026092","20260907","20260911","60","2",0,0,0,0,0
"425","1","2026092","20260907","20260911","11","1",0,0,0,0,0
"425","1","2026092","20260907","20260911","11","2",0,0,0,0,0
"425","1","2026092","20260907","20260911","21","1",0,0,0,0,0
"425","1","2026092","20260907","20260911","21","2",0,0,0,0,0
"425","1","2026092","20260907","20260911","22","1",0,0,0,0,0
"425","1","2026092","20260907","20260911","22","2",0,0,0,0,0
"425","1","2026092","20260907","20260911","23","1",0,0,0,0,0
"425","1","2026092","20260907","20260911","23","2",0,0,0,0,0
"425","1","2026092","20260907","20260911","24","1",0,0,0,0,0
"425","1","2026092","20260907","20260911","24","2",0,0,0,0,0
"425","1","2026092","20260907","20260911","31","1",0,0,0,0,0
"425","1","2026092","20260907","20260911","31","2",0,0,0,0,0
"425","1","2026092","20260907","20260911","32","1",0,0,0,0,0
"425","1","2026092","20260907","20260911","32","2",0,0,0,0,0
"425","1","2026092","20260907","20260911","33","1",0,0,0,0,0
"425","1","2026092","20260907","20260911","33","2",0,0,0,0,0
"425","1","2026092","20260907","20260911","41","1",0,0,0,0,0
"425","1","2026092","20260907","20260911","41","2",0,0,0,0,0
"425","1","2026092","20260907","20260911","51","1",0,0,0,0,0
"425","1","2026092","20260907","20260911","51","2",0,0,0,0,0
"425","1","2026092","20260907","20260911","60","1",0,0,0,0,0
"425","1","2026092","20260907","20260911","60","2",0,0,0,0,0
"424","1","2026092","20260907","20260911","11","1",0,0,0,0,0
"424","1","2026092","20260907","20260911","11","2",0,0,0,0,0
"424","1","2026092","20260907","20260911","21","1",0,0,0,0,0
"424","1","2026092","20260907","20260911","21","2",0,0,0,0,0
"424","1","2026092","20260907","20260911","22","1",0,0,0,0,0
"424","1","2026092","20260907","20260911","22","2",0,0,0,0,0
"424","1","2026092","20260907","20260911","23","1",0,0,0,0,0
"424","1","2026092","20260907","20260911","23","2",0,0,0,0,0
"424","1","2026092","20260907","20260911","24","1",0,0,0,0,0
"424","1","2026092","20260907","20260911","24","2",0,0,0,0,0
"424","1","2026092","20260907","20260911","31","1",0,0,0,0,0
"424","1","2026092","20260907","20260911","31","2",0,0,0,0,0
"424","1","2026092","20260907","20260911","32","1",0,0,18,18,18
"424","1","2026092","20260907","20260911","32","2",0,0,9522060,9522060,9522060
"424","1","2026092","20260907","20260911","33","1",0,0,0,0,0
"424","1","2026092","20260907","20260911","33","2",0,0,0,0,0
"424","1","2026092","20260907","20260911","41","1",0,0,0,0,0
"424","1","2026092","20260907","20260911","41","2",0,0,0,0,0
"424","1","2026092","20260907","20260911","51","1",0,0,0,0,0
"424","1","2026092","20260907","20260911","51","2",0,0,0,0,0
"424","1","2026092","20260907","20260911","60","1",18,-18,0,0,18
"424","1","2026092","20260907","20260911","60","2",9522060,-9522060,0,0,9522060
"446","1","2026092","20260907","20260911","11","1",0,0,0,0,0
"446","1","2026092","20260907","20260911","11","2",0,0,0,0,0
"446","1","2026092","20260907","20260911","21","1",0,0,0,0,0
"446","1","2026092","20260907","20260911","21","2",0,0,0,0,0
"446","1","2026092","20260907","20260911","22","1",0,0,0,0,0
"446","1","2026092","20260907","20260911","22","2",0,0,0,0,0
"446","1","2026092","20260907","20260911","23","1",0,0,0,0,0
"446","1","2026092","20260907","20260911","23","2",0,0,0,0,0
"446","1","2026092","20260907","20260911","24","1",0,0,0,0,0
"446","1","2026092","20260907","20260911","24","2",0,0,0,0,0
"446","1","2026092","20260907","20260911","31","1",0,0,0,0,0
"446","1","2026092","20260907","20260911","31","2",0,0,0,0,0
"446","1","2026092","20260907","20260911","32","1",0,0,0,0,0
"446","1","2026092","20260907","20260911","32","2",0,0,0,0,0
"446","1","2026092","20260907","20260911","33","1",0,0,0,0,0
"446","1","2026092","20260907","20260911","33","2",0,0,0,0,0
"446","1","2026092","20260907","20260911","41","1",0,0,0,0,0
"446","1","2026092","20260907","20260911","41","2",0,0,0,0,0
"446","1","2026092","20260907","20260911","51","1",0,0,0,0,0
"446","1","2026092","20260907","20260911","51","2",0,0,0,0,0
"446","1","2026092","20260907","20260911","60","1",0,0,0,0,0
"446","1","2026092","20260907","20260911","60","2",0,0,0,0,0
"428","1","2026092","20260907","20260911","11","1",0,0,0,0,0
"428","1","2026092","20260907","20260911","11","2",0,0,0,0,0
"428","1","2026092","20260907","20260911","21","1",0,0,0,0,0
"428","1","2026092","20260907","20260911","21","2",0,0,0,0,0
"428","1","2026092","20260907","20260911","22","1",0,0,0,0,0
"428","1","2026092","20260907","20260911","22","2",0,0,0,0,0
"428","1","2026092","20260907","20260911","23","1",0,0,0,0,0
"428","1","2026092","20260907","20260911","23","2",0,0,0,0,0
"428","1","2026092","20260907","20260911","24","1",0,0,0,0,0
"428","1","2026092","20260907","20260911","24","2",0,0,0,0,0
"428","1","2026092","20260907","20260911","31","1",0,0,0,0,0
"428","1","2026092","20260907","20260911","31","2",0,0,0,0,0
"428","1","2026092","20260907","20260911","32","1",0,0,0,0,0
"428","1","2026092","20260907","20260911","32","2",0,0,0,0,0
"428","1","2026092","20260907","20260911","33","1",0,0,0,0,0
"428","1","2026092","20260907","20260911","33","2",0,0,0,0,0
"428","1","2026092","20260907","20260911","41","1",0,0,0,0,0
"428","1","2026092","20260907","20260911","41","2",0,0,0,0,0
"428","1","2026092","20260907","20260911","51","1",0,0,0,0,0
"428","1","2026092","20260907","20260911","51","2",0,0,0,0,0
"428","1","2026092","20260907","20260911","60","1",0,0,0,0,0
"428","1","2026092","20260907","20260911","60","2",0,0,0,0,0
"427","1","2026092","20260907","20260911","11","1",0,0,0,0,0
"427","1","2026092","20260907","20260911","11","2",0,0,0,0,0
"427","1","2026092","20260907","20260911","21","1",0,0,0,0,0
"427","1","2026092","20260907","20260911","21","2",0,0,0,0,0
"427","1","2026092","20260907","20260911","22","1",0,0,0,0,0
"427","1","2026092","20260907","20260911","22","2",0,0,0,0,0
"427","1","2026092","20260907","20260911","23","1",0,0,0,0,0
"427","1","2026092","20260907","20260911","23","2",0,0,0,0,0
"427","1","2026092","20260907","20260911","24","1",0,0,0,0,0
"427","1","2026092","20260907","20260911","24","2",0,0,0,0,0
"427","1","2026092","20260907","20260911","31","1",0,0,0,0,0
"427","1","2026092","20260907","20260911","31","2",0,0,0,0,0
"427","1","2026092","20260907","20260911","32","1",0,0,0,0,0
"427","1","2026092","20260907","20260911","32","2",0,0,0,0,0
"427","1","2026092","20260907","20260911","33","1",0,0,0,0,0
"427","1","2026092","20260907","20260911","33","2",0,0,0,0,0
"427","1","2026092","20260907","20260911","41","1",0,0,0,0,0
"427","1","2026092","20260907","20260911","41","2",0,0,0,0,0
"427","1","2026092","20260907","20260911","51","1",0,0,0,0,0
"427","1","2026092","20260907","20260911","51","2",0,0,0,0,0
"427","1","2026092","20260907","20260911","60","1",30,0,30,0,60
"427","1","2026092","20260907","20260911","60","2",9870000,0,9870000,0,19740000
"430","1","2026092","20260907","20260911","11","1",0,0,0,0,0
"430","1","2026092","20260907","20260911","11","2",0,0,0,0,0
"430","1","2026092","20260907","20260911","21","1",0,0,0,0,0
"430","1","2026092","20260907","20260911","21","2",0,0,0,0,0
"430","1","2026092","20260907","20260911","22","1",0,0,0,0,0
"430","1","2026092","20260907","20260911","22","2",0,0,0,0,0
"430","1","2026092","20260907","20260911","23","1",0,0,0,0,0
"430","1","2026092","20260907","20260911","23","2",0,0,0,0,0
"430","1","2026092","20260907","20260911","24","1",0,0,0,0,0
"430","1","2026092","20260907","20260911","24","2",0,0,0,0,0
"430","1","2026092","20260907","20260911","31","1",0,0,0,0,0
"430","1","2026092","20260907","20260911","31","2",0,0,0,0,0
"430","1","2026092","20260907","20260911","32","1",0,0,0,0,0
"430","1","2026092","20260907","20260911","32","2",0,0,0,0,0
"430","1","2026092","20260907","20260911","33","1",0,0,0,0,0
"430","1","2026092","20260907","20260911","33","2",0,0,0,0,0
"430","1","2026092","20260907","20260911","41","1",0,0,0,0,0
"430","1","2026092","20260907","20260911","41","2",0,0,0,0,0
"430","1","2026092","20260907","20260911","51","1",0,0,0,0,0
"430","1","2026092","20260907","20260911","51","2",0,0,0,0,0
"430","1","2026092","20260907","20260911","60","1",0,0,0,0,0
"430","1","2026092","20260907","20260911","60","2",0,0,0,0,0
"429","1","2026092","20260907","20260911","11","1",0,0,0,0,0
"429","1","2026092","20260907","20260911","11","2",0,0,0,0,0
"429","1","2026092","20260907","20260911","21","1",0,0,0,0,0
"429","1","2026092","20260907","20260911","21","2",0,0,0,0,0
"429","1","2026092","20260907","20260911","22","1",0,0,0,0,0
"429","1","2026092","20260907","20260911","22","2",0,0,0,0,0
"429","1","2026092","20260907","20260911","23","1",0,0,0,0,0
"429","1","2026092","20260907","20260911","23","2",0,0,0,0,0
"429","1","2026092","20260907","20260911","24","1",0,0,0,0,0
"429","1","2026092","20260907","20260911","24","2",0,0,0,0,0
"429","1","2026092","20260907","20260911","31","1",0,0,0,0,0
"429","1","2026092","20260907","20260911","31","2",0,0,0,0,0
"429","1","2026092","20260907","20260911","32","1",0,0,0,0,0
"429","1","2026092","20260907","20260911","32","2",0,0,0,0,0
"429","1","2026092","20260907","20260911","33","1",0,0,0,0,0
"429","1","2026092","20260907","20260911","33","2",0,0,0,0,0
"429","1","2026092","20260907","20260911","41","1",0,0,0,0,0
"429","1","2026092","20260907","20260911","41","2",0,0,0,0,0
"429","1","2026092","20260907","20260911","51","1",0,0,0,0,0
"429","1","2026092","20260907","20260911","51","2",0,0,0,0,0
"429","1","2026092","20260907","20260911","60","1",0,0,0,0,0
"429","1","2026092","20260907","20260911","60","2",0,0,0,0,0
"433","1","2026092","20260907","20260911","11","1",0,0,0,0,0
"433","1","2026092","20260907","20260911","11","2",0,0,0,0,0
"433","1","2026092","20260907","20260911","21","1",0,0,0,0,0
"433","1","2026092","20260907","20260911","21","2",0,0,0,0,0
"433","1","2026092","20260907","20260911","22","1",0,0,0,0,0
"433","1","2026092","20260907","20260911","22","2",0,0,0,0,0
"433","1","2026092","20260907","20260911","23","1",0,0,0,0,0
"433","1","2026092","20260907","20260911","23","2",0,0,0,0,0
"433","1","2026092","20260907","20260911","24","1",0,0,0,0,0
"433","1","2026092","20260907","20260911","24","2",0,0,0,0,0
"433","1","2026092","20260907","20260911","31","1",0,0,0,0,0
"433","1","2026092","20260907","20260911","31","2",0,0,0,0,0
"433","1","2026092","20260907","20260911","32","1",50,-30,20,0,70
"433","1","2026092","20260907","20260911","32","2",730920000,-455889600,275030400,0,1005950400
"433","1","2026092","20260907","20260911","33","1",0,0,0,0,0
"433","1","2026092","20260907","20260911","33","2",0,0,0,0,0
"433","1","2026092","20260907","20260911","41","1",0,0,0,0,0
"433","1","2026092","20260907","20260911","41","2",0,0,0,0,0
"433","1","2026092","20260907","20260911","51","1",0,0,0,0,0
"433","1","2026092","20260907","20260911","51","2",0,0,0,0,0
"433","1","2026092","20260907","20260911","60","1",0,0,30,30,30
"433","1","2026092","20260907","20260911","60","2",0,0,455889600,455889600,455889600
"432","1","2026092","20260907","20260911","11","1",0,0,0,0,0
"432","1","2026092","20260907","20260911","11","2",0,0,0,0,0
"432","1","2026092","20260907","20260911","21","1",0,0,0,0,0
"432","1","2026092","20260907","20260911","21","2",0,0,0,0,0
"432","1","2026092","20260907","20260911","22","1",0,0,0,0,0
"432","1","2026092","20260907","20260911","22","2",0,0,0,0,0
"432","1","2026092","20260907","20260911","23","1",0,0,0,0,0
"432","1","2026092","20260907","20260911","23","2",0,0,0,0,0
"432","1","2026092","20260907","20260911","24","1",0,0,0,0,0
"432","1","2026092","20260907","20260911","24","2",0,0,0,0,0
"432","1","2026092","20260907","20260911","31","1",0,0,0,0,0
"432","1","2026092","20260907","20260911","31","2",0,0,0,0,0
"432","1","2026092","20260907","20260911","32","1",0,0,0,0,0
"432","1","2026092","20260907","20260911","32","2",0,0,0,0,0
"432","1","2026092","20260907","20260911","33","1",0,0,0,0,0
"432","1","2026092","20260907","20260911","33","2",0,0,0,0,0
"432","1","2026092","20260907","20260911","41","1",0,0,0,0,0
"432","1","2026092","20260907","20260911","41","2",0,0,0,0,0
"432","1","2026092","20260907","20260911","51","1",0,0,0,0,0
"432","1","2026092","20260907","20260911","51","2",0,0,0,0,0
"432","1","2026092","20260907","20260911","60","1",0,0,0,0,0
"432","1","2026092","20260907","20260911","60","2",0,0,0,0,0
"447","1","2026092","20260907","20260911","11","1",0,0,0,0,0
"447","1","2026092","20260907","20260911","11","2",0,0,0,0,0
"447","1","2026092","20260907","20260911","21","1",0,0,0,0,0
"447","1","2026092","20260907","20260911","21","2",0,0,0,0,0
"447","1","2026092","20260907","20260911","22","1",0,0,0,0,0
"447","1","2026092","20260907","20260911","22","2",0,0,0,0,0
"447","1","2026092","20260907","20260911","23","1",0,0,0,0,0
"447","1","2026092","20260907","20260911","23","2",0,0,0,0,0
"447","1","2026092","20260907","20260911","24","1",0,0,0,0,0
"447","1","2026092","20260907","20260911","24","2",0,0,0,0,0
"447","1","2026092","20260907","20260911","31","1",0,0,0,0,0
"447","1","2026092","20260907","20260911","31","2",0,0,0,0,0
"447","1","2026092","20260907","20260911","32","1",0,0,0,0,0
"447","1","2026092","20260907","20260911","32","2",0,0,0,0,0
"447","1","2026092","20260907","20260911","33","1",0,0,0,0,0
"447","1","2026092","20260907","20260911","33","2",0,0,0,0,0
"447","1","2026092","20260907","20260911","41","1",0,0,0,0,0
"447","1","2026092","20260907","20260911","41","2",0,0,0,0,0
"447","1","2026092","20260907","20260911","51","1",0,0,0,0,0
"447","1","2026092","20260907","20260911","51","2",0,0,0,0,0
"447","1","2026092","20260907","20260911","60","1",0,0,0,0,0
"447","1","2026092","20260907","20260911","60","2",0,0,0,0,0
"435","1","2026092","20260907","20260911","11","1",0,0,0,0,0
"435","1","2026092","20260907","20260911","11","2",0,0,0,0,0
"435","1","2026092","20260907","20260911","21","1",0,0,0,0,0
"435","1","2026092","20260907","20260911","21","2",0,0,0,0,0
"435","1","2026092","20260907","20260911","22","1",0,0,0,0,0
"435","1","2026092","20260907","20260911","22","2",0,0,0,0,0
"435","1","2026092","20260907","20260911","23","1",0,0,0,0,0
"435","1","2026092","20260907","20260911","23","2",0,0,0,0,0
"435","1","2026092","20260907","20260911","24","1",0,0,0,0,0
"435","1","2026092","20260907","20260911","24","2",0,0,0,0,0
"435","1","2026092","20260907","20260911","31","1",0,0,0,0,0
"435","1","2026092","20260907","20260911","31","2",0,0,0,0,0
"435","1","2026092","20260907","20260911","32","1",0,0,0,0,0
"435","1","2026092","20260907","20260911","32","2",0,0,0,0,0
"435","1","2026092","20260907","20260911","33","1",0,0,0,0,0
"435","1","2026092","20260907","20260911","33","2",0,0,0,0,0
"435","1","2026092","20260907","20260911","41","1",0,0,0,0,0
"435","1","2026092","20260907","20260911","41","2",0,0,0,0,0
"435","1","2026092","20260907","20260911","51","1",0,0,0,0,0
"435","1","2026092","20260907","20260911","51","2",0,0,0,0,0
"435","1","2026092","20260907","20260911","60","1",0,0,0,0,0
"435","1","2026092","20260907","20260911","60","2",0,0,0,0,0
"434","1","2026092","20260907","20260911","11","1",0,0,0,0,0
"434","1","2026092","20260907","20260911","11","2",0,0,0,0,0
"434","1","2026092","20260907","20260911","21","1",0,0,0,0,0
"434","1","2026092","20260907","20260911","21","2",0,0,0,0,0
"434","1","2026092","20260907","20260911","22","1",0,0,0,0,0
"434","1","2026092","20260907","20260911","22","2",0,0,0,0,0
"434","1","2026092","20260907","20260911","23","1",0,0,0,0,0
"434","1","2026092","20260907","20260911","23","2",0,0,0,0,0
"434","1","2026092","20260907","20260911","24","1",0,0,0,0,0
"434","1","2026092","20260907","20260911","24","2",0,0,0,0,0
"434","1","2026092","20260907","20260911","31","1",0,0,0,0,0
"434","1","2026092","20260907","20260911","31","2",0,0,0,0,0
"434","1","2026092","20260907","20260911","32","1",0,0,0,0,0
"434","1","2026092","20260907","20260911","32","2",0,0,0,0,0
"434","1","2026092","20260907","20260911","33","1",0,0,0,0,0
"434","1","2026092","20260907","20260911","33","2",0,0,0,0,0
"434","1","2026092","20260907","20260911","41","1",0,0,0,0,0
"434","1","2026092","20260907","20260911","41","2",0,0,0,0,0
"434","1","2026092","20260907","20260911","51","1",0,0,0,0,0
"434","1","2026092","20260907","20260911","51","2",0,0,0,0,0
"434","1","2026092","20260907","20260911","60","1",0,0,0,0,0
"434","1","2026092","20260907","20260911","60","2",0,0,0,0,0
"448","1","2026092","20260907","20260911","11","1",0,0,0,0,0
"448","1","2026092","20260907","20260911","11","2",0,0,0,0,0
"448","1","2026092","20260907","20260911","21","1",0,0,0,0,0
"448","1","2026092","20260907","20260911","21","2",0,0,0,0,0
"448","1","2026092","20260907","20260911","22","1",0,0,0,0,0
"448","1","2026092","20260907","20260911","22","2",0,0,0,0,0
"448","1","2026092","20260907","20260911","23","1",0,0,0,0,0
"448","1","2026092","20260907","20260911","23","2",0,0,0,0,0
"448","1","2026092","20260907","20260911","24","1",0,0,0,0,0
"448","1","2026092","20260907","20260911","24","2",0,0,0,0,0
"448","1","2026092","20260907","20260911","31","1",0,0,0,0,0
"448","1","2026092","20260907","20260911","31","2",0,0,0,0,0
"448","1","2026092","20260907","20260911","32","1",0,0,0,0,0
"448","1","2026092","20260907","20260911","32","2",0,0,0,0,0
"448","1","2026092","20260907","20260911","33","1",0,0,0,0,0
"448","1","2026092","20260907","20260911","33","2",0,0,0,0,0
"448","1","2026092","20260907","20260911","41","1",0,0,0,0,0
"448","1","2026092","20260907","20260911","41","2",0,0,0,0,0
"448","1","2026092","20260907","20260911","51","1",0,0,0,0,0
"448","1","2026092","20260907","20260911","51","2",0,0,0,0,0
"448","1","2026092","20260907","20260911","60","1",0,0,0,0,0
"448","1","2026092","20260907","20260911","60","2",0,0,0,0,0
"426","1","2026092","20260907","20260911","11","1",0,0,0,0,0
"426","1","2026092","20260907","20260911","11","2",0,0,0,0,0
"426","1","2026092","20260907","20260911","21","1",0,0,0,0,0
"426","1","2026092","20260907","20260911","21","2",0,0,0,0,0
"426","1","2026092","20260907","20260911","22","1",0,0,0,0,0
"426","1","2026092","20260907","20260911","22","2",0,0,0,0,0
"426","1","2026092","20260907","20260911","23","1",0,0,0,0,0
"426","1","2026092","20260907","20260911","23","2",0,0,0,0,0
"426","1","2026092","20260907","20260911","24","1",0,0,0,0,0
"426","1","2026092","20260907","20260911","24","2",0,0,0,0,0
"426","1","2026092","20260907","20260911","31","1",0,0,0,0,0
"426","1","2026092","20260907","20260911","31","2",0,0,0,0,0
"426","1","2026092","20260907","20260911","32","1",0,0,0,0,0
"426","1","2026092","20260907","20260911","32","2",0,0,0,0,0
"426","1","2026092","20260907","20260911","33","1",0,0,0,0,0
"426","1","2026092","20260907","20260911","33","2",0,0,0,0,0
"426","1","2026092","20260907","20260911","41","1",0,0,0,0,0
"426","1","2026092","20260907","20260911","41","2",0,0,0,0,0
"426","1","2026092","20260907","20260911","51","1",0,0,0,0,0
"426","1","2026092","20260907","20260911","51","2",0,0,0,0,0
"426","1","2026092","20260907","20260911","60","1",0,0,0,0,0
"426","1","2026092","20260907","20260911","60","2",0,0,0,0,0
"420","1","2026092","20260907","20260911","11","1",0,0,0,0,0
"420","1","2026092","20260907","20260911","11","2",0,0,0,0,0
"420","1","2026092","20260907","20260911","21","1",0,0,0,0,0
"420","1","2026092","20260907","20260911","21","2",0,0,0,0,0
"420","1","2026092","20260907","20260911","22","1",0,0,0,0,0
"420","1","2026092","20260907","20260911","22","2",0,0,0,0,0
"420","1","2026092","20260907","20260911","23","1",0,0,0,0,0
"420","1","2026092","20260907","20260911","23","2",0,0,0,0,0
"420","1","2026092","20260907","20260911","24","1",0,0,0,0,0
"420","1","2026092","20260907","20260911","24","2",0,0,0,0,0
"420","1","2026092","20260907","20260911","31","1",0,0,0,0,0
"420","1","2026092","20260907","20260911","31","2",0,0,0,0,0
"420","1","2026092","20260907","20260911","32","1",0,0,0,0,0
"420","1","2026092","20260907","20260911","32","2",0,0,0,0,0
"420","1","2026092","20260907","20260911","33","1",0,0,0,0,0
"420","1","2026092","20260907","20260911","33","2",0,0,0,0,0
"420","1","2026092","20260907","20260911","41","1",0,0,0,0,0
"420","1","2026092","20260907","20260911","41","2",0,0,0,0,0
"420","1","2026092","20260907","20260911","51","1",0,0,0,0,0
"420","1","2026092","20260907","20260911","51","2",0,0,0,0,0
"420","1","2026092","20260907","20260911","60","1",0,0,0,0,0
"420","1","2026092","20260907","20260911","60","2",0,0,0,0,0
"421","1","2026092","20260907","20260911","11","1",0,0,0,0,0
"421","1","2026092","20260907","20260911","11","2",0,0,0,0,0
"421","1","2026092","20260907","20260911","21","1",0,0,0,0,0
"421","1","2026092","20260907","20260911","21","2",0,0,0,0,0
"421","1","2026092","20260907","20260911","22","1",0,0,0,0,0
"421","1","2026092","20260907","20260911","22","2",0,0,0,0,0
"421","1","2026092","20260907","20260911","23","1",0,0,0,0,0
"421","1","2026092","20260907","20260911","23","2",0,0,0,0,0
"421","1","2026092","20260907","20260911","24","1",0,0,0,0,0
"421","1","2026092","20260907","20260911","24","2",0,0,0,0,0
"421","1","2026092","20260907","20260911","31","1",0,0,0,0,0
"421","1","2026092","20260907","20260911","31","2",0,0,0,0,0
"421","1","2026092","20260907","20260911","32","1",0,0,0,0,0
"421","1","2026092","20260907","20260911","32","2",0,0,0,0,0
"421","1","2026092","20260907","20260911","33","1",0,0,0,0,0
"421","1","2026092","20260907","20260911","33","2",0,0,0,0,0
"421","1","2026092","20260907","20260911","41","1",0,0,0,0,0
"421","1","2026092","20260907","20260911","41","2",0,0,0,0,0
"421","1","2026092","20260907","20260911","51","1",0,0,0,0,0
"421","1","2026092","20260907","20260911","51","2",0,0,0,0,0
"421","1","2026092","20260907","20260911","60","1",0,0,0,0,0
"421","1","2026092","20260907","20260911","60","2",0,0,0,0,0
"303","1","2026092","20260907","20260911","11","1",18227,-2561,15666,0,33893
"303","1","2026092","20260907","20260911","11","2",9866123376,-2787535376,7078588000,0,16944711376
"303","1","2026092","20260907","20260911","21","1",0,0,0,0,0
"303","1","2026092","20260907","20260911","21","2",0,0,0,0,0
"303","1","2026092","20260907","20260911","22","1",1593,0,4058,2465,5651
"303","1","2026092","20260907","20260911","22","2",40075000,0,2069790000,2029715000,2109865000
"303","1","2026092","20260907","20260911","23","1",215,-14,201,0,416
"303","1","2026092","20260907","20260911","23","2",123678000,0,151662000,27984000,275340000
"303","1","2026092","20260907","20260911","24","1",10,-10,0,0,10
"303","1","2026092","20260907","20260911","24","2",1100000,-1100000,0,0,1100000
"303","1","2026092","20260907","20260911","31","1",11,-11,0,0,11
"303","1","2026092","20260907","20260911","31","2",308000,-308000,0,0,308000
"303","1","2026092","20260907","20260911","32","1",894,-119,775,0,1669
"303","1","2026092","20260907","20260911","32","2",194725130,-77398050,117327080,0,312052210
"303","1","2026092","20260907","20260911","33","1",230,-8,222,0,452
"303","1","2026092","20260907","20260911","33","2",43958000,-18738000,25220000,0,69178000
"303","1","2026092","20260907","20260911","41","1",0,0,0,0,0
"303","1","2026092","20260907","20260911","41","2",0,0,0,0,0
"303","1","2026092","20260907","20260911","51","1",23648,-4034,19614,0,43262
"303","1","2026092","20260907","20260911","51","2",2350228700,-491682650,1858546050,0,4208774750
"303","1","2026092","20260907","20260911","60","1",103277,0,107853,4576,211130
"303","1","2026092","20260907","20260911","60","2",69307423521,0,69321845597,14422076,138629269118
"304","1","2026092","20260907","20260911","11","1",6589,0,9511,2922,16100
"304","1","2026092","20260907","20260911","11","2",4463426000,0,4900022600,436596600,9363448600
"304","1","2026092","20260907","20260911","21","1",0,0,0,0,0
"304","1","2026092","20260907","20260911","21","2",0,0,0,0,0
"304","1","2026092","20260907","20260911","22","1",127,-12,115,0,242
"304","1","2026092","20260907","20260911","22","2",55325000,-27395000,27930000,0,83255000
"304","1","2026092","20260907","20260911","23","1",187,0,189,2,376
"304","1","2026092","20260907","20260911","23","2",115302600,-24715600,90587000,0,205889600
"304","1","2026092","20260907","20260911","24","1",0,0,0,0,0
"304","1","2026092","20260907","20260911","24","2",0,0,0,0,0
"304","1","2026092","20260907","20260911","31","1",15,0,15,0,30
"304","1","2026092","20260907","20260911","31","2",7725000,-5505000,2220000,0,9945000
"304","1","2026092","20260907","20260911","32","1",800,-85,715,0,1515
"304","1","2026092","20260907","20260911","32","2",133776840,-36960520,96816320,0,230593160
"304","1","2026092","20260907","20260911","33","1",153,0,166,13,319
"304","1","2026092","20260907","20260911","33","2",23535000,-9024000,14511000,0,38046000
"304","1","2026092","20260907","20260911","41","1",3,-1,2,0,5
"304","1","2026092","20260907","20260911","41","2",63000,0,218000,155000,281000
"304","1","2026092","20260907","20260911","51","1",17954,-2984,14970,0,32924
"304","1","2026092","20260907","20260911","51","2",2018532650,-171026350,1847506300,0,3866038950
"304","1","2026092","20260907","20260911","60","1",64549,0,64900,351,129449
"304","1","2026092","20260907","20260911","60","2",154170325546,0,154824904417,654578871,308995229963
"332","1","2026092","20260907","20260911","11","1",593,-403,190,0,783
"332","1","2026092","20260907","20260911","11","2",8929400,-5737600,3191800,0,12121200
"332","1","2026092","20260907","20260911","21","1",0,0,0,0,0
"332","1","2026092","20260907","20260911","21","2",0,0,0,0,0
"332","1","2026092","20260907","20260911","22","1",0,0,0,0,0
"332","1","2026092","20260907","20260911","22","2",0,0,0,0,0
"332","1","2026092","20260907","20260911","23","1",5,-5,0,0,5
"332","1","2026092","20260907","20260911","23","2",66000,-66000,0,0,66000
"332","1","2026092","20260907","20260911","24","1",0,0,0,0,0
"332","1","2026092","20260907","20260911","24","2",0,0,0,0,0
"332","1","2026092","20260907","20260911","31","1",0,0,0,0,0
"332","1","2026092","20260907","20260911","31","2",0,0,0,0,0
"332","1","2026092","20260907","20260911","32","1",1576,-335,1241,0,2817
"332","1","2026092","20260907","20260911","32","2",106368580,-30442610,75925970,0,182294550
"332","1","2026092","20260907","20260911","33","1",644,-297,347,0,991
"332","1","2026092","20260907","20260911","33","2",107053200,-28721500,78331700,0,185384900
"332","1","2026092","20260907","20260911","41","1",0,0,0,0,0
"332","1","2026092","20260907","20260911","41","2",0,0,0,0,0
"332","1","2026092","20260907","20260911","51","1",42523,-6747,35776,0,78299
"332","1","2026092","20260907","20260911","51","2",3552584590,-1030349520,2522235070,0,6074819660
"332","1","2026092","20260907","20260911","60","1",55952,0,62629,6677,118581
"332","1","2026092","20260907","20260911","60","2",3773777310,0,4922624340,1148847030,8696401650
"333","1","2026092","20260907","20260911","11","1",1961,-1661,300,0,2261
"333","1","2026092","20260907","20260911","11","2",1068400,0,1560900,492500,2629300
"333","1","2026092","20260907","20260911","21","1",0,0,0,0,0
"333","1","2026092","20260907","20260911","21","2",0,0,0,0,0
"333","1","2026092","20260907","20260911","22","1",0,0,0,0,0
"333","1","2026092","20260907","20260911","22","2",0,0,0,0,0
"333","1","2026092","20260907","20260911","23","1",60,0,60,0,120
"333","1","2026092","20260907","20260911","23","2",780000,0,900000,120000,1680000
"333","1","2026092","20260907","20260911","24","1",0,0,0,0,0
"333","1","2026092","20260907","20260911","24","2",0,0,0,0,0
"333","1","2026092","20260907","20260911","31","1",0,0,0,0,0
"333","1","2026092","20260907","20260911","31","2",0,0,0,0,0
"333","1","2026092","20260907","20260911","32","1",1965,-234,1731,0,3696
"333","1","2026092","20260907","20260911","32","2",53861960,-3522660,50339300,0,104201260
"333","1","2026092","20260907","20260911","33","1",690,-326,364,0,1054
"333","1","2026092","20260907","20260911","33","2",34792100,-6383400,28408700,0,63200800
"333","1","2026092","20260907","20260911","41","1",0,0,0,0,0
"333","1","2026092","20260907","20260911","41","2",0,0,0,0,0
"333","1","2026092","20260907","20260911","51","1",41292,-5737,35555,0,76847
"333","1","2026092","20260907","20260911","51","2",1285194310,-180753750,1104440560,0,2389634870
"333","1","2026092","20260907","20260911","60","1",56677,0,66162,9485,122839
"333","1","2026092","20260907","20260911","60","2",2262018880,0,2529699190,267680310,4791718070
"319","1","2026092","20260907","20260911","11","1",4509,-3370,1139,0,5648
"319","1","2026092","20260907","20260911","11","2",803084047,-259119047,543965000,0,1347049047
"319","1","2026092","20260907","20260911","21","1",0,0,0,0,0
"319","1","2026092","20260907","20260911","21","2",0,0,0,0,0
"319","1","2026092","20260907","20260911","22","1",0,0,0,0,0
"319","1","2026092","20260907","20260911","22","2",0,0,0,0,0
"319","1","2026092","20260907","20260911","23","1",85,0,85,0,170
"319","1","2026092","20260907","20260911","23","2",85000,0,850000,765000,935000
"319","1","2026092","20260907","20260911","24","1",0,0,0,0,0
"319","1","2026092","20260907","20260911","24","2",0,0,0,0,0
"319","1","2026092","20260907","20260911","31","1",0,0,0,0,0
"319","1","2026092","20260907","20260911","31","2",0,0,0,0,0
"319","1","2026092","20260907","20260911","32","1",0,0,0,0,0
"319","1","2026092","20260907","20260911","32","2",0,0,0,0,0
"319","1","2026092","20260907","20260911","33","1",0,0,0,0,0
"319","1","2026092","20260907","20260911","33","2",0,0,0,0,0
"319","1","2026092","20260907","20260911","41","1",0,0,0,0,0
"319","1","2026092","20260907","20260911","41","2",0,0,0,0,0
"319","1","2026092","20260907","20260911","51","1",0,0,0,0,0
"319","1","2026092","20260907","20260911","51","2",0,0,0,0,0
"319","1","2026092","20260907","20260911","60","1",5520,0,8890,3370,14410
"319","1","2026092","20260907","20260911","60","2",5492529593,0,5750883640,258354047,11243413233
"320","1","2026092","20260907","20260911","11","1",137,0,1120,983,1257
"320","1","2026092","20260907","20260911","11","2",1120445000,0,1619600000,499155000,2740045000
"320","1","2026092","20260907","20260911","21","1",0,0,0,0,0
"320","1","2026092","20260907","20260911","21","2",0,0,0,0,0
"320","1","2026092","20260907","20260911","22","1",2,0,2,0,4
"320","1","2026092","20260907","20260911","22","2",1110000,-150000,960000,0,2070000
"320","1","2026092","20260907","20260911","23","1",85,0,85,0,170
"320","1","2026092","20260907","20260911","23","2",961350000,0,1108485000,147135000,2069835000
"320","1","2026092","20260907","20260911","24","1",0,0,0,0,0
"320","1","2026092","20260907","20260911","24","2",0,0,0,0,0
"320","1","2026092","20260907","20260911","31","1",0,0,0,0,0
"320","1","2026092","20260907","20260911","31","2",0,0,0,0,0
"320","1","2026092","20260907","20260911","32","1",0,0,0,0,0
"320","1","2026092","20260907","20260911","32","2",0,0,0,0,0
"320","1","2026092","20260907","20260911","33","1",0,0,0,0,0
"320","1","2026092","20260907","20260911","33","2",0,0,0,0,0
"320","1","2026092","20260907","20260911","41","1",0,0,0,0,0
"320","1","2026092","20260907","20260911","41","2",0,0,0,0,0
"320","1","2026092","20260907","20260911","51","1",0,0,0,0,0
"320","1","2026092","20260907","20260911","51","2",0,0,0,0,0
"320","1","2026092","20260907","20260911","60","1",4488,-983,3505,0,7993
"320","1","2026092","20260907","20260911","60","2",4729940700,-646140000,4083800700,0,8813741400
"327","1","2026092","20260907","20260911","11","1",0,0,0,0,0
"327","1","2026092","20260907","20260911","11","2",0,0,0,0,0
"327","1","2026092","20260907","20260911","21","1",0,0,0,0,0
"327","1","2026092","20260907","20260911","21","2",0,0,0,0,0
"327","1","2026092","20260907","20260911","22","1",0,0,0,0,0
"327","1","2026092","20260907","20260911","22","2",0,0,0,0,0
"327","1","2026092","20260907","20260911","23","1",0,0,0,0,0
"327","1","2026092","20260907","20260911","23","2",0,0,0,0,0
"327","1","2026092","20260907","20260911","24","1",0,0,0,0,0
"327","1","2026092","20260907","20260911","24","2",0,0,0,0,0
"327","1","2026092","20260907","20260911","31","1",0,0,0,0,0
"327","1","2026092","20260907","20260911","31","2",0,0,0,0,0
"327","1","2026092","20260907","20260911","32","1",0,0,0,0,0
"327","1","2026092","20260907","20260911","32","2",0,0,0,0,0
"327","1","2026092","20260907","20260911","33","1",0,0,0,0,0
"327","1","2026092","20260907","20260911","33","2",0,0,0,0,0
"327","1","2026092","20260907","20260911","41","1",0,0,0,0,0
"327","1","2026092","20260907","20260911","41","2",0,0,0,0,0
"327","1","2026092","20260907","20260911","51","1",0,0,0,0,0
"327","1","2026092","20260907","20260911","51","2",0,0,0,0,0
"327","1","2026092","20260907","20260911","60","1",0,0,0,0,0
"327","1","2026092","20260907","20260911","60","2",0,0,0,0,0
"328","1","2026092","20260907","20260911","11","1",0,0,0,0,0
"328","1","2026092","20260907","20260911","11","2",0,0,0,0,0
"328","1","2026092","20260907","20260911","21","1",0,0,0,0,0
"328","1","2026092","20260907","20260911","21","2",0,0,0,0,0
"328","1","2026092","20260907","20260911","22","1",0,0,0,0,0
"328","1","2026092","20260907","20260911","22","2",0,0,0,0,0
"328","1","2026092","20260907","20260911","23","1",0,0,0,0,0
"328","1","2026092","20260907","20260911","23","2",0,0,0,0,0
"328","1","2026092","20260907","20260911","24","1",0,0,0,0,0
"328","1","2026092","20260907","20260911","24","2",0,0,0,0,0
"328","1","2026092","20260907","20260911","31","1",0,0,0,0,0
"328","1","2026092","20260907","20260911","31","2",0,0,0,0,0
"328","1","2026092","20260907","20260911","32","1",0,0,0,0,0
"328","1","2026092","20260907","20260911","32","2",0,0,0,0,0
"328","1","2026092","20260907","20260911","33","1",0,0,0,0,0
"328","1","2026092","20260907","20260911","33","2",0,0,0,0,0
"328","1","2026092","20260907","20260911","41","1",0,0,0,0,0
"328","1","2026092","20260907","20260911","41","2",0,0,0,0,0
"328","1","2026092","20260907","20260911","51","1",0,0,0,0,0
"328","1","2026092","20260907","20260911","51","2",0,0,0,0,0
"328","1","2026092","20260907","20260911","60","1",0,0,0,0,0
"328","1","2026092","20260907","20260911","60","2",0,0,0,0,0
"439","1","2026092","20260907","20260911","11","1",0,0,0,0,0
"439","1","2026092","20260907","20260911","11","2",0,0,0,0,0
"439","1","2026092","20260907","20260911","21","1",0,0,0,0,0
"439","1","2026092","20260907","20260911","21","2",0,0,0,0,0
"439","1","2026092","20260907","20260911","22","1",0,0,0,0,0
"439","1","2026092","20260907","20260911","22","2",0,0,0,0,0
"439","1","2026092","20260907","20260911","23","1",0,0,0,0,0
"439","1","2026092","20260907","20260911","23","2",0,0,0,0,0
"439","1","2026092","20260907","20260911","24","1",0,0,0,0,0
"439","1","2026092","20260907","20260911","24","2",0,0,0,0,0
"439","1","2026092","20260907","20260911","31","1",0,0,0,0,0
"439","1","2026092","20260907","20260911","31","2",0,0,0,0,0
"439","1","2026092","20260907","20260911","32","1",0,0,0,0,0
"439","1","2026092","20260907","20260911","32","2",0,0,0,0,0
"439","1","2026092","20260907","20260911","33","1",0,0,0,0,0
"439","1","2026092","20260907","20260911","33","2",0,0,0,0,0
"439","1","2026092","20260907","20260911","41","1",0,0,0,0,0
"439","1","2026092","20260907","20260911","41","2",0,0,0,0,0
"439","1","2026092","20260907","20260911","51","1",0,0,0,0,0
"439","1","2026092","20260907","20260911","51","2",0,0,0,0,0
"439","1","2026092","20260907","20260911","60","1",0,0,0,0,0
"439","1","2026092","20260907","20260911","60","2",0,0,0,0,0
"440","1","2026092","20260907","20260911","11","1",0,0,0,0,0
"440","1","2026092","20260907","20260911","11","2",0,0,0,0,0
"440","1","2026092","20260907","20260911","21","1",0,0,0,0,0
"440","1","2026092","20260907","20260911","21","2",0,0,0,0,0
"440","1","2026092","20260907","20260911","22","1",0,0,0,0,0
"440","1","2026092","20260907","20260911","22","2",0,0,0,0,0
"440","1","2026092","20260907","20260911","23","1",0,0,0,0,0
"440","1","2026092","20260907","20260911","23","2",0,0,0,0,0
"440","1","2026092","20260907","20260911","24","1",0,0,0,0,0
"440","1","2026092","20260907","20260911","24","2",0,0,0,0,0
"440","1","2026092","20260907","20260911","31","1",0,0,0,0,0
"440","1","2026092","20260907","20260911","31","2",0,0,0,0,0
"440","1","2026092","20260907","20260911","32","1",0,0,0,0,0
"440","1","2026092","20260907","20260911","32","2",0,0,0,0,0
"440","1","2026092","20260907","20260911","33","1",0,0,0,0,0
"440","1","2026092","20260907","20260911","33","2",0,0,0,0,0
"440","1","2026092","20260907","20260911","41","1",0,0,0,0,0
"440","1","2026092","20260907","20260911","41","2",0,0,0,0,0
"440","1","2026092","20260907","20260911","51","1",0,0,0,0,0
"440","1","2026092","20260907","20260911","51","2",0,0,0,0,0
"440","1","2026092","20260907","20260911","60","1",0,0,0,0,0
"440","1","2026092","20260907","20260911","60","2",0,0,0,0,0
"441","1","2026092","20260907","20260911","11","1",0,0,0,0,0
"441","1","2026092","20260907","20260911","11","2",0,0,0,0,0
"441","1","2026092","20260907","20260911","21","1",0,0,0,0,0
"441","1","2026092","20260907","20260911","21","2",0,0,0,0,0
"441","1","2026092","20260907","20260911","22","1",0,0,0,0,0
"441","1","2026092","20260907","20260911","22","2",0,0,0,0,0
"441","1","2026092","20260907","20260911","23","1",0,0,0,0,0
"441","1","2026092","20260907","20260911","23","2",0,0,0,0,0
"441","1","2026092","20260907","20260911","24","1",0,0,0,0,0
"441","1","2026092","20260907","20260911","24","2",0,0,0,0,0
"441","1","2026092","20260907","20260911","31","1",0,0,0,0,0
"441","1","2026092","20260907","20260911","31","2",0,0,0,0,0
"441","1","2026092","20260907","20260911","32","1",0,0,0,0,0
"441","1","2026092","20260907","20260911","32","2",0,0,0,0,0
"441","1","2026092","20260907","20260911","33","1",0,0,0,0,0
"441","1","2026092","20260907","20260911","33","2",0,0,0,0,0
"441","1","2026092","20260907","20260911","41","1",0,0,0,0,0
"441","1","2026092","20260907","20260911","41","2",0,0,0,0,0
"441","1","2026092","20260907","20260911","51","1",0,0,0,0,0
"441","1","2026092","20260907","20260911","51","2",0,0,0,0,0
"441","1","2026092","20260907","20260911","60","1",0,0,0,0,0
"441","1","2026092","20260907","20260911","60","2",0,0,0,0,0
"442","1","2026092","20260907","20260911","11","1",0,0,0,0,0
"442","1","2026092","20260907","20260911","11","2",0,0,0,0,0
"442","1","2026092","20260907","20260911","21","1",0,0,0,0,0
"442","1","2026092","20260907","20260911","21","2",0,0,0,0,0
"442","1","2026092","20260907","20260911","22","1",0,0,0,0,0
"442","1","2026092","20260907","20260911","22","2",0,0,0,0,0
"442","1","2026092","20260907","20260911","23","1",0,0,0,0,0
"442","1","2026092","20260907","20260911","23","2",0,0,0,0,0
"442","1","2026092","20260907","20260911","24","1",0,0,0,0,0
"442","1","2026092","20260907","20260911","24","2",0,0,0,0,0
"442","1","2026092","20260907","20260911","31","1",0,0,0,0,0
"442","1","2026092","20260907","20260911","31","2",0,0,0,0,0
"442","1","2026092","20260907","20260911","32","1",0,0,0,0,0
"442","1","2026092","20260907","20260911","32","2",0,0,0,0,0
"442","1","2026092","20260907","20260911","33","1",0,0,0,0,0
"442","1","2026092","20260907","20260911","33","2",0,0,0,0,0
"442","1","2026092","20260907","20260911","41","1",0,0,0,0,0
"442","1","2026092","20260907","20260911","41","2",0,0,0,0,0
"442","1","2026092","20260907","20260911","51","1",0,0,0,0,0
"442","1","2026092","20260907","20260911","51","2",0,0,0,0,0
"442","1","2026092","20260907","20260911","60","1",0,0,0,0,0
"442","1","2026092","20260907","20260911","60","2",0,0,0,0,0
"321","1","2026092","20260907","20260911","11","1",27,0,140,113,167
"321","1","2026092","20260907","20260911","11","2",5930000,0,33110000,27180000,39040000
"321","1","2026092","20260907","20260911","21","1",0,0,0,0,0
"321","1","2026092","20260907","20260911","21","2",0,0,0,0,0
"321","1","2026092","20260907","20260911","22","1",0,0,0,0,0
"321","1","2026092","20260907","20260911","22","2",0,0,0,0,0
"321","1","2026092","20260907","20260911","23","1",9,0,17,8,26
"321","1","2026092","20260907","20260911","23","2",1080000,-230000,850000,0,1930000
"321","1","2026092","20260907","20260911","24","1",0,0,0,0,0
"321","1","2026092","20260907","20260911","24","2",0,0,0,0,0
"321","1","2026092","20260907","20260911","31","1",80,-80,0,0,80
"321","1","2026092","20260907","20260911","31","2",3400000,-3400000,0,0,3400000
"321","1","2026092","20260907","20260911","32","1",0,0,125,125,125
"321","1","2026092","20260907","20260911","32","2",0,0,2550000,2550000,2550000
"321","1","2026092","20260907","20260911","33","1",0,0,0,0,0
"321","1","2026092","20260907","20260911","33","2",0,0,0,0,0
"321","1","2026092","20260907","20260911","41","1",0,0,0,0,0
"321","1","2026092","20260907","20260911","41","2",0,0,0,0,0
"321","1","2026092","20260907","20260911","51","1",0,0,10,10,10
"321","1","2026092","20260907","20260911","51","2",0,0,100000,100000,100000
"321","1","2026092","20260907","20260911","60","1",391,-156,235,0,626
"321","1","2026092","20260907","20260911","60","2",45500000,-24010000,21490000,0,66990000
"322","1","2026092","20260907","20260911","11","1",237,-137,100,0,337
"322","1","2026092","20260907","20260911","11","2",39410000,-5760000,33650000,0,73060000
"322","1","2026092","20260907","20260911","21","1",0,0,0,0,0
"322","1","2026092","20260907","20260911","21","2",0,0,0,0,0
"322","1","2026092","20260907","20260911","22","1",0,0,0,0,0
"322","1","2026092","20260907","20260911","22","2",0,0,0,0,0
"322","1","2026092","20260907","20260911","23","1",5,-5,0,0,5
"322","1","2026092","20260907","20260911","23","2",600000,-600000,0,0,600000
"322","1","2026092","20260907","20260911","24","1",0,0,0,0,0
"322","1","2026092","20260907","20260911","24","2",0,0,0,0,0
"322","1","2026092","20260907","20260911","31","1",30,-30,0,0,30
"322","1","2026092","20260907","20260911","31","2",1800000,-1800000,0,0,1800000
"322","1","2026092","20260907","20260911","32","1",0,0,3,3,3
"322","1","2026092","20260907","20260911","32","2",0,0,480000,480000,480000
"322","1","2026092","20260907","20260911","33","1",0,0,0,0,0
"322","1","2026092","20260907","20260911","33","2",0,0,0,0,0
"322","1","2026092","20260907","20260911","41","1",0,0,0,0,0
"322","1","2026092","20260907","20260911","41","2",0,0,0,0,0
"322","1","2026092","20260907","20260911","51","1",0,0,0,0,0
"322","1","2026092","20260907","20260911","51","2",0,0,0,0,0
"322","1","2026092","20260907","20260911","60","1",505,0,770,265,1275
"322","1","2026092","20260907","20260911","60","2",41570000,0,64650000,23080000,106220000
"307","1","2026092","20260907","20260911","11","1",24350,0,34723,10373,59073
"307","1","2026092","20260907","20260911","11","2",203957500,-157269490,46688010,0,250645510
"307","1","2026092","20260907","20260911","21","1",0,0,0,0,0
"307","1","2026092","20260907","20260911","21","2",0,0,0,0,0
"307","1","2026092","20260907","20260911","22","1",0,0,0,0,0
"307","1","2026092","20260907","20260911","22","2",0,0,0,0,0
"307","1","2026092","20260907","20260911","23","1",0,0,0,0,0
"307","1","2026092","20260907","20260911","23","2",0,0,0,0,0
"307","1","2026092","20260907","20260911","24","1",0,0,0,0,0
"307","1","2026092","20260907","20260911","24","2",0,0,0,0,0
"307","1","2026092","20260907","20260911","31","1",0,0,0,0,0
"307","1","2026092","20260907","20260911","31","2",0,0,0,0,0
"307","1","2026092","20260907","20260911","32","1",1148,-1147,1,0,1149
"307","1","2026092","20260907","20260911","32","2",1929210,-1763210,166000,0,2095210
"307","1","2026092","20260907","20260911","33","1",0,0,0,0,0
"307","1","2026092","20260907","20260911","33","2",0,0,0,0,0
"307","1","2026092","20260907","20260911","41","1",0,0,0,0,0
"307","1","2026092","20260907","20260911","41","2",0,0,0,0,0
"307","1","2026092","20260907","20260911","51","1",2150,-1539,611,0,2761
"307","1","2026092","20260907","20260911","51","2",9277552,-7800688,1476864,0,10754416
"307","1","2026092","20260907","20260911","60","1",37470,-6078,31392,0,68862
"307","1","2026092","20260907","20260911","60","2",121946402,0,323123629,201177227,445070031
"308","1","2026092","20260907","20260911","11","1",10083,0,11773,1690,21856
"308","1","2026092","20260907","20260911","11","2",536548300,-331705460,204842840,0,741391140
"308","1","2026092","20260907","20260911","21","1",0,0,0,0,0
"308","1","2026092","20260907","20260911","21","2",0,0,0,0,0
"308","1","2026092","20260907","20260911","22","1",0,0,0,0,0
"308","1","2026092","20260907","20260911","22","2",0,0,0,0,0
"308","1","2026092","20260907","20260911","23","1",0,0,0,0,0
"308","1","2026092","20260907","20260911","23","2",0,0,0,0,0
"308","1","2026092","20260907","20260911","24","1",0,0,0,0,0
"308","1","2026092","20260907","20260911","24","2",0,0,0,0,0
"308","1","2026092","20260907","20260911","31","1",0,0,0,0,0
"308","1","2026092","20260907","20260911","31","2",0,0,0,0,0
"308","1","2026092","20260907","20260911","32","1",6126,0,10089,3963,16215
"308","1","2026092","20260907","20260911","32","2",10154900,-3451150,6703750,0,16858650
"308","1","2026092","20260907","20260911","33","1",0,0,0,0,0
"308","1","2026092","20260907","20260911","33","2",0,0,0,0,0
"308","1","2026092","20260907","20260911","41","1",0,0,0,0,0
"308","1","2026092","20260907","20260911","41","2",0,0,0,0,0
"308","1","2026092","20260907","20260911","51","1",1287,0,1562,275,2849
"308","1","2026092","20260907","20260911","51","2",4657542,-2930746,1726796,0,6384338
"308","1","2026092","20260907","20260911","60","1",24248,-5313,18935,0,43183
"308","1","2026092","20260907","20260911","60","2",240957069,0,580264898,339307829,821221967
"413","1","2026092","20260907","20260911","11","1",0,0,0,0,0
"413","1","2026092","20260907","20260911","11","2",0,0,0,0,0
"413","1","2026092","20260907","20260911","21","1",0,0,0,0,0
"413","1","2026092","20260907","20260911","21","2",0,0,0,0,0
"413","1","2026092","20260907","20260911","22","1",0,0,0,0,0
"413","1","2026092","20260907","20260911","22","2",0,0,0,0,0
"413","1","2026092","20260907","20260911","23","1",0,0,0,0,0
"413","1","2026092","20260907","20260911","23","2",0,0,0,0,0
"413","1","2026092","20260907","20260911","24","1",0,0,0,0,0
"413","1","2026092","20260907","20260911","24","2",0,0,0,0,0
"413","1","2026092","20260907","20260911","31","1",0,0,0,0,0
"413","1","2026092","20260907","20260911","31","2",0,0,0,0,0
"413","1","2026092","20260907","20260911","32","1",0,0,0,0,0
"413","1","2026092","20260907","20260911","32","2",0,0,0,0,0
"413","1","2026092","20260907","20260911","33","1",0,0,0,0,0
"413","1","2026092","20260907","20260911","33","2",0,0,0,0,0
"413","1","2026092","20260907","20260911","41","1",0,0,0,0,0
"413","1","2026092","20260907","20260911","41","2",0,0,0,0,0
"413","1","2026092","20260907","20260911","51","1",0,0,0,0,0
"413","1","2026092","20260907","20260911","51","2",0,0,0,0,0
"413","1","2026092","20260907","20260911","60","1",0,0,0,0,0
"413","1","2026092","20260907","20260911","60","2",0,0,0,0,0
"414","1","2026092","20260907","20260911","11","1",0,0,0,0,0
"414","1","2026092","20260907","20260911","11","2",0,0,0,0,0
"414","1","2026092","20260907","20260911","21","1",0,0,0,0,0
"414","1","2026092","20260907","20260911","21","2",0,0,0,0,0
"414","1","2026092","20260907","20260911","22","1",0,0,0,0,0
"414","1","2026092","20260907","20260911","22","2",0,0,0,0,0
"414","1","2026092","20260907","20260911","23","1",0,0,0,0,0
"414","1","2026092","20260907","20260911","23","2",0,0,0,0,0
"414","1","2026092","20260907","20260911","24","1",0,0,0,0,0
"414","1","2026092","20260907","20260911","24","2",0,0,0,0,0
"414","1","2026092","20260907","20260911","31","1",0,0,0,0,0
"414","1","2026092","20260907","20260911","31","2",0,0,0,0,0
"414","1","2026092","20260907","20260911","32","1",0,0,0,0,0
"414","1","2026092","20260907","20260911","32","2",0,0,0,0,0
"414","1","2026092","20260907","20260911","33","1",0,0,0,0,0
"414","1","2026092","20260907","20260911","33","2",0,0,0,0,0
"414","1","2026092","20260907","20260911","41","1",0,0,0,0,0
"414","1","2026092","20260907","20260911","41","2",0,0,0,0,0
"414","1","2026092","20260907","20260911","51","1",0,0,0,0,0
"414","1","2026092","20260907","20260911","51","2",0,0,0,0,0
"414","1","2026092","20260907","20260911","60","1",0,0,0,0,0
"414","1","2026092","20260907","20260911","60","2",0,0,0,0,0
